# Data generated with generateMultisineData.py script.
# TimeStep= 0.001 EndTime = 10.0 bias = 0.0 amplitude = 2.0
# frequencies = [0.2, 0.5, 0.9, 1.7, 2.8, 4.0]
# phases = [0.0, 1.1, 2.2, 0.7, 1.9, 2.8]
# time, data
0.000000000000000000e+00,1.574000769324455096e+00
1.000000000000000021e-03,1.564384268860858462e+00
2.000000000000000042e-03,1.554508723887566557e+00
3.000000000000000062e-03,1.544381174492770015e+00
4.000000000000000083e-03,1.534008753502683842e+00
5.000000000000000104e-03,1.523398682073244137e+00
6.000000000000000125e-03,1.512558265240641298e+00
7.000000000000000146e-03,1.501494887433426850e+00
8.000000000000000167e-03,1.490216007948957477e+00
9.000000000000001055e-03,1.478729156396958011e+00
1.000000000000000021e-02,1.467041928113003157e+00
1.099999999999999936e-02,1.455161979544729700e+00
1.200000000000000025e-02,1.443097023613608254e+00
1.300000000000000114e-02,1.430854825055105639e+00
1.400000000000000029e-02,1.418443195740099583e+00
1.499999999999999944e-02,1.405869989980384149e+00
1.600000000000000033e-02,1.393143099821144260e+00
1.700000000000000122e-02,1.380270450323254350e+00
1.800000000000000211e-02,1.367259994838278203e+00
1.899999999999999953e-02,1.354119710279036326e+00
2.000000000000000042e-02,1.340857592388607911e+00
2.100000000000000130e-02,1.327481651010640640e+00
2.199999999999999872e-02,1.313999905363829157e+00
2.299999999999999961e-02,1.300420379323408593e+00
2.400000000000000050e-02,1.286751096712529741e+00
2.500000000000000139e-02,1.273000076606334741e+00
2.600000000000000228e-02,1.259175328651577663e+00
2.699999999999999969e-02,1.245284848404589084e+00
2.800000000000000058e-02,1.231336612690395960e+00
2.900000000000000147e-02,1.217338574985771471e+00
2.999999999999999889e-02,1.203298660828982847e+00
3.099999999999999978e-02,1.189224763258979189e+00
3.200000000000000067e-02,1.175124738286741577e+00
3.300000000000000155e-02,1.161006400401499272e+00
3.400000000000000244e-02,1.146877518114475469e+00
3.500000000000000333e-02,1.132745809542825555e+00
3.600000000000000422e-02,1.118618938036370025e+00
3.699999999999999817e-02,1.104504507849722872e+00
3.799999999999999906e-02,1.090410059862370273e+00
3.899999999999999994e-02,1.076343067349222249e+00
4.000000000000000083e-02,1.062310931804128389e+00
4.100000000000000172e-02,1.048320978818815474e+00
4.200000000000000261e-02,1.034380454019654172e+00
4.300000000000000350e-02,1.020496519064645558e+00
4.399999999999999745e-02,1.006676247702954274e+00
4.499999999999999833e-02,9.929266218992817139e-01
4.599999999999999922e-02,9.792545280253477369e-01
4.700000000000000011e-02,9.656667531206649668e-01
4.800000000000000100e-02,9.521699812247852446e-01
4.900000000000000189e-02,9.387707897831245596e-01
5.000000000000000278e-02,9.254756461284292524e-01
5.100000000000000366e-02,9.122909040399125313e-01
5.200000000000000455e-02,8.992228003820061932e-01
5.299999999999999850e-02,8.862774518246565592e-01
5.399999999999999939e-02,8.734608516470180328e-01
5.500000000000000028e-02,8.607788666263485045e-01
5.600000000000000117e-02,8.482372340138574218e-01
5.700000000000000205e-02,8.358415585991996188e-01
5.800000000000000294e-02,8.235973098652488167e-01
5.900000000000000383e-02,8.115098192347293127e-01
5.999999999999999778e-02,7.995842774102268624e-01
6.099999999999999867e-02,7.878257318090261530e-01
6.199999999999999956e-02,7.762390840941817416e-01
6.300000000000000044e-02,7.648290878031522855e-01
6.400000000000000133e-02,7.536003460752661587e-01
6.500000000000000222e-02,7.425573094792355944e-01
6.600000000000000311e-02,7.317042739418530006e-01
6.700000000000000400e-02,7.210453787789548041e-01
6.800000000000000488e-02,7.105846048296662332e-01
6.900000000000000577e-02,7.003257726948730610e-01
7.000000000000000666e-02,6.902725410808012718e-01
7.100000000000000755e-02,6.804284052485215506e-01
7.200000000000000844e-02,6.707966955701227807e-01
7.299999999999999545e-02,6.613805761922345594e-01
7.399999999999999634e-02,6.521830438075094660e-01
7.499999999999999722e-02,6.432069265346096465e-01
7.599999999999999811e-02,6.344548829071662288e-01
7.699999999999999900e-02,6.259294009721217966e-01
7.799999999999999989e-02,6.176327974977866564e-01
7.900000000000000078e-02,6.095672172918789045e-01
8.000000000000000167e-02,6.017346326297429160e-01
8.100000000000000255e-02,5.941368427928720441e-01
8.200000000000000344e-02,5.867754737177990343e-01
8.300000000000000433e-02,5.796519777553326147e-01
8.400000000000000522e-02,5.727676335400720964e-01
8.500000000000000611e-02,5.661235459700371120e-01
8.600000000000000699e-02,5.597206462962015516e-01
8.700000000000000788e-02,5.535596923216421494e-01
8.799999999999999489e-02,5.476412687099397880e-01
8.899999999999999578e-02,5.419657874024156330e-01
8.999999999999999667e-02,5.365334881437052728e-01
9.099999999999999756e-02,5.313444391151103119e-01
9.199999999999999845e-02,5.263985376750991430e-01
9.299999999999999933e-02,5.216955112062653388e-01
9.400000000000000022e-02,5.172349180679801650e-01
9.500000000000000111e-02,5.130161486539134286e-01
9.600000000000000200e-02,5.090384265535311537e-01
9.700000000000000289e-02,5.053008098166175133e-01
9.800000000000000377e-02,5.018021923197959477e-01
9.900000000000000466e-02,4.985413052339710549e-01
1.000000000000000056e-01,4.955167185915449468e-01
1.010000000000000064e-01,4.927268429522040916e-01
1.020000000000000073e-01,4.901699311660023817e-01
1.030000000000000082e-01,4.878440802324269798e-01
1.040000000000000091e-01,4.857472332540444526e-01
1.049999999999999961e-01,4.838771814832986129e-01
1.059999999999999970e-01,4.822315664609496122e-01
1.069999999999999979e-01,4.808078822446043565e-01
1.079999999999999988e-01,4.796034777257205395e-01
1.089999999999999997e-01,4.786155590334230103e-01
1.100000000000000006e-01,4.778411920234135191e-01
1.110000000000000014e-01,4.772773048502056414e-01
1.120000000000000023e-01,4.769206906208587893e-01
1.130000000000000032e-01,4.767680101283505723e-01
1.140000000000000041e-01,4.768157946626633281e-01
1.150000000000000050e-01,4.770604488976248336e-01
1.160000000000000059e-01,4.774982538514911390e-01
1.170000000000000068e-01,4.781253699192204998e-01
1.180000000000000077e-01,4.789378399743409176e-01
1.190000000000000085e-01,4.799315925382713899e-01
1.199999999999999956e-01,4.811024450149261056e-01
1.209999999999999964e-01,4.824461069883774766e-01
1.219999999999999973e-01,4.839581835813293043e-01
1.229999999999999982e-01,4.856341788721139641e-01
1.239999999999999991e-01,4.874694993678812538e-01
1.250000000000000000e-01,4.894594575316386642e-01
1.260000000000000009e-01,4.915992753607384413e-01
1.270000000000000018e-01,4.938840880144102496e-01
1.280000000000000027e-01,4.963089474878931151e-01
1.290000000000000036e-01,4.988688263306814696e-01
1.300000000000000044e-01,5.015586214064201576e-01
1.310000000000000053e-01,5.043731576918949466e-01
1.320000000000000062e-01,5.073071921126098838e-01
1.330000000000000071e-01,5.103554174123708931e-01
1.340000000000000080e-01,5.135124660543087804e-01
1.350000000000000089e-01,5.167729141507465540e-01
1.360000000000000098e-01,5.201312854192956525e-01
1.370000000000000107e-01,5.235820551625683938e-01
1.380000000000000115e-01,5.271196542688652009e-01
1.390000000000000124e-01,5.307384732311961617e-01
1.400000000000000133e-01,5.344328661819875981e-01
1.410000000000000142e-01,5.381971549408136601e-01
1.420000000000000151e-01,5.420256330724867455e-01
1.430000000000000160e-01,5.459125699528512010e-01
1.440000000000000169e-01,5.498522148396034481e-01
1.449999999999999900e-01,5.538388009454765504e-01
1.459999999999999909e-01,5.578665495111277961e-01
1.469999999999999918e-01,5.619296738750640952e-01
1.479999999999999927e-01,5.660223835379548651e-01
1.489999999999999936e-01,5.701388882186811946e-01
1.499999999999999944e-01,5.742734018994899436e-01
1.509999999999999953e-01,5.784201468576133376e-01
1.519999999999999962e-01,5.825733576807531344e-01
1.529999999999999971e-01,5.867272852638165670e-01
1.539999999999999980e-01,5.908762007843246788e-01
1.549999999999999989e-01,5.950143996539225544e-01
1.559999999999999998e-01,5.991362054434443696e-01
1.570000000000000007e-01,6.032359737789992904e-01
1.580000000000000016e-01,6.073080962065787736e-01
1.590000000000000024e-01,6.113470040227000357e-01
1.600000000000000033e-01,6.153471720686214397e-01
1.610000000000000042e-01,6.193031224857127315e-01
1.620000000000000051e-01,6.232094284295657260e-01
1.630000000000000060e-01,6.270607177404796673e-01
1.640000000000000069e-01,6.308516765679813565e-01
1.650000000000000078e-01,6.345770529470677879e-01
1.660000000000000087e-01,6.382316603239014396e-01
1.670000000000000095e-01,6.418103810287236755e-01
1.680000000000000104e-01,6.453081696937778000e-01
1.690000000000000113e-01,6.487200566140884916e-01
1.700000000000000122e-01,6.520411510489738660e-01
1.710000000000000131e-01,6.552666444622062825e-01
1.720000000000000140e-01,6.583918136987911840e-01
1.730000000000000149e-01,6.614120240963649033e-01
1.740000000000000158e-01,6.643227325292638819e-01
1.750000000000000167e-01,6.671194903833702616e-01
1.759999999999999898e-01,6.697979464598661226e-01
1.769999999999999907e-01,6.723538498061066848e-01
1.779999999999999916e-01,6.747830524718411160e-01
1.789999999999999925e-01,6.770815121890902955e-01
1.799999999999999933e-01,6.792452949740206414e-01
1.809999999999999942e-01,6.812705776492121723e-01
1.819999999999999951e-01,6.831536502847873615e-01
1.829999999999999960e-01,6.848909185568932134e-01
1.839999999999999969e-01,6.864789060221169192e-01
1.849999999999999978e-01,6.879142563064496452e-01
1.859999999999999987e-01,6.891937352074761769e-01
1.869999999999999996e-01,6.903142327085401986e-01
1.880000000000000004e-01,6.912727649036652933e-01
1.890000000000000013e-01,6.920664758321026788e-01
1.900000000000000022e-01,6.926926392214232120e-01
1.910000000000000031e-01,6.931486601381212642e-01
1.920000000000000040e-01,6.934320765447867796e-01
1.930000000000000049e-01,6.935405607629405722e-01
1.940000000000000058e-01,6.934719208406980862e-01
1.950000000000000067e-01,6.932241018245008934e-01
1.960000000000000075e-01,6.927951869342005020e-01
1.970000000000000084e-01,6.921833986408602035e-01
1.980000000000000093e-01,6.913870996466938701e-01
1.990000000000000102e-01,6.904047937666333290e-01
2.000000000000000111e-01,6.892351267110768953e-01
2.010000000000000120e-01,6.878768867694354805e-01
2.020000000000000129e-01,6.863290053941719648e-01
2.030000000000000138e-01,6.845905576850682683e-01
2.040000000000000147e-01,6.826607627735559181e-01
2.050000000000000155e-01,6.805389841069783285e-01
2.060000000000000164e-01,6.782247296327419406e-01
2.070000000000000173e-01,6.757176518823749811e-01
2.080000000000000182e-01,6.730175479555654539e-01
2.089999999999999913e-01,6.701243594043344576e-01
2.099999999999999922e-01,6.670381720175602158e-01
2.109999999999999931e-01,6.637592155061212695e-01
2.119999999999999940e-01,6.602878630890165468e-01
2.129999999999999949e-01,6.566246309808611015e-01
2.139999999999999958e-01,6.527701777812462414e-01
2.149999999999999967e-01,6.487253037664846289e-01
2.159999999999999976e-01,6.444909500843598593e-01
2.169999999999999984e-01,6.400681978525439852e-01
2.179999999999999993e-01,6.354582671614026346e-01
2.190000000000000002e-01,6.306625159820028470e-01
2.200000000000000011e-01,6.256824389801497466e-01
2.210000000000000020e-01,6.205196662373979599e-01
2.220000000000000029e-01,6.151759618799940155e-01
2.230000000000000038e-01,6.096532226167954427e-01
2.240000000000000047e-01,6.039534761872684676e-01
2.250000000000000056e-01,5.980788797207118312e-01
2.260000000000000064e-01,5.920317180079246455e-01
2.270000000000000073e-01,5.858144016865894921e-01
2.280000000000000082e-01,5.794294653417007002e-01
2.290000000000000091e-01,5.728795655224107053e-01
2.300000000000000100e-01,5.661674786767482148e-01
2.310000000000000109e-01,5.592960990056802251e-01
2.320000000000000118e-01,5.522684362380781975e-01
2.330000000000000127e-01,5.450876133281661318e-01
2.340000000000000135e-01,5.377568640771093200e-01
2.350000000000000144e-01,5.302795306804340969e-01
2.360000000000000153e-01,5.226590612030102001e-01
2.370000000000000162e-01,5.148990069834091798e-01
2.380000000000000171e-01,5.070030199694341988e-01
2.390000000000000180e-01,4.989748499867517340e-01
2.399999999999999911e-01,4.908183419424994032e-01
2.409999999999999920e-01,4.825374329658616568e-01
2.419999999999999929e-01,4.741361494876237814e-01
2.429999999999999938e-01,4.656186042607118880e-01
2.439999999999999947e-01,4.569889933238545643e-01
2.449999999999999956e-01,4.482515929104351482e-01
2.459999999999999964e-01,4.394107563047244813e-01
2.469999999999999973e-01,4.304709106476647951e-01
2.479999999999999982e-01,4.214365536944257307e-01
2.489999999999999991e-01,4.123122505259907422e-01
2.500000000000000000e-01,4.031026302170445108e-01
2.510000000000000009e-01,3.938123824624895630e-01
2.520000000000000018e-01,3.844462541648879239e-01
2.530000000000000027e-01,3.750090459852413738e-01
2.540000000000000036e-01,3.655056088594343389e-01
2.550000000000000044e-01,3.559408404827926198e-01
2.560000000000000053e-01,3.463196817651535975e-01
2.570000000000000062e-01,3.366471132588980120e-01
2.580000000000000071e-01,3.269281515624042900e-01
2.590000000000000080e-01,3.171678457014014407e-01
2.600000000000000089e-01,3.073712734907038668e-01
2.610000000000000098e-01,2.975435378788238716e-01
2.620000000000000107e-01,2.876897632779977232e-01
2.630000000000000115e-01,2.778150918820984083e-01
2.640000000000000124e-01,2.679246799750155672e-01
2.650000000000000133e-01,2.580236942319837912e-01
2.660000000000000142e-01,2.481173080164282840e-01
2.670000000000000151e-01,2.382106976748510907e-01
2.680000000000000160e-01,2.283090388322913944e-01
2.690000000000000169e-01,2.184175026909123407e-01
2.700000000000000178e-01,2.085412523342204116e-01
2.710000000000000187e-01,1.986854390394756642e-01
2.720000000000000195e-01,1.888551986007838968e-01
2.730000000000000204e-01,1.790556476654163176e-01
2.740000000000000213e-01,1.692918800858308481e-01
2.750000000000000222e-01,1.595689632899054966e-01
2.760000000000000231e-01,1.498919346718634305e-01
2.770000000000000240e-01,1.402657980063365950e-01
2.780000000000000249e-01,1.306955198880473679e-01
2.790000000000000258e-01,1.211860261995062193e-01
2.800000000000000266e-01,1.117421986091642200e-01
2.810000000000000275e-01,1.023688711023901660e-01
2.820000000000000284e-01,9.307082654765501395e-02
2.830000000000000293e-01,8.385279330025760536e-02
2.840000000000000302e-01,7.471944184591922111e-02
2.850000000000000311e-01,6.567538148652560248e-02
2.860000000000000320e-01,5.672515707028594201e-02
2.870000000000000329e-01,4.787324576855487429e-02
2.880000000000000338e-01,3.912405390147340872e-02
2.889999999999999791e-01,3.048191381466023447e-02
2.899999999999999800e-01,2.195108080902441125e-02
2.909999999999999809e-01,1.353573012583741790e-02
2.919999999999999818e-01,5.239953989111445845e-03
2.929999999999999827e-01,-2.932241292709100808e-03
2.939999999999999836e-01,-1.097693816373483157e-02
2.949999999999999845e-01,-1.889031059438190177e-02
2.959999999999999853e-01,-2.666862678997677580e-02
2.969999999999999862e-01,-3.430825183236486942e-02
2.979999999999999871e-01,-4.180565025271606311e-02
2.989999999999999880e-01,-4.915738853375993533e-02
2.999999999999999889e-01,-5.636013753974954826e-02
3.009999999999999898e-01,-6.341067487246421219e-02
3.019999999999999907e-01,-7.030588715167006286e-02
3.029999999999999916e-01,-7.704277221842986689e-02
3.039999999999999925e-01,-8.361844125978733222e-02
3.049999999999999933e-01,-9.003012085333968184e-02
3.059999999999999942e-01,-9.627515493030035232e-02
3.069999999999999951e-01,-1.023510066557014875e-01
3.079999999999999960e-01,-1.082552602244265527e-01
3.089999999999999969e-01,-1.139856225718529070e-01
3.099999999999999978e-01,-1.195399249978941619e-01
3.109999999999999987e-01,-1.249161247033406807e-01
3.119999999999999996e-01,-1.301123062374166806e-01
3.130000000000000004e-01,-1.351266828555476029e-01
3.140000000000000013e-01,-1.399575977863965481e-01
3.150000000000000022e-01,-1.446035254072769727e-01
3.160000000000000031e-01,-1.490630723271176850e-01
3.170000000000000040e-01,-1.533349783762143204e-01
3.180000000000000049e-01,-1.574181175020719081e-01
3.190000000000000058e-01,-1.613114985706922133e-01
3.200000000000000067e-01,-1.650142660727363375e-01
3.210000000000000075e-01,-1.685257007340472124e-01
3.220000000000000084e-01,-1.718452200300873978e-01
3.230000000000000093e-01,-1.749723786039066031e-01
3.240000000000000102e-01,-1.779068685873191891e-01
3.250000000000000111e-01,-1.806485198250430135e-01
3.260000000000000120e-01,-1.831973000016037800e-01
3.270000000000000129e-01,-1.855533146708876202e-01
3.280000000000000138e-01,-1.877168071882743539e-01
3.290000000000000147e-01,-1.896881585453713548e-01
3.300000000000000155e-01,-1.914678871074049216e-01
3.310000000000000164e-01,-1.930566482534185335e-01
3.320000000000000173e-01,-1.944552339194731971e-01
3.330000000000000182e-01,-1.956645720451205828e-01
3.340000000000000191e-01,-1.966857259234784105e-01
3.350000000000000200e-01,-1.975198934553095420e-01
3.360000000000000209e-01,-1.981684063075594693e-01
3.370000000000000218e-01,-1.986327289768867743e-01
3.380000000000000226e-01,-1.989144577587659835e-01
3.390000000000000235e-01,-1.990153196228251764e-01
3.400000000000000244e-01,-1.989371709951244516e-01
3.410000000000000253e-01,-1.986819964481658651e-01
3.420000000000000262e-01,-1.982519072994617937e-01
3.430000000000000271e-01,-1.976491401195762387e-01
3.440000000000000280e-01,-1.968760551505969181e-01
3.450000000000000289e-01,-1.959351346360552193e-01
3.460000000000000298e-01,-1.948289810633953567e-01
3.470000000000000306e-01,-1.935603153201117810e-01
3.480000000000000315e-01,-1.921319747647806386e-01
3.490000000000000324e-01,-1.905469112142182397e-01
3.500000000000000333e-01,-1.888081888481046855e-01
3.510000000000000342e-01,-1.869189820324256290e-01
3.519999999999999796e-01,-1.848825730631704356e-01
3.529999999999999805e-01,-1.827023498317612016e-01
3.539999999999999813e-01,-1.803818034137489867e-01
3.549999999999999822e-01,-1.779245255823526106e-01
3.559999999999999831e-01,-1.753342062484984643e-01
3.569999999999999840e-01,-1.726146308290202880e-01
3.579999999999999849e-01,-1.697696775447835871e-01
3.589999999999999858e-01,-1.668033146504879216e-01
3.599999999999999867e-01,-1.637195975980104412e-01
3.609999999999999876e-01,-1.605226661351333017e-01
3.619999999999999885e-01,-1.572167413416091231e-01
3.629999999999999893e-01,-1.538061226044927787e-01
3.639999999999999902e-01,-1.502951845347766657e-01
3.649999999999999911e-01,-1.466883738273598858e-01
3.659999999999999920e-01,-1.429902060664279828e-01
3.669999999999999929e-01,-1.392052624783965686e-01
3.679999999999999938e-01,-1.353381866345343132e-01
3.689999999999999947e-01,-1.313936811055096132e-01
3.699999999999999956e-01,-1.273765040700420292e-01
3.709999999999999964e-01,-1.232914658799630220e-01
3.719999999999999973e-01,-1.191434255839379230e-01
3.729999999999999982e-01,-1.149372874121982885e-01
3.739999999999999991e-01,-1.106779972246267757e-01
3.750000000000000000e-01,-1.063705389245520883e-01
3.760000000000000009e-01,-1.020199308406885136e-01
3.770000000000000018e-01,-9.763122207960012178e-02
3.780000000000000027e-01,-9.320948885118005012e-02
3.790000000000000036e-01,-8.875983076956098228e-02
3.800000000000000044e-01,-8.428736713199092012e-02
3.810000000000000053e-01,-7.979723317812539851e-02
3.820000000000000062e-01,-7.529457633228832381e-02
3.830000000000000071e-01,-7.078455243121534179e-02
3.840000000000000080e-01,-6.627232193980883701e-02
3.850000000000000089e-01,-6.176304615748476334e-02
3.860000000000000098e-01,-5.726188341763349676e-02
3.870000000000000107e-01,-5.277398528280353995e-02
3.880000000000000115e-01,-4.830449273813174071e-02
3.890000000000000124e-01,-4.385853238564777629e-02
3.900000000000000133e-01,-3.944121264197489318e-02
3.910000000000000142e-01,-3.505761994205160853e-02
3.920000000000000151e-01,-3.071281495142846180e-02
3.930000000000000160e-01,-2.641182878970083428e-02
3.940000000000000169e-01,-2.215965926767941852e-02
3.950000000000000178e-01,-1.796126714082142001e-02
3.960000000000000187e-01,-1.382157238150949138e-02
3.970000000000000195e-01,-9.745450472690205673e-03
3.980000000000000204e-01,-5.737728725440946996e-03
3.990000000000000213e-01,-1.803182622939190427e-03
4.000000000000000222e-01,2.053467806621979939e-03
4.010000000000000231e-01,5.827561585698639961e-03
4.020000000000000240e-01,9.514500349195705725e-03
4.030000000000000249e-01,1.310975186990158067e-02
4.040000000000000258e-01,1.660885354518578175e-02
4.050000000000000266e-01,2.000741584250415733e-02
4.060000000000000275e-01,2.330112570137277822e-02
4.070000000000000284e-01,2.648574988942103275e-02
4.080000000000000293e-01,2.955713831022896421e-02
4.090000000000000302e-01,3.251122726062259660e-02
4.100000000000000311e-01,3.534404263517326034e-02
4.110000000000000320e-01,3.805170307567954519e-02
4.120000000000000329e-01,4.063042306339095106e-02
4.130000000000000338e-01,4.307651595186377108e-02
4.140000000000000346e-01,4.538639693825897992e-02
4.150000000000000355e-01,4.755658597104430590e-02
4.160000000000000364e-01,4.958371059200235992e-02
4.169999999999999818e-01,5.146450871057595827e-02
4.179999999999999827e-01,5.319583130854369651e-02
4.189999999999999836e-01,5.477464507312473918e-02
4.199999999999999845e-01,5.619803495662130388e-02
4.209999999999999853e-01,5.746320666076887296e-02
4.219999999999999862e-01,5.856748904399091543e-02
4.229999999999999871e-01,5.950833644984609982e-02
4.239999999999999880e-01,6.028333095494542437e-02
4.249999999999999889e-01,6.089018453473023923e-02
4.259999999999999898e-01,6.132674114548910399e-02
4.269999999999999907e-01,6.159097872112265920e-02
4.279999999999999916e-01,6.168101108312640246e-02
4.289999999999999925e-01,6.159508976240535977e-02
4.299999999999999933e-01,6.133160573152689199e-02
4.309999999999999942e-01,6.088909104610294026e-02
4.319999999999999951e-01,6.026622039405599152e-02
4.329999999999999960e-01,5.946181255155625484e-02
4.339999999999999969e-01,5.847483174450448379e-02
4.349999999999999978e-01,5.730438891447079547e-02
4.359999999999999987e-01,5.594974288808893248e-02
4.369999999999999996e-01,5.441030144893060916e-02
4.380000000000000004e-01,5.268562231098720267e-02
4.390000000000000013e-01,5.077541399291587987e-02
4.400000000000000022e-01,4.867953659228369673e-02
4.410000000000000031e-01,4.639800245912034660e-02
4.420000000000000040e-01,4.393097676812342256e-02
4.430000000000000049e-01,4.127877798895954881e-02
4.440000000000000058e-01,3.844187825414654286e-02
4.450000000000000067e-01,3.542090362407636361e-02
4.460000000000000075e-01,3.221663424880595594e-02
4.470000000000000084e-01,2.883000442630635415e-02
4.480000000000000093e-01,2.526210255692851875e-02
4.490000000000000102e-01,2.151417099391089022e-02
4.500000000000000111e-01,1.758760578982860451e-02
4.510000000000000120e-01,1.348395633893053128e-02
4.520000000000000129e-01,9.204924915406725860e-03
4.530000000000000138e-01,4.752366107670416041e-03
4.540000000000000147e-01,1.282861488233581488e-04
4.550000000000000155e-01,-4.665157856466314173e-03
4.560000000000000164e-01,-9.625658808378482686e-03
4.570000000000000173e-01,-1.475076059127879147e-02
4.580000000000000182e-01,-2.003785915555389083e-02
4.590000000000000191e-01,-2.548420370144100291e-02
4.600000000000000200e-01,-3.108689796428249982e-02
4.610000000000000209e-01,-3.684290160058532881e-02
4.620000000000000218e-01,-4.274903167417916372e-02
4.630000000000000226e-01,-4.880196424170726854e-02
4.640000000000000235e-01,-5.499823603662838678e-02
4.650000000000000244e-01,-6.133424625083785248e-02
4.660000000000000253e-01,-6.780625841293914935e-02
4.670000000000000262e-01,-7.441040236215686055e-02
4.680000000000000271e-01,-8.114267631680451009e-02
4.690000000000000280e-01,-8.799894903614559338e-02
4.700000000000000289e-01,-9.497496207447063410e-02
4.710000000000000298e-01,-1.020663321260833062e-01
4.720000000000000306e-01,-1.092685534598992758e-01
4.730000000000000315e-01,-1.165770004422447825e-01
4.740000000000000324e-01,-1.239869301464174844e-01
4.750000000000000333e-01,-1.314934850475010797e-01
4.760000000000000342e-01,-1.390916958008773519e-01
4.770000000000000351e-01,-1.467764841028020573e-01
4.780000000000000360e-01,-1.545426656313813318e-01
4.790000000000000369e-01,-1.623849530662306584e-01
4.799999999999999822e-01,-1.702979591850016794e-01
4.809999999999999831e-01,-1.782762000349883413e-01
4.819999999999999840e-01,-1.863140981778943217e-01
4.829999999999999849e-01,-1.944059860058393041e-01
4.839999999999999858e-01,-2.025461091266344826e-01
4.849999999999999867e-01,-2.107286298162740767e-01
4.859999999999999876e-01,-2.189476305365975761e-01
4.869999999999999885e-01,-2.271971175159697987e-01
4.879999999999999893e-01,-2.354710243908482159e-01
4.889999999999999902e-01,-2.437632159060106607e-01
4.899999999999999911e-01,-2.520674916711987956e-01
4.909999999999999920e-01,-2.603775899719132925e-01
4.919999999999999929e-01,-2.686871916320015541e-01
4.929999999999999938e-01,-2.769899239257203605e-01
4.939999999999999947e-01,-2.852793645368336128e-01
4.949999999999999956e-01,-2.935490455623663286e-01
4.959999999999999964e-01,-3.017924575584993718e-01
4.969999999999999973e-01,-3.100030536261725866e-01
4.979999999999999982e-01,-3.181742535338248912e-01
4.989999999999999991e-01,-3.262994478747537896e-01
5.000000000000000000e-01,-3.343720022565221384e-01
5.010000000000000009e-01,-3.423852615197865989e-01
5.020000000000000018e-01,-3.503325539839717839e-01
5.030000000000000027e-01,-3.582071957171029664e-01
5.040000000000000036e-01,-3.660024948271790035e-01
5.050000000000000044e-01,-3.737117557723654282e-01
5.060000000000000053e-01,-3.813282836873626014e-01
5.070000000000000062e-01,-3.888453887231915762e-01
5.080000000000000071e-01,-3.962563903977096014e-01
5.090000000000000080e-01,-4.035546219541189528e-01
5.100000000000000089e-01,-4.107334347247071360e-01
5.110000000000000098e-01,-4.177862024971083499e-01
5.120000000000000107e-01,-4.247063258802836749e-01
5.130000000000000115e-01,-4.314872366675159832e-01
5.140000000000000124e-01,-4.381224021936046542e-01
5.150000000000000133e-01,-4.446053296835489332e-01
5.160000000000000142e-01,-4.509295705899222795e-01
5.170000000000000151e-01,-4.570887249161989518e-01
5.180000000000000160e-01,-4.630764455232890819e-01
5.190000000000000169e-01,-4.688864424165043454e-01
5.200000000000000178e-01,-4.745124870102654935e-01
5.210000000000000187e-01,-4.799484163677676385e-01
5.220000000000000195e-01,-4.851881374129461411e-01
5.230000000000000204e-01,-4.902256311119830845e-01
5.240000000000000213e-01,-4.950549566217197217e-01
5.250000000000000222e-01,-4.996702554022665055e-01
5.260000000000000231e-01,-5.040657552911667061e-01
5.270000000000000240e-01,-5.082357745365051471e-01
5.280000000000000249e-01,-5.121747257863132896e-01
5.290000000000000258e-01,-5.158771200317197048e-01
5.300000000000000266e-01,-5.193375705012536203e-01
5.310000000000000275e-01,-5.225507965038003189e-01
5.320000000000000284e-01,-5.255116272176598713e-01
5.330000000000000293e-01,-5.282150054232795933e-01
5.340000000000000302e-01,-5.306559911771790983e-01
5.350000000000000311e-01,-5.328297654246635373e-01
5.360000000000000320e-01,-5.347316335489742389e-01
5.370000000000000329e-01,-5.363570288544879938e-01
5.380000000000000338e-01,-5.377015159817153389e-01
5.390000000000000346e-01,-5.387607942517861348e-01
5.400000000000000355e-01,-5.395307009382381835e-01
5.410000000000000364e-01,-5.400072144638906613e-01
5.420000000000000373e-01,-5.401864575207059316e-01
5.430000000000000382e-01,-5.400647001105085554e-01
5.440000000000000391e-01,-5.396383625045322319e-01
5.450000000000000400e-01,-5.389040181198103685e-01
5.460000000000000409e-01,-5.378583963104185406e-01
5.470000000000000417e-01,-5.364983850717198743e-01
5.480000000000000426e-01,-5.348210336557207567e-01
5.490000000000000435e-01,-5.328235550957705069e-01
5.500000000000000444e-01,-5.305033286388393110e-01
5.510000000000000453e-01,-5.278579020837123048e-01
5.520000000000000462e-01,-5.248849940234395772e-01
5.530000000000000471e-01,-5.215824959904969971e-01
5.540000000000000480e-01,-5.179484745031120996e-01
5.550000000000000488e-01,-5.139811730113178490e-01
5.560000000000000497e-01,-5.096790137413346189e-01
5.570000000000000506e-01,-5.050405994369318030e-01
5.580000000000000515e-01,-5.000647149965113947e-01
5.590000000000000524e-01,-4.947503290046841862e-01
5.600000000000000533e-01,-4.890965951572056603e-01
5.610000000000000542e-01,-4.831028535781760058e-01
5.620000000000000551e-01,-4.767686320284951762e-01
5.630000000000000560e-01,-4.700936470046113147e-01
5.640000000000000568e-01,-4.630778047266776443e-01
5.650000000000000577e-01,-4.557212020153049714e-01
5.660000000000000586e-01,-4.480241270561450828e-01
5.670000000000000595e-01,-4.399870600516351260e-01
5.680000000000000604e-01,-4.316106737592735887e-01
5.690000000000000613e-01,-4.228958339158931379e-01
5.700000000000000622e-01,-4.138435995474460394e-01
5.710000000000000631e-01,-4.044552231638955386e-01
5.720000000000000639e-01,-3.947321508388810241e-01
5.730000000000000648e-01,-3.846760221738838581e-01
5.740000000000000657e-01,-3.742886701467040833e-01
5.750000000000000666e-01,-3.635721208441181074e-01
5.760000000000000675e-01,-3.525285930786630773e-01
5.769999999999999574e-01,-3.411604978895697582e-01
5.779999999999999583e-01,-3.294704379279225770e-01
5.789999999999999591e-01,-3.174612067262227444e-01
5.799999999999999600e-01,-3.051357878525612355e-01
5.809999999999999609e-01,-2.924973539497225938e-01
5.819999999999999618e-01,-2.795492656595821024e-01
5.829999999999999627e-01,-2.662950704332413543e-01
5.839999999999999636e-01,-2.527385012274104281e-01
5.849999999999999645e-01,-2.388834750876378810e-01
5.859999999999999654e-01,-2.247340916190133375e-01
5.869999999999999662e-01,-2.102946313450928251e-01
5.879999999999999671e-01,-1.955695539558225948e-01
5.889999999999999680e-01,-1.805634964453240177e-01
5.899999999999999689e-01,-1.652812711404877677e-01
5.909999999999999698e-01,-1.497278636213385805e-01
5.919999999999999707e-01,-1.339084305342724823e-01
5.929999999999999716e-01,-1.178282972992712729e-01
5.939999999999999725e-01,-1.014929557123046971e-01
5.949999999999999734e-01,-8.490806144417886725e-02
5.959999999999999742e-01,-6.807943143715677881e-02
5.969999999999999751e-01,-5.101304120074526272e-02
5.979999999999999760e-01,-3.371502200809373129e-02
5.989999999999999769e-01,-1.619165799453895632e-02
5.999999999999999778e-01,1.550616840155072352e-03
6.009999999999999787e-01,1.950522172419351385e-02
6.019999999999999796e-01,3.766543229910959689e-02
6.029999999999999805e-01,5.602438389631895360e-02
6.039999999999999813e-01,7.457507490305523290e-02
6.049999999999999822e-01,9.331037021583540869e-02
6.059999999999999831e-01,1.122230047794973429e-01
6.069999999999999840e-01,1.313055872098708443e-01
6.079999999999999849e-01,1.505506034980093055e-01
6.089999999999999858e-01,1.699504207939411260e-01
6.099999999999999867e-01,1.894972912677684307e-01
6.109999999999999876e-01,2.091833560459635533e-01
6.119999999999999885e-01,2.290006492206023703e-01
6.129999999999999893e-01,2.489411019292841754e-01
6.139999999999999902e-01,2.689965465033990477e-01
6.149999999999999911e-01,2.891587206823779121e-01
6.159999999999999920e-01,3.094192718915331763e-01
6.169999999999999929e-01,3.297697615810069594e-01
6.179999999999999938e-01,3.502016696233850590e-01
6.189999999999999947e-01,3.707063987673958061e-01
6.199999999999999956e-01,3.912752791451871714e-01
6.209999999999999964e-01,4.118995728305278603e-01
6.219999999999999973e-01,4.325704784453531793e-01
6.229999999999999982e-01,4.532791358119526159e-01
6.239999999999999991e-01,4.740166306481238268e-01
6.250000000000000000e-01,4.947739993025802030e-01
6.260000000000000009e-01,5.155422335278317947e-01
6.270000000000000018e-01,5.363122852878104974e-01
6.280000000000000027e-01,5.570750715973952216e-01
6.290000000000000036e-01,5.778214793910654290e-01
6.300000000000000044e-01,5.985423704177914583e-01
6.310000000000000053e-01,6.192285861593614937e-01
6.320000000000000062e-01,6.398709527692210131e-01
6.330000000000000071e-01,6.604602860289627841e-01
6.340000000000000080e-01,6.809873963195692825e-01
6.350000000000000089e-01,7.014430936044671050e-01
6.360000000000000098e-01,7.218181924215057998e-01
6.370000000000000107e-01,7.421035168808921556e-01
6.380000000000000115e-01,7.622899056661867068e-01
6.390000000000000124e-01,7.823682170353730703e-01
6.400000000000000133e-01,8.023293338191045398e-01
6.410000000000000142e-01,8.221641684131412164e-01
6.420000000000000151e-01,8.418636677620694453e-01
6.430000000000000160e-01,8.614188183313326030e-01
6.440000000000000169e-01,8.808206510646718890e-01
6.450000000000000178e-01,9.000602463240157114e-01
6.460000000000000187e-01,9.191287388089139920e-01
6.470000000000000195e-01,9.380173224526122677e-01
6.480000000000000204e-01,9.567172552918458139e-01
6.490000000000000213e-01,9.752198643075004059e-01
6.500000000000000222e-01,9.935165502332340415e-01
6.510000000000000231e-01,1.011598792329242436e+00
6.520000000000000240e-01,1.029458153118303798e+00
6.530000000000000249e-01,1.047086283081317237e+00
6.540000000000000258e-01,1.064474925309527142e+00
6.550000000000000266e-01,1.081615920110669204e+00
6.560000000000000275e-01,1.098501209566312253e+00
6.570000000000000284e-01,1.115122842037654660e+00
6.580000000000000293e-01,1.131472976617134529e+00
6.590000000000000302e-01,1.147543887523144068e+00
6.600000000000000311e-01,1.163327968435289073e+00
6.610000000000000320e-01,1.178817736767552526e+00
6.620000000000000329e-01,1.194005837876854326e+00
6.630000000000000338e-01,1.208885049204459383e+00
6.640000000000000346e-01,1.223448284347787851e+00
6.650000000000000355e-01,1.237688597060171647e+00
6.660000000000000364e-01,1.251599185176168749e+00
6.670000000000000373e-01,1.265173394460101575e+00
6.680000000000000382e-01,1.278404722375484193e+00
6.690000000000000391e-01,1.291286821773114823e+00
6.700000000000000400e-01,1.303813504495585196e+00
6.710000000000000409e-01,1.315978744896078023e+00
6.720000000000000417e-01,1.327776683269310309e+00
6.730000000000000426e-01,1.339201629192588117e+00
6.740000000000000435e-01,1.350248064774940637e+00
6.750000000000000444e-01,1.360910647812393792e+00
6.760000000000000453e-01,1.371184214847482874e+00
6.770000000000000462e-01,1.381063784131147720e+00
6.780000000000000471e-01,1.390544558485249604e+00
6.790000000000000480e-01,1.399621928063952581e+00
6.800000000000000488e-01,1.408291473012332373e+00
6.810000000000000497e-01,1.416548966020578559e+00
6.820000000000000506e-01,1.424390374772264822e+00
6.830000000000000515e-01,1.431811864285195801e+00
6.840000000000000524e-01,1.438809799143411672e+00
6.850000000000000533e-01,1.445380745619001761e+00
6.860000000000000542e-01,1.451521473682428010e+00
6.870000000000000551e-01,1.457228958900145699e+00
6.880000000000000560e-01,1.462500384218354821e+00
6.890000000000000568e-01,1.467333141631806281e+00
6.900000000000000577e-01,1.471724833736623550e+00
6.910000000000000586e-01,1.475673275166210274e+00
6.920000000000000595e-01,1.479176493909338364e+00
6.930000000000000604e-01,1.482232732509622730e+00
6.940000000000000613e-01,1.484840449145630847e+00
6.950000000000000622e-01,1.486998318590957213e+00
6.960000000000000631e-01,1.488705233053668087e+00
6.970000000000000639e-01,1.489960302894575372e+00
6.980000000000000648e-01,1.490762857223904003e+00
6.990000000000000657e-01,1.491112444375948476e+00
7.000000000000000666e-01,1.491008832261424111e+00
7.010000000000000675e-01,1.490452008597261679e+00
7.020000000000000684e-01,1.489442181013688637e+00
7.030000000000000693e-01,1.487979777038501705e+00
7.039999999999999591e-01,1.486065443958512811e+00
7.049999999999999600e-01,1.483700048558220352e+00
7.059999999999999609e-01,1.480884676735833683e+00
7.069999999999999618e-01,1.477620632996852867e+00
7.079999999999999627e-01,1.473909439825476397e+00
7.089999999999999636e-01,1.469752836934174578e+00
7.099999999999999645e-01,1.465152780391867804e+00
7.109999999999999654e-01,1.460111441631170237e+00
7.119999999999999662e-01,1.454631206335291749e+00
7.129999999999999671e-01,1.448714673205212300e+00
7.139999999999999680e-01,1.442364652607839526e+00
7.149999999999999689e-01,1.435584165105937116e+00
7.159999999999999698e-01,1.428376439870649106e+00
7.169999999999999707e-01,1.420744912977560448e+00
7.179999999999999716e-01,1.412693225587261514e+00
7.189999999999999725e-01,1.404225222011486141e+00
7.199999999999999734e-01,1.395344947665931867e+00
7.209999999999999742e-01,1.386056646910968748e+00
7.219999999999999751e-01,1.376364760781477070e+00
7.229999999999999760e-01,1.366273924607157353e+00
7.239999999999999769e-01,1.355788965524675094e+00
7.249999999999999778e-01,1.344914899883117965e+00
7.259999999999999787e-01,1.333656930544269148e+00
7.269999999999999796e-01,1.322020444079269108e+00
7.279999999999999805e-01,1.310011007863329802e+00
7.289999999999999813e-01,1.297634367070160444e+00
7.299999999999999822e-01,1.284896441567919601e+00
7.309999999999999831e-01,1.271803322718454199e+00
7.319999999999999840e-01,1.258361270081751027e+00
7.329999999999999849e-01,1.244576708027499201e+00
7.339999999999999858e-01,1.230456222255761345e+00
7.349999999999999867e-01,1.216006556228808488e+00
7.359999999999999876e-01,1.201234607516176389e+00
7.369999999999999885e-01,1.186147424055130628e+00
7.379999999999999893e-01,1.170752200328699422e+00
7.389999999999999902e-01,1.155056273463543892e+00
7.399999999999999911e-01,1.139067119249927540e+00
7.409999999999999920e-01,1.122792348086157910e+00
7.419999999999999929e-01,1.106239700849838359e+00
7.429999999999999938e-01,1.089417044698389736e+00
7.439999999999999947e-01,1.072332368801295788e+00
7.449999999999999956e-01,1.054993780006556747e+00
7.459999999999999964e-01,1.037409498443930822e+00
7.469999999999999973e-01,1.019587853067507099e+00
7.479999999999999982e-01,1.001537277140265969e+00
7.489999999999999991e-01,9.832663036632244280e-01
7.500000000000000000e-01,9.647835607519115175e-01
7.510000000000000009e-01,9.460977669628187758e-01
7.520000000000000018e-01,9.272177265726229134e-01
7.530000000000000027e-01,9.081523248129225179e-01
7.540000000000000036e-01,8.889105230632646792e-01
7.550000000000000044e-01,8.695013540053376788e-01
7.560000000000000053e-01,8.499339167410885354e-01
7.570000000000000062e-01,8.302173718777078326e-01
7.580000000000000071e-01,8.103609365822845856e-01
7.590000000000000080e-01,7.903738796090949981e-01
7.600000000000000089e-01,7.702655163023721663e-01
7.610000000000000098e-01,7.500452035775337922e-01
7.620000000000000107e-01,7.297223348837740264e-01
7.630000000000000115e-01,7.093063351509603098e-01
7.640000000000000124e-01,6.888066557238143872e-01
7.650000000000000133e-01,6.682327692863045954e-01
7.660000000000000142e-01,6.475941647792430311e-01
7.670000000000000151e-01,6.269003423140252496e-01
7.680000000000000160e-01,6.061608080855145353e-01
7.690000000000000169e-01,5.853850692869838612e-01
7.700000000000000178e-01,5.645826290301377837e-01
7.710000000000000187e-01,5.437629812731340495e-01
7.720000000000000195e-01,5.229356057595596630e-01
7.730000000000000204e-01,5.021099629713308143e-01
7.740000000000000213e-01,4.812954890984075806e-01
7.750000000000000222e-01,4.605015910282950764e-01
7.760000000000000231e-01,4.397376413581867149e-01
7.770000000000000240e-01,4.190129734326954458e-01
7.780000000000000249e-01,3.983368764100015391e-01
7.790000000000000258e-01,3.777185903593062166e-01
7.800000000000000266e-01,3.571673013924165363e-01
7.810000000000000275e-01,3.366921368322607910e-01
7.820000000000000284e-01,3.163021604211626037e-01
7.830000000000000293e-01,2.960063675715876030e-01
7.840000000000000302e-01,2.758136806621533377e-01
7.850000000000000311e-01,2.557329443815614667e-01
7.860000000000000320e-01,2.357729211231684996e-01
7.870000000000000329e-01,2.159422864328078284e-01
7.880000000000000338e-01,1.962496245125144867e-01
7.890000000000000346e-01,1.767034237826750065e-01
7.900000000000000355e-01,1.573120725051982138e-01
7.910000000000000364e-01,1.380838544701727677e-01
7.920000000000000373e-01,1.190269447484647303e-01
7.930000000000000382e-01,1.001494055127205157e-01
7.940000000000000391e-01,8.145918192908584154e-02
7.950000000000000400e-01,6.296409812204403766e-02
7.960000000000000409e-01,4.467185321459292424e-02
7.970000000000000417e-01,2.659001744605107853e-02
7.980000000000000426e-01,8.726028369650832769e-03
7.990000000000000435e-01,-8.912812867921459520e-03
8.000000000000000444e-01,-2.631934516295370702e-02
8.010000000000000453e-01,-4.348655100507862331e-02
8.020000000000000462e-01,-6.040755993957388353e-02
8.030000000000000471e-01,-7.707565193970325468e-02
8.040000000000000480e-01,-9.348426068718201920e-02
8.050000000000000488e-01,-1.096269767589827943e-01
8.060000000000000497e-01,-1.254975507187071349e-01
8.070000000000000506e-01,-1.410898961108197347e-01
8.080000000000000515e-01,-1.563980923561235914e-01
8.090000000000000524e-01,-1.714163875468751319e-01
8.100000000000000533e-01,-1.861392011400417601e-01
8.110000000000000542e-01,-2.005611265472307114e-01
8.120000000000000551e-01,-2.146769336199176315e-01
8.130000000000000560e-01,-2.284815710286224877e-01
8.140000000000000568e-01,-2.419701685348100151e-01
8.150000000000000577e-01,-2.551380391542768522e-01
8.160000000000000586e-01,-2.679806812109309377e-01
8.170000000000000595e-01,-2.804937802798930790e-01
8.180000000000000604e-01,-2.926732110189024794e-01
8.190000000000000613e-01,-3.045150388871563085e-01
8.200000000000000622e-01,-3.160155217506686598e-01
8.210000000000000631e-01,-3.271711113734033782e-01
8.220000000000000639e-01,-3.379784547934448491e-01
8.230000000000000648e-01,-3.484343955835706441e-01
8.240000000000000657e-01,-3.585359749956400499e-01
8.250000000000000666e-01,-3.682804329883118677e-01
8.260000000000000675e-01,-3.776652091376345166e-01
8.270000000000000684e-01,-3.866879434301677687e-01
8.280000000000000693e-01,-3.953464769383315258e-01
8.290000000000000702e-01,-4.036388523777775794e-01
8.300000000000000711e-01,-4.115633145466118248e-01
8.310000000000000719e-01,-4.191183106464264618e-01
8.320000000000000728e-01,-4.263024904851101526e-01
8.329999999999999627e-01,-4.331147065615159608e-01
8.339999999999999636e-01,-4.395540140321315681e-01
8.349999999999999645e-01,-4.456196705599498320e-01
8.359999999999999654e-01,-4.513111360458353927e-01
8.369999999999999662e-01,-4.566280722427373262e-01
8.379999999999999671e-01,-4.615703422531672873e-01
8.389999999999999680e-01,-4.661380099104414088e-01
8.399999999999999689e-01,-4.703313390442610542e-01
8.409999999999999698e-01,-4.741507926312445997e-01
8.419999999999999707e-01,-4.775970318311396623e-01
8.429999999999999716e-01,-4.806709149094695599e-01
8.439999999999999725e-01,-4.833734960474631581e-01
8.449999999999999734e-01,-4.857060240401838147e-01
8.459999999999999742e-01,-4.876699408838138794e-01
8.469999999999999751e-01,-4.892668802531563443e-01
8.479999999999999760e-01,-4.904986658704545421e-01
8.489999999999999769e-01,-4.913673097666955703e-01
8.499999999999999778e-01,-4.918750104366442222e-01
8.509999999999999787e-01,-4.920241508889107718e-01
8.519999999999999796e-01,-4.918172965923954809e-01
8.529999999999999805e-01,-4.912571933205622798e-01
8.539999999999999813e-01,-4.903467648949960678e-01
8.549999999999999822e-01,-4.890891108298239254e-01
8.559999999999999831e-01,-4.874875038785601022e-01
8.569999999999999840e-01,-4.855453874850880758e-01
8.579999999999999849e-01,-4.832663731404411300e-01
8.589999999999999858e-01,-4.806542376471989453e-01
8.599999999999999867e-01,-4.777129202933120267e-01
8.609999999999999876e-01,-4.744465199372162045e-01
8.619999999999999885e-01,-4.708592920062115161e-01
8.629999999999999893e-01,-4.669556454100399767e-01
8.639999999999999902e-01,-4.627401393717351930e-01
8.649999999999999911e-01,-4.582174801777945117e-01
8.659999999999999920e-01,-4.533925178498262598e-01
8.669999999999999929e-01,-4.482702427398173595e-01
8.679999999999999938e-01,-4.428557820512667997e-01
8.689999999999999947e-01,-4.371543962884240631e-01
8.699999999999999956e-01,-4.311714756359318335e-01
8.709999999999999964e-01,-4.249125362712353748e-01
8.719999999999999973e-01,-4.183832166121011498e-01
8.729999999999999982e-01,-4.115892735017045445e-01
8.739999999999999991e-01,-4.045365783336836163e-01
8.750000000000000000e-01,-3.972311131196979983e-01
8.760000000000000009e-01,-3.896789665019572135e-01
8.770000000000000018e-01,-3.818863297133052725e-01
8.780000000000000027e-01,-3.738594924874146241e-01
8.790000000000000036e-01,-3.656048389216878802e-01
8.800000000000000044e-01,-3.571288432955208036e-01
8.810000000000000053e-01,-3.484380658465389136e-01
8.820000000000000062e-01,-3.395391485075244797e-01
8.830000000000000071e-01,-3.304388106066833974e-01
8.840000000000000080e-01,-3.211438445340131786e-01
8.850000000000000089e-01,-3.116611113764522489e-01
8.860000000000000098e-01,-3.019975365245958776e-01
8.870000000000000107e-01,-2.921601052537205478e-01
8.880000000000000115e-01,-2.821558582818787797e-01
8.890000000000000124e-01,-2.719918873078724375e-01
8.900000000000000133e-01,-2.616753305318617051e-01
8.910000000000000142e-01,-2.512133681614386327e-01
8.920000000000000151e-01,-2.406132179059311815e-01
8.930000000000000160e-01,-2.298821304617841843e-01
8.940000000000000169e-01,-2.190273849917768190e-01
8.950000000000000178e-01,-2.080562846009195166e-01
8.960000000000000187e-01,-1.969761518118241517e-01
8.970000000000000195e-01,-1.857943240423229336e-01
8.980000000000000204e-01,-1.745181490881753672e-01
8.990000000000000213e-01,-1.631549806135999536e-01
9.000000000000000222e-01,-1.517121736524568443e-01
9.010000000000000231e-01,-1.401970801228036856e-01
9.020000000000000240e-01,-1.286170443576167000e-01
9.030000000000000249e-01,-1.169793986543904707e-01
9.040000000000000258e-01,-1.052914588463543383e-01
9.050000000000000266e-01,-9.356051989801621172e-02
9.060000000000000275e-01,-8.179385152769640122e-02
9.070000000000000284e-01,-6.999869385975879266e-02
9.080000000000000293e-01,-5.818225310913848619e-02
9.090000000000000302e-01,-4.635169730082629863e-02
9.100000000000000311e-01,-3.451415202686989453e-02
9.110000000000000320e-01,-2.267669624348311180e-02
9.120000000000000329e-01,-1.084635811078661811e-02
9.130000000000000338e-01,9.698891223020325797e-04
9.140000000000000346e-01,1.276513118557384696e-02
9.150000000000000355e-01,2.453251680496324957e-02
9.160000000000000364e-01,3.626526166751986580e-02
9.170000000000000373e-01,4.795665233155847057e-02
9.180000000000000382e-01,5.960005007962390633e-02
9.190000000000000391e-01,7.118889471202152763e-02
9.200000000000000400e-01,8.271670827862062647e-02
9.210000000000000409e-01,9.417709874675748993e-02
9.220000000000000417e-01,1.055637636030492404e-01
9.230000000000000426e-01,1.168704933870089724e-01
9.240000000000000435e-01,1.280911751543886423e-01
9.250000000000000444e-01,1.392197958682157843e-01
9.260000000000000453e-01,1.502504457155638684e-01
9.270000000000000462e-01,1.611773213481026978e-01
9.280000000000000471e-01,1.719947290445819066e-01
9.290000000000000480e-01,1.826970877933946358e-01
9.300000000000000488e-01,1.932789322934750642e-01
9.310000000000000497e-01,2.037349158717948749e-01
9.320000000000000506e-01,2.140598133158110872e-01
9.330000000000000515e-01,2.242485236192487408e-01
9.340000000000000524e-01,2.342960726396835502e-01
9.350000000000000533e-01,2.441976156664192044e-01
9.360000000000000542e-01,2.539484398972453594e-01
9.370000000000000551e-01,2.635439668227001486e-01
9.380000000000000560e-01,2.729797545165209560e-01
9.390000000000000568e-01,2.822514998310496903e-01
9.400000000000000577e-01,2.913550404963914375e-01
9.410000000000000586e-01,3.002863571222181283e-01
9.420000000000000595e-01,3.090415751011497680e-01
9.430000000000000604e-01,3.176169664127191372e-01
9.440000000000000613e-01,3.260089513269950334e-01
9.450000000000000622e-01,3.342141000069972501e-01
9.460000000000000631e-01,3.422291340090940492e-01
9.470000000000000639e-01,3.500509276806716419e-01
9.480000000000000648e-01,3.576765094543869483e-01
9.490000000000000657e-01,3.651030630384203279e-01
9.500000000000000666e-01,3.723279285021862117e-01
9.510000000000000675e-01,3.793486032570441702e-01
9.520000000000000684e-01,3.861627429316105142e-01
9.530000000000000693e-01,3.927681621413417479e-01
9.540000000000000702e-01,3.991628351521318008e-01
9.550000000000000711e-01,4.053448964377254216e-01
9.560000000000000719e-01,4.113126411308373198e-01
9.570000000000000728e-01,4.170645253678920694e-01
9.580000000000000737e-01,4.225991665274350662e-01
9.590000000000000746e-01,4.279153433622651104e-01
9.599999999999999645e-01,4.330119960254501521e-01
9.609999999999999654e-01,4.378882259904389174e-01
9.619999999999999662e-01,4.425432958655604598e-01
9.629999999999999671e-01,4.469766291032379879e-01
9.639999999999999680e-01,4.511878096043698827e-01
9.649999999999999689e-01,4.551765812183396487e-01
9.659999999999999698e-01,4.589428471392076325e-01
9.669999999999999707e-01,4.624866691987137290e-01
9.679999999999999716e-01,4.658082670567569306e-01
9.689999999999999725e-01,4.689080172901187171e-01
9.699999999999999734e-01,4.717864523802213217e-01
9.709999999999999742e-01,4.744442596008183188e-01
9.719999999999999751e-01,4.768822798065335822e-01
9.729999999999999760e-01,4.791015061232797856e-01
9.739999999999999769e-01,4.811030825415794077e-01
9.749999999999999778e-01,4.828883024139554170e-01
9.759999999999999787e-01,4.844586068575516546e-01
9.769999999999999796e-01,4.858155830632243655e-01
9.779999999999999805e-01,4.869609625124306507e-01
9.789999999999999813e-01,4.878966191032437227e-01
9.799999999999999822e-01,4.886245671869445806e-01
9.809999999999999831e-01,4.891469595166326179e-01
9.819999999999999840e-01,4.894660851094120857e-01
9.829999999999999849e-01,4.895843670237083334e-01
9.839999999999999858e-01,4.895043600533784400e-01
9.849999999999999867e-01,4.892287483402738557e-01
9.859999999999999876e-01,4.887603429070052630e-01
9.869999999999999885e-01,4.881020791117092195e-01
9.879999999999999893e-01,4.872570140266163641e-01
9.889999999999999902e-01,4.862283237423424831e-01
9.899999999999999911e-01,4.850193005997920914e-01
9.909999999999999920e-01,4.836333503516795362e-01
9.919999999999999929e-01,4.820739892556499262e-01
9.929999999999999938e-01,4.803448411010801666e-01
9.939999999999999947e-01,4.784496341716520940e-01
9.949999999999999956e-01,4.763921981458086874e-01
9.959999999999999964e-01,4.741764609373152473e-01
9.969999999999999973e-01,4.718064454780685479e-01
9.979999999999999982e-01,4.692862664454692245e-01
9.989999999999999991e-01,4.666201269365673476e-01
1.000000000000000000e+00,4.638123150913474602e-01
1.001000000000000112e+00,4.608672006674385813e-01
1.002000000000000002e+00,4.577892315686653002e-01
1.003000000000000114e+00,4.545829303297890811e-01
1.004000000000000004e+00,4.512528905599012541e-01
1.005000000000000115e+00,4.478037733468703263e-01
1.006000000000000005e+00,4.442403036253468884e-01
1.007000000000000117e+00,4.405672665107868147e-01
1.008000000000000007e+00,4.367895036020006949e-01
1.009000000000000119e+00,4.329119092547739078e-01
1.010000000000000009e+00,4.289394268290632750e-01
1.011000000000000121e+00,4.248770449123452919e-01
1.012000000000000011e+00,4.207297935216883222e-01
1.013000000000000123e+00,4.165027402870811746e-01
1.014000000000000012e+00,4.122009866186744365e-01
1.015000000000000124e+00,4.078296638604347879e-01
1.016000000000000014e+00,4.033939294329169090e-01
1.017000000000000126e+00,3.988989629676503723e-01
1.018000000000000016e+00,3.943499624358282052e-01
1.019000000000000128e+00,3.897521402738503560e-01
1.020000000000000018e+00,3.851107195083480206e-01
1.021000000000000130e+00,3.804309298832910247e-01
1.022000000000000020e+00,3.757180039917635272e-01
1.023000000000000131e+00,3.709771734150093536e-01
1.024000000000000021e+00,3.662136648713208986e-01
1.024999999999999911e+00,3.614326963773569212e-01
1.026000000000000023e+00,3.566394734244295317e-01
1.026999999999999913e+00,3.518391851723474684e-01
1.028000000000000025e+00,3.470370006632982895e-01
1.028999999999999915e+00,3.422380650583414785e-01
1.030000000000000027e+00,3.374474958989753803e-01
1.030999999999999917e+00,3.326703793962821898e-01
1.032000000000000028e+00,3.279117667500915378e-01
1.032999999999999918e+00,3.231766705006286489e-01
1.034000000000000030e+00,3.184700609150308281e-01
1.034999999999999920e+00,3.137968624111468485e-01
1.036000000000000032e+00,3.091619500209603078e-01
1.036999999999999922e+00,3.045701458959884644e-01
1.038000000000000034e+00,3.000262158569395043e-01
1.038999999999999924e+00,2.955348659899171837e-01
1.040000000000000036e+00,2.911007392914009007e-01
1.040999999999999925e+00,2.867284123642029336e-01
1.042000000000000037e+00,2.824223921665753312e-01
1.042999999999999927e+00,2.781871128165989138e-01
1.044000000000000039e+00,2.740269324539280626e-01
1.044999999999999929e+00,2.699461301609789032e-01
1.046000000000000041e+00,2.659489029455126552e-01
1.046999999999999931e+00,2.620393627866551833e-01
1.048000000000000043e+00,2.582215337461953863e-01
1.048999999999999932e+00,2.544993491471161384e-01
1.050000000000000044e+00,2.508766488211340295e-01
1.050999999999999934e+00,2.473571764270541540e-01
1.052000000000000046e+00,2.439445768416804994e-01
1.052999999999999936e+00,2.406423936249532936e-01
1.054000000000000048e+00,2.374540665609565504e-01
1.054999999999999938e+00,2.343829292763812688e-01
1.056000000000000050e+00,2.314322069379644575e-01
1.056999999999999940e+00,2.286050140303897971e-01
1.058000000000000052e+00,2.259043522160625872e-01
1.058999999999999941e+00,2.233331082781398746e-01
1.060000000000000053e+00,2.208940521480997898e-01
1.060999999999999943e+00,2.185898350191290695e-01
1.062000000000000055e+00,2.164229875465032427e-01
1.062999999999999945e+00,2.143959181361073107e-01
1.064000000000000057e+00,2.125109113221513857e-01
1.064999999999999947e+00,2.107701262351361626e-01
1.066000000000000059e+00,2.091755951609637343e-01
1.066999999999999948e+00,2.077292221921477333e-01
1.068000000000000060e+00,2.064327819719087576e-01
1.068999999999999950e+00,2.052879185319400335e-01
1.070000000000000062e+00,2.042961442245498915e-01
1.070999999999999952e+00,2.034588387498164341e-01
1.072000000000000064e+00,2.027772482783363750e-01
1.072999999999999954e+00,2.022524846700736734e-01
1.074000000000000066e+00,2.018855247897671512e-01
1.074999999999999956e+00,2.016772099192746526e-01
1.076000000000000068e+00,2.016282452671668002e-01
1.076999999999999957e+00,2.017391995758413548e-01
1.078000000000000069e+00,2.020105048263302339e-01
1.078999999999999959e+00,2.024424560409214258e-01
1.080000000000000071e+00,2.030352111836732920e-01
1.080999999999999961e+00,2.037887911587850376e-01
1.082000000000000073e+00,2.047030799067728335e-01
1.082999999999999963e+00,2.057778245983012677e-01
1.084000000000000075e+00,2.070126359254673698e-01
1.084999999999999964e+00,2.084069884902720327e-01
1.086000000000000076e+00,2.099602212899339404e-01
1.086999999999999966e+00,2.116715382986683602e-01
1.088000000000000078e+00,2.135400091454407734e-01
1.088999999999999968e+00,2.155645698871855309e-01
1.090000000000000080e+00,2.177440238769060565e-01
1.090999999999999970e+00,2.200770427259659545e-01
1.092000000000000082e+00,2.225621673599043615e-01
1.092999999999999972e+00,2.251978091669613602e-01
1.094000000000000083e+00,2.279822512384708233e-01
1.094999999999999973e+00,2.309136497002521327e-01
1.096000000000000085e+00,2.339900351339937457e-01
1.096999999999999975e+00,2.372093140876428974e-01
1.098000000000000087e+00,2.405692706736913544e-01
1.098999999999999977e+00,2.440675682542358393e-01
1.100000000000000089e+00,2.477017512116208298e-01
1.100999999999999979e+00,2.514692468033535855e-01
1.102000000000000091e+00,2.553673671000846190e-01
1.102999999999999980e+00,2.593933110051583890e-01
1.104000000000000092e+00,2.635441663544312862e-01
1.104999999999999982e+00,2.678169120948030724e-01
1.106000000000000094e+00,2.722084205399654677e-01
1.106999999999999984e+00,2.767154597017970619e-01
1.108000000000000096e+00,2.813346956957477052e-01
1.108999999999999986e+00,2.860626952185770233e-01
1.110000000000000098e+00,2.908959280966705307e-01
1.110999999999999988e+00,2.958307699032003413e-01
1.112000000000000099e+00,3.008635046423103199e-01
1.112999999999999989e+00,3.059903274984159260e-01
1.114000000000000101e+00,3.112073476487845491e-01
1.114999999999999991e+00,3.165105911373846115e-01
1.116000000000000103e+00,3.218960038080455055e-01
1.116999999999999993e+00,3.273594542949003205e-01
1.118000000000000105e+00,3.328967370680292470e-01
1.118999999999999995e+00,3.385035755321998407e-01
1.120000000000000107e+00,3.441756251765969443e-01
1.120999999999999996e+00,3.499084767733033896e-01
1.122000000000000108e+00,3.556976596224256104e-01
1.122999999999999998e+00,3.615386448414969478e-01
1.124000000000000110e+00,3.674268486970263536e-01
1.125000000000000000e+00,3.733576359757905250e-01
1.126000000000000112e+00,3.793263233936148282e-01
1.127000000000000002e+00,3.853281830392722429e-01
1.128000000000000114e+00,3.913584458511188413e-01
1.129000000000000004e+00,3.974123051241028048e-01
1.130000000000000115e+00,4.034849200447092055e-01
1.131000000000000005e+00,4.095714192514218199e-01
1.132000000000000117e+00,4.156669044182530470e-01
1.133000000000000007e+00,4.217664538588703493e-01
1.134000000000000119e+00,4.278651261488635171e-01
1.135000000000000009e+00,4.339579637636176157e-01
1.136000000000000121e+00,4.400399967293568415e-01
1.137000000000000011e+00,4.461062462847700805e-01
1.138000000000000123e+00,4.521517285507857253e-01
1.139000000000000012e+00,4.581714582058928342e-01
1.140000000000000124e+00,4.641604521645543158e-01
1.141000000000000014e+00,4.701137332561126647e-01
1.142000000000000126e+00,4.760263339017170026e-01
1.143000000000000016e+00,4.818932997867160783e-01
1.144000000000000128e+00,4.877096935259769839e-01
1.145000000000000018e+00,4.934705983196404078e-01
1.146000000000000130e+00,4.991711215967778448e-01
1.147000000000000020e+00,5.048063986444255580e-01
1.148000000000000131e+00,5.103715962195375377e-01
1.149000000000000021e+00,5.158619161413220411e-01
1.150000000000000133e+00,5.212725988615289907e-01
1.151000000000000023e+00,5.265989270101880670e-01
1.152000000000000135e+00,5.318362289143806487e-01
1.153000000000000025e+00,5.369798820875989476e-01
1.153999999999999915e+00,5.420253166872918138e-01
1.155000000000000027e+00,5.469680189382036817e-01
1.155999999999999917e+00,5.518035345191443231e-01
1.157000000000000028e+00,5.565274719108344037e-01
1.157999999999999918e+00,5.611355057025392279e-01
1.159000000000000030e+00,5.656233798551444369e-01
1.159999999999999920e+00,5.699869109184834137e-01
1.161000000000000032e+00,5.742219912006131244e-01
1.161999999999999922e+00,5.783245918868852309e-01
1.163000000000000034e+00,5.822907661066309970e-01
1.163999999999999924e+00,5.861166519453037127e-01
1.165000000000000036e+00,5.897984754000240581e-01
1.165999999999999925e+00,5.933325532764054389e-01
1.167000000000000037e+00,5.967152960247074089e-01
1.167999999999999927e+00,5.999432105132820325e-01
1.169000000000000039e+00,6.030129027373665185e-01
1.169999999999999929e+00,6.059210804613704981e-01
1.171000000000000041e+00,6.086645557927614636e-01
1.171999999999999931e+00,6.112402476857227152e-01
1.173000000000000043e+00,6.136451843728840672e-01
1.173999999999999932e+00,6.158765057233236417e-01
1.175000000000000044e+00,6.179314655252386990e-01
1.175999999999999934e+00,6.198074336916109539e-01
1.177000000000000046e+00,6.215018983873461522e-01
1.177999999999999936e+00,6.230124680763375888e-01
1.179000000000000048e+00,6.243368734869726433e-01
1.179999999999999938e+00,6.254729694947307461e-01
1.181000000000000050e+00,6.264187369204351485e-01
1.181999999999999940e+00,6.271722842429352518e-01
1.183000000000000052e+00,6.277318492249037707e-01
1.183999999999999941e+00,6.280958004506017600e-01
1.185000000000000053e+00,6.282626387744856267e-01
1.185999999999999943e+00,6.282309986795422407e-01
1.187000000000000055e+00,6.279996495443856963e-01
1.187999999999999945e+00,6.275674968181308433e-01
1.189000000000000057e+00,6.269335831021758398e-01
1.189999999999999947e+00,6.260970891380464032e-01
1.191000000000000059e+00,6.250573347005333735e-01
1.191999999999999948e+00,6.238137793954451338e-01
1.193000000000000060e+00,6.223660233612878789e-01
1.193999999999999950e+00,6.207138078743346110e-01
1.195000000000000062e+00,6.188570158565483981e-01
1.195999999999999952e+00,6.167956722859119223e-01
1.197000000000000064e+00,6.145299445087805124e-01
1.197999999999999954e+00,6.120601424539311441e-01
1.199000000000000066e+00,6.093867187480636050e-01
1.199999999999999956e+00,6.065102687325503172e-01
1.201000000000000068e+00,6.034315303813081455e-01
1.201999999999999957e+00,6.001513841197604338e-01
1.203000000000000069e+00,5.966708525448480849e-01
1.203999999999999959e+00,5.929911000462073645e-01
1.205000000000000071e+00,5.891134323286251195e-01
1.205999999999999961e+00,5.850392958359835749e-01
1.207000000000000073e+00,5.807702770769618272e-01
1.207999999999999963e+00,5.763081018528330990e-01
1.209000000000000075e+00,5.716546343877455527e-01
1.209999999999999964e+00,5.668118763619710565e-01
1.211000000000000076e+00,5.617819658486273848e-01
1.211999999999999966e+00,5.565671761544914720e-01
1.213000000000000078e+00,5.511699145655406529e-01
1.213999999999999968e+00,5.455927209979613002e-01
1.215000000000000080e+00,5.398382665553980164e-01
1.215999999999999970e+00,5.339093519933024723e-01
1.217000000000000082e+00,5.278089060912720676e-01
1.217999999999999972e+00,5.215399839343776156e-01
1.219000000000000083e+00,5.151057651044901320e-01
1.219999999999999973e+00,5.085095517827233902e-01
1.221000000000000085e+00,5.017547667641097942e-01
1.221999999999999975e+00,4.948449513857660076e-01
1.223000000000000087e+00,4.877837633697889030e-01
1.223999999999999977e+00,4.805749745822253116e-01
1.225000000000000089e+00,4.732224687094796489e-01
1.225999999999999979e+00,4.657302388536498916e-01
1.227000000000000091e+00,4.581023850482172644e-01
1.227999999999999980e+00,4.503431116957138935e-01
1.229000000000000092e+00,4.424567249288962056e-01
1.229999999999999982e+00,4.344476298971779449e-01
1.231000000000000094e+00,4.263203279799086531e-01
1.231999999999999984e+00,4.180794139283637856e-01
1.233000000000000096e+00,4.097295729381877916e-01
1.233999999999999986e+00,4.012755776541675479e-01
1.235000000000000098e+00,3.927222851092237454e-01
1.235999999999999988e+00,3.840746335995812721e-01
1.237000000000000099e+00,3.753376394980935671e-01
1.237999999999999989e+00,3.665163940077704741e-01
1.239000000000000101e+00,3.576160598575492400e-01
1.239999999999999991e+00,3.486418679424735934e-01
1.241000000000000103e+00,3.395991139103841649e-01
1.241999999999999993e+00,3.304931546973595702e-01
1.243000000000000105e+00,3.213294050140649283e-01
1.243999999999999995e+00,3.121133337853724266e-01
1.245000000000000107e+00,3.028504605454348519e-01
1.245999999999999996e+00,2.935463517906392039e-01
1.247000000000000108e+00,2.842066172927032452e-01
1.247999999999999998e+00,2.748369063744124374e-01
1.249000000000000110e+00,2.654429041502868181e-01
1.250000000000000000e+00,2.560303277347217854e-01
1.251000000000000112e+00,2.466049224199972911e-01
1.252000000000000002e+00,2.371724578266933836e-01
1.253000000000000114e+00,2.277387240289568682e-01
1.254000000000000004e+00,2.183095276572157573e-01
1.255000000000000115e+00,2.088906879808279382e-01
1.256000000000000005e+00,1.994880329732750812e-01
1.257000000000000117e+00,1.901073953624161372e-01
1.258000000000000007e+00,1.807546086684467257e-01
1.259000000000000119e+00,1.714355032321337180e-01
1.260000000000000009e+00,1.621559022359521374e-01
1.261000000000000121e+00,1.529216177206833283e-01
1.262000000000000011e+00,1.437384466002152028e-01
1.263000000000000123e+00,1.346121666770305203e-01
1.264000000000000012e+00,1.255485326611354424e-01
1.265000000000000124e+00,1.165532721949483486e-01
1.266000000000000014e+00,1.076320818869185847e-01
1.267000000000000126e+00,9.879062335634078429e-02
1.268000000000000016e+00,9.003451929212545612e-02
1.269000000000000128e+00,8.136934952806783306e-02
1.270000000000000018e+00,7.280064713726638881e-02
1.271000000000000130e+00,6.433389454825050313e-02
1.272000000000000020e+00,5.597451968545683748e-02
1.273000000000000131e+00,4.772789213660951629e-02
1.274000000000000021e+00,3.959931934956920779e-02
1.275000000000000133e+00,3.159404286118110139e-02
1.276000000000000023e+00,2.371723456072884206e-02
1.277000000000000135e+00,1.597399299039072018e-02
1.278000000000000025e+00,8.369339685300156845e-03
1.279000000000000137e+00,9.082155556050806921e-04
1.280000000000000027e+00,-6.404522686967634854e-03
1.280999999999999917e+00,-1.356410605569710603e-02
1.282000000000000028e+00,-2.056585676613442021e-02
1.282999999999999918e+00,-2.740519166171909160e-02
1.284000000000000030e+00,-3.407762558543188380e-02
1.284999999999999920e+00,-4.057877469512397028e-02
1.286000000000000032e+00,-4.690435972033530493e-02
1.286999999999999922e+00,-5.305020915827179939e-02
1.288000000000000034e+00,-5.901226240682491686e-02
1.288999999999999924e+00,-6.478657283243981213e-02
1.290000000000000036e+00,-7.036931077068593610e-02
1.290999999999999925e+00,-7.575676645749451765e-02
1.292000000000000037e+00,-8.094535288901522074e-02
1.292999999999999927e+00,-8.593160860804782697e-02
1.294000000000000039e+00,-9.071220041517354116e-02
1.294999999999999929e+00,-9.528392600260658651e-02
1.296000000000000041e+00,-9.964371650897352328e-02
1.296999999999999931e+00,-1.037886389931566844e-01
1.298000000000000043e+00,-1.077158988254694610e-01
1.298999999999999932e+00,-1.114228419944557208e-01
1.300000000000000044e+00,-1.149069573276300937e-01
1.300999999999999934e+00,-1.181658786245970844e-01
1.302000000000000046e+00,-1.211973867009431133e-01
1.302999999999999936e+00,-1.239994113414471938e-01
1.304000000000000048e+00,-1.265700331611827600e-01
1.304999999999999938e+00,-1.289074853730500514e-01
1.306000000000000050e+00,-1.310101554605215546e-01
1.306999999999999940e+00,-1.328765867542495704e-01
1.308000000000000052e+00,-1.345054799113690747e-01
1.308999999999999941e+00,-1.358956942963549241e-01
1.310000000000000053e+00,-1.370462492623157613e-01
1.310999999999999943e+00,-1.379563253317529492e-01
1.312000000000000055e+00,-1.386252652757705150e-01
1.312999999999999945e+00,-1.390525750908907232e-01
1.314000000000000057e+00,-1.392379248726126340e-01
1.314999999999999947e+00,-1.391811495849533120e-01
1.316000000000000059e+00,-1.388822497252937826e-01
1.316999999999999948e+00,-1.383413918838455603e-01
1.318000000000000060e+00,-1.375589091972304889e-01
1.318999999999999950e+00,-1.365353016956234455e-01
1.320000000000000062e+00,-1.352712365430399910e-01
1.320999999999999952e+00,-1.337675481704201919e-01
1.322000000000000064e+00,-1.320252383011660535e-01
1.322999999999999954e+00,-1.300454758689550405e-01
1.324000000000000066e+00,-1.278295968276120520e-01
1.324999999999999956e+00,-1.253791038529954716e-01
1.326000000000000068e+00,-1.226956659368320657e-01
1.326999999999999957e+00,-1.197811178725647629e-01
1.328000000000000069e+00,-1.166374596333213803e-01
1.328999999999999959e+00,-1.132668556421807388e-01
1.330000000000000071e+00,-1.096716339349813746e-01
1.330999999999999961e+00,-1.058542852160042763e-01
1.332000000000000073e+00,-1.018174618068981990e-01
1.332999999999999963e+00,-9.756397648931817990e-02
1.334000000000000075e+00,-9.309680124177933946e-02
1.334999999999999964e+00,-8.841906587134491791e-02
1.336000000000000076e+00,-8.353405654077024345e-02
1.336999999999999966e+00,-7.844521419185664091e-02
1.338000000000000078e+00,-7.315613286579650265e-02
1.338999999999999968e+00,-6.767055792136508763e-02
1.340000000000000080e+00,-6.199238415186996559e-02
1.340999999999999970e+00,-5.612565380189123154e-02
1.342000000000000082e+00,-5.007455448480353788e-02
1.342999999999999972e+00,-4.384341700225793947e-02
1.344000000000000083e+00,-3.743671306674514060e-02
1.344999999999999973e+00,-3.085905292856068113e-02
1.346000000000000085e+00,-2.411518290838463030e-02
1.346999999999999975e+00,-1.720998283693466954e-02
1.348000000000000087e+00,-1.014846340304746859e-02
1.348999999999999977e+00,-2.935763411740147707e-03
1.350000000000000089e+00,4.422853046267775229e-03
1.350999999999999979e+00,1.192199951190636882e-02
1.352000000000000091e+00,1.955617016035307923e-02
1.352999999999999980e+00,2.731974288715465979e-02
1.354000000000000092e+00,3.520698247609208020e-02
1.354999999999999982e+00,4.321204384696636369e-02
1.356000000000000094e+00,5.132897538143038618e-02
1.356999999999999984e+00,5.955172232490607565e-02
1.358000000000000096e+00,6.787413026268665495e-02
1.358999999999999986e+00,7.628994866804716946e-02
1.360000000000000098e+00,8.479283452046502967e-02
1.360999999999999988e+00,9.337635599165651501e-02
1.362000000000000099e+00,1.020339961973867338e-01
1.362999999999999989e+00,1.107591570127379604e-01
1.364000000000000101e+00,1.195451629486502382e-01
1.364999999999999991e+00,1.283852650874046375e-01
1.366000000000000103e+00,1.372726450746912519e-01
1.366999999999999993e+00,1.462004191659038999e-01
1.368000000000000105e+00,1.551616423242716813e-01
1.368999999999999995e+00,1.641493123682964961e-01
1.370000000000000107e+00,1.731563741660993583e-01
1.370999999999999996e+00,1.821757238740837059e-01
1.372000000000000108e+00,1.912002132174215052e-01
1.372999999999999998e+00,2.002226538097442443e-01
1.374000000000000110e+00,2.092358215094380358e-01
1.375000000000000000e+00,2.182324608099171503e-01
1.376000000000000112e+00,2.272052892612315689e-01
1.377000000000000002e+00,2.361470019202580317e-01
1.378000000000000114e+00,2.450502758268821579e-01
1.379000000000000004e+00,2.539077745033105904e-01
1.380000000000000115e+00,2.627121524739343683e-01
1.381000000000000005e+00,2.714560598027900840e-01
1.382000000000000117e+00,2.801321466460361953e-01
1.383000000000000007e+00,2.887330678165307973e-01
1.384000000000000119e+00,2.972514873577507544e-01
1.385000000000000009e+00,3.056800831242569849e-01
1.386000000000000121e+00,3.140115513658807145e-01
1.387000000000000011e+00,3.222386113128083984e-01
1.388000000000000123e+00,3.303540097587306379e-01
1.389000000000000012e+00,3.383505256392312921e-01
1.390000000000000124e+00,3.462209746026211343e-01
1.391000000000000014e+00,3.539582135703215338e-01
1.392000000000000126e+00,3.615551452840258251e-01
1.393000000000000016e+00,3.690047228367918097e-01
1.394000000000000128e+00,3.762999541852702912e-01
1.395000000000000018e+00,3.834339066402428498e-01
1.396000000000000130e+00,3.903997113326672652e-01
1.397000000000000020e+00,3.971905676524642437e-01
1.398000000000000131e+00,4.037997476572858235e-01
1.399000000000000021e+00,4.102206004484303392e-01
1.400000000000000133e+00,4.164465565112815404e-01
1.401000000000000023e+00,4.224711320174383555e-01
1.402000000000000135e+00,4.282879330859029610e-01
1.403000000000000025e+00,4.338906600006074976e-01
1.404000000000000137e+00,4.392731113816523147e-01
1.405000000000000027e+00,4.444291883076026961e-01
1.406000000000000139e+00,4.493528983862328796e-01
1.407000000000000028e+00,4.540383597711566410e-01
1.407999999999999918e+00,4.584798051218053616e-01
1.409000000000000030e+00,4.626715855042138337e-01
1.409999999999999920e+00,4.666081742301196877e-01
1.411000000000000032e+00,4.702841706320016746e-01
1.411999999999999922e+00,4.736943037715393712e-01
1.413000000000000034e+00,4.768334360792365056e-01
1.413999999999999924e+00,4.796965669227499229e-01
1.415000000000000036e+00,4.822788361017531500e-01
1.415999999999999925e+00,4.845755272669984848e-01
1.417000000000000037e+00,4.865820712614009058e-01
1.417999999999999927e+00,4.882940493809902471e-01
1.419000000000000039e+00,4.897071965535981231e-01
1.419999999999999929e+00,4.908174044332336838e-01
1.421000000000000041e+00,4.916207244081067795e-01
1.421999999999999931e+00,4.921133705203339925e-01
1.423000000000000043e+00,4.922917222954538152e-01
1.423999999999999932e+00,4.921523274798181302e-01
1.425000000000000044e+00,4.916919046841009555e-01
1.425999999999999934e+00,4.909073459311631971e-01
1.427000000000000046e+00,4.897957191065684945e-01
1.427999999999999936e+00,4.883542703101054205e-01
1.429000000000000048e+00,4.865804261067477876e-01
1.429999999999999938e+00,4.844717956755306698e-01
1.431000000000000050e+00,4.820261728548837499e-01
1.431999999999999940e+00,4.792415380829922467e-01
1.433000000000000052e+00,4.761160602319055579e-01
1.433999999999999941e+00,4.726480983340695663e-01
1.435000000000000053e+00,4.688362032000970014e-01
1.435999999999999943e+00,4.646791189266300526e-01
1.437000000000000055e+00,4.601757842932138187e-01
1.437999999999999945e+00,4.553253340471725141e-01
1.439000000000000057e+00,4.501271000755278640e-01
1.439999999999999947e+00,4.445806124631214717e-01
1.441000000000000059e+00,4.386856004360660810e-01
1.441999999999999948e+00,4.324419931898792480e-01
1.443000000000000060e+00,4.258499206015232130e-01
1.443999999999999950e+00,4.189097138248390473e-01
1.445000000000000062e+00,4.116219057687890981e-01
1.445999999999999952e+00,4.039872314580850721e-01
1.447000000000000064e+00,3.960066282757756517e-01
1.447999999999999954e+00,3.876812360875106500e-01
1.449000000000000066e+00,3.790123972472174696e-01
1.449999999999999956e+00,3.700016564840216682e-01
1.451000000000000068e+00,3.606507606702869517e-01
1.451999999999999957e+00,3.509616584708120657e-01
1.453000000000000069e+00,3.409364998731125307e-01
1.453999999999999959e+00,3.305776355990354687e-01
1.455000000000000071e+00,3.198876163977616427e-01
1.455999999999999961e+00,3.088691922205670792e-01
1.457000000000000073e+00,2.975253112775866349e-01
1.457999999999999963e+00,2.858591189770384733e-01
1.459000000000000075e+00,2.738739567473462144e-01
1.459999999999999964e+00,2.615733607427292440e-01
1.461000000000000076e+00,2.489610604328501564e-01
1.461999999999999966e+00,2.360409770772413374e-01
1.463000000000000078e+00,2.228172220852081553e-01
1.463999999999999968e+00,2.092940952621240303e-01
1.465000000000000080e+00,1.954760829428987823e-01
1.465999999999999970e+00,1.813678560137081119e-01
1.467000000000000082e+00,1.669742678228941235e-01
1.467999999999999972e+00,1.523003519822536678e-01
1.469000000000000083e+00,1.373513200597831496e-01
1.469999999999999973e+00,1.221325591651835629e-01
1.471000000000000085e+00,1.066496294293828584e-01
1.471999999999999975e+00,9.090826137947226326e-02
1.473000000000000087e+00,7.491435321044553897e-02
1.473999999999999977e+00,5.867396795529517678e-02
1.475000000000000089e+00,4.219333055492659884e-02
1.475999999999999979e+00,2.547882482963970477e-02
1.477000000000000091e+00,8.536990353689325600e-03
1.477999999999999980e+00,-8.625480765168605166e-03
1.479000000000000092e+00,-2.600174719949932545e-02
1.479999999999999982e+00,-4.358482180739989970e-02
1.481000000000000094e+00,-6.136757512730324493e-02
1.481999999999999984e+00,-7.934273896031948659e-02
1.483000000000000096e+00,-9.750291003815005075e-02
1.483999999999999986e+00,-1.158405537744718466e-01
1.485000000000000098e+00,-1.343480080977284552e-01
1.485999999999999988e+00,-1.530174873630198440e-01
1.487000000000000099e+00,-1.718410863410738398e-01
1.487999999999999989e+00,-1.908107842818000666e-01
1.489000000000000101e+00,-2.099184490503195610e-01
1.489999999999999991e+00,-2.291558413329211064e-01
1.491000000000000103e+00,-2.485146189107172443e-01
1.491999999999999993e+00,-2.679863409983915257e-01
1.493000000000000105e+00,-2.875624726456599278e-01
1.493999999999999995e+00,-3.072343891988645326e-01
1.495000000000000107e+00,-3.269933808201652137e-01
1.495999999999999996e+00,-3.468306570616871420e-01
1.497000000000000108e+00,-3.667373514920554411e-01
1.497999999999999998e+00,-3.867045263725333859e-01
1.499000000000000110e+00,-4.067231773802424954e-01
1.500000000000000000e+00,-4.267842383755158786e-01
1.501000000000000112e+00,-4.468785862108399787e-01
1.502000000000000002e+00,-4.669970455784121510e-01
1.503000000000000114e+00,-4.871303938936762390e-01
1.504000000000000004e+00,-5.072693662118465951e-01
1.505000000000000115e+00,-5.274046601747026664e-01
1.506000000000000005e+00,-5.475269409846638125e-01
1.507000000000000117e+00,-5.676268464033839001e-01
1.508000000000000007e+00,-5.876949917717785299e-01
1.509000000000000119e+00,-6.077219750487886651e-01
1.510000000000000009e+00,-6.276983818657237979e-01
1.511000000000000121e+00,-6.476147905934280802e-01
1.512000000000000011e+00,-6.674617774191494712e-01
1.513000000000000123e+00,-6.872299214303184689e-01
1.514000000000000012e+00,-7.069098097021150329e-01
1.515000000000000124e+00,-7.264920423859642096e-01
1.516000000000000014e+00,-7.459672377959196687e-01
1.517000000000000126e+00,-7.653260374900278107e-01
1.518000000000000016e+00,-7.845591113436310993e-01
1.519000000000000128e+00,-8.036571626117097189e-01
1.520000000000000018e+00,-8.226109329772242074e-01
1.521000000000000130e+00,-8.414112075826406523e-01
1.522000000000000020e+00,-8.600488200414841966e-01
1.523000000000000131e+00,-8.785146574272340025e-01
1.524000000000000021e+00,-8.967996652363953158e-01
1.525000000000000133e+00,-9.148948523230793217e-01
1.526000000000000023e+00,-9.327912958019559664e-01
1.527000000000000135e+00,-9.504801459169338607e-01
1.528000000000000025e+00,-9.679526308725505679e-01
1.529000000000000137e+00,-9.852000616253292486e-01
1.530000000000000027e+00,-1.002213836632242394e+00
1.531000000000000139e+00,-1.018985446553560159e+00
1.532000000000000028e+00,-1.035506478907235905e+00
1.533000000000000140e+00,-1.051768622672207165e+00
1.534000000000000030e+00,-1.067763672837792166e+00
1.535000000000000142e+00,-1.083483534896653833e+00
1.536000000000000032e+00,-1.098920229278551597e+00
1.536999999999999922e+00,-1.114065895722389676e+00
1.538000000000000034e+00,-1.128912797583951910e+00
1.538999999999999924e+00,-1.143453326076783183e+00
1.540000000000000036e+00,-1.157680004443785604e+00
1.540999999999999925e+00,-1.171585492057009681e+00
1.542000000000000037e+00,-1.185162588443310350e+00
1.542999999999999927e+00,-1.198404237233449132e+00
1.544000000000000039e+00,-1.211303530032368236e+00
1.544999999999999929e+00,-1.223853710208334888e+00
1.546000000000000041e+00,-1.236048176598781856e+00
1.546999999999999931e+00,-1.247880487130618832e+00
1.548000000000000043e+00,-1.259344362352945446e+00
1.548999999999999932e+00,-1.270433688880047374e+00
1.550000000000000044e+00,-1.281142522742731105e+00
1.550999999999999934e+00,-1.291465092645950108e+00
1.552000000000000046e+00,-1.301395803130905193e+00
1.552999999999999936e+00,-1.310929237639691047e+00
1.554000000000000048e+00,-1.320060161480786531e+00
1.554999999999999938e+00,-1.328783524693556872e+00
1.556000000000000050e+00,-1.337094464810201444e+00
1.556999999999999940e+00,-1.344988309513456270e+00
1.558000000000000052e+00,-1.352460579188552448e+00
1.558999999999999941e+00,-1.359506989367916585e+00
1.560000000000000053e+00,-1.366123453067229043e+00
1.560999999999999943e+00,-1.372306083011433753e+00
1.562000000000000055e+00,-1.378051193749468828e+00
1.562999999999999945e+00,-1.383355303656432111e+00
1.564000000000000057e+00,-1.388215136822091633e+00
1.564999999999999947e+00,-1.392627624824590349e+00
1.566000000000000059e+00,-1.396589908388367052e+00
1.566999999999999948e+00,-1.400099338925325565e+00
1.568000000000000060e+00,-1.403153479958372918e+00
1.568999999999999950e+00,-1.405750108426517153e+00
1.570000000000000062e+00,-1.407887215870783137e+00
1.570999999999999952e+00,-1.409563009500271136e+00
1.572000000000000064e+00,-1.410775913137780835e+00
1.572999999999999954e+00,-1.411524568044437711e+00
1.574000000000000066e+00,-1.411807833622910957e+00
1.574999999999999956e+00,-1.411624787998805974e+00
1.576000000000000068e+00,-1.410974728479940321e+00
1.576999999999999957e+00,-1.409857171893267092e+00
1.578000000000000069e+00,-1.408271854799271416e+00
1.578999999999999959e+00,-1.406218733583761704e+00
1.580000000000000071e+00,-1.403697984427031642e+00
1.580999999999999961e+00,-1.400710003150454241e+00
1.582000000000000073e+00,-1.397255404940624501e+00
1.582999999999999963e+00,-1.393335023951273621e+00
1.584000000000000075e+00,-1.388949912783204343e+00
1.584999999999999964e+00,-1.384101341842621791e+00
1.586000000000000076e+00,-1.378790798578249266e+00
1.586999999999999966e+00,-1.373019986597747932e+00
1.588000000000000078e+00,-1.366790824663985937e+00
1.588999999999999968e+00,-1.360105445571807792e+00
1.590000000000000080e+00,-1.352966194905978581e+00
1.590999999999999970e+00,-1.345375629681136553e+00
1.592000000000000082e+00,-1.337336516864520153e+00
1.592999999999999972e+00,-1.328851831782483783e+00
1.594000000000000083e+00,-1.319924756411672062e+00
1.594999999999999973e+00,-1.310558677556035168e+00
1.596000000000000085e+00,-1.300757184910683151e+00
1.596999999999999975e+00,-1.290524069013858188e+00
1.598000000000000087e+00,-1.279863319088226481e+00
1.598999999999999977e+00,-1.268779120772846492e+00
1.600000000000000089e+00,-1.257275853747153782e+00
1.600999999999999979e+00,-1.245358089248460587e+00
1.602000000000000091e+00,-1.233030587484438945e+00
1.602999999999999980e+00,-1.220298294942204542e+00
1.604000000000000092e+00,-1.207166341595563575e+00
1.604999999999999982e+00,-1.193640038012215632e+00
1.606000000000000094e+00,-1.179724872362571952e+00
1.606999999999999984e+00,-1.165426507332074202e+00
1.608000000000000096e+00,-1.150750776938797015e+00
1.608999999999999986e+00,-1.135703683258381114e+00
1.610000000000000098e+00,-1.120291393058119311e+00
1.610999999999999988e+00,-1.104520234342385443e+00
1.612000000000000099e+00,-1.088396692811326671e+00
1.612999999999999989e+00,-1.071927408235133772e+00
1.614000000000000101e+00,-1.055119170745873802e+00
1.614999999999999991e+00,-1.037978917049291683e+00
1.616000000000000103e+00,-1.020513726558729406e+00
1.616999999999999993e+00,-1.002730817453583390e+00
1.618000000000000105e+00,-9.846375426645578299e-01
1.618999999999999995e+00,-9.662413857882382606e-01
1.620000000000000107e+00,-9.475499569333331040e-01
1.620999999999999996e+00,-9.285709885011573794e-01
1.622000000000000108e+00,-9.093123309027884016e-01
1.622999999999999998e+00,-8.897819482155518989e-01
1.624000000000000110e+00,-8.699879137813633090e-01
1.625000000000000000e+00,-8.499384057496067735e-01
1.626000000000000112e+00,-8.296417025671357637e-01
1.627000000000000002e+00,-8.091061784181990957e-01
1.628000000000000114e+00,-7.883402986168803750e-01
1.629000000000000004e+00,-7.673526149549353415e-01
1.630000000000000115e+00,-7.461517610076158213e-01
1.631000000000000005e+00,-7.247464474005159696e-01
1.632000000000000117e+00,-7.031454570399788828e-01
1.633000000000000007e+00,-6.813576403101342382e-01
1.634000000000000119e+00,-6.593919102392622467e-01
1.635000000000000009e+00,-6.372572376384465498e-01
1.636000000000000121e+00,-6.149626462153061635e-01
1.637000000000000011e+00,-5.925172076658078435e-01
1.638000000000000123e+00,-5.699300367469493089e-01
1.639000000000000012e+00,-5.472102863333626610e-01
1.640000000000000124e+00,-5.243671424605738096e-01
1.641000000000000014e+00,-5.014098193580533991e-01
1.642000000000000126e+00,-4.783475544748095887e-01
1.643000000000000016e+00,-4.551896035005995600e-01
1.644000000000000128e+00,-4.319452353855453564e-01
1.645000000000000018e+00,-4.086237273612284282e-01
1.646000000000000130e+00,-3.852343599660859041e-01
1.647000000000000020e+00,-3.617864120780974191e-01
1.648000000000000131e+00,-3.382891559575708640e-01
1.649000000000000021e+00,-3.147518523031350712e-01
1.650000000000000133e+00,-2.911837453235621154e-01
1.651000000000000023e+00,-2.675940578285590510e-01
1.652000000000000135e+00,-2.439919863412026435e-01
1.653000000000000025e+00,-2.203866962350223835e-01
1.654000000000000137e+00,-1.967873168984083376e-01
1.655000000000000027e+00,-1.732029369293255072e-01
1.656000000000000139e+00,-1.496425993629839080e-01
1.657000000000000028e+00,-1.261152969353493414e-01
1.658000000000000140e+00,-1.026299673851381183e-01
1.659000000000000030e+00,-7.919548879712018374e-02
1.660000000000000142e+00,-5.582067498932135469e-02
1.661000000000000032e+00,-3.251427094690248487e-02
1.662000000000000144e+00,-9.284948305203082758e-03
1.663000000000000034e+00,1.385869911528577435e-02
1.664000000000000146e+00,3.690815971961129704e-02
1.665000000000000036e+00,5.985500849203079232e-02
1.665999999999999925e+00,8.269091129034114585e-02
1.667000000000000037e+00,1.054076290782375719e-01
1.667999999999999927e+00,1.279970220933949188e-01
1.669000000000000039e+00,1.504510539489158916e-01
1.669999999999999929e+00,1.727617956657120091e-01
1.671000000000000041e+00,1.949214296336515551e-01
1.671999999999999931e+00,2.169222534991288587e-01
1.673000000000000043e+00,2.387566839769710847e-01
1.673999999999999932e+00,2.604172605844301547e-01
1.675000000000000044e+00,2.818966492952734160e-01
1.675999999999999934e+00,3.031876461118060417e-01
1.677000000000000046e+00,3.242831805530088096e-01
1.677999999999999936e+00,3.451763190566285999e-01
1.679000000000000048e+00,3.658602682935787054e-01
1.679999999999999938e+00,3.863283783926156345e-01
1.681000000000000050e+00,4.065741460736958524e-01
1.681999999999999940e+00,4.265912176881260232e-01
1.683000000000000052e+00,4.463733921640462565e-01
1.683999999999999941e+00,4.659146238554638941e-01
1.685000000000000053e+00,4.852090252934700421e-01
1.685999999999999943e+00,5.042508698380187004e-01
1.687000000000000055e+00,5.230345942290072214e-01
1.687999999999999945e+00,5.415548010351833863e-01
1.689000000000000057e+00,5.598062609996838912e-01
1.689999999999999947e+00,5.777839152809310930e-01
1.691000000000000059e+00,5.954828775878066027e-01
1.691999999999999948e+00,6.128984362079137327e-01
1.693000000000000060e+00,6.300260559280360662e-01
1.693999999999999950e+00,6.468613798457044650e-01
1.695000000000000062e+00,6.634002310711363259e-01
1.695999999999999952e+00,6.796386143185796369e-01
1.697000000000000064e+00,6.955727173864620916e-01
1.697999999999999954e+00,7.111989125255364641e-01
1.699000000000000066e+00,7.265137576945226439e-01
1.699999999999999956e+00,7.415139977026372620e-01
1.701000000000000068e+00,7.561965652385835845e-01
1.701999999999999957e+00,7.705585817855606923e-01
1.703000000000000069e+00,7.845973584220423680e-01
1.703999999999999959e+00,7.983103965079578757e-01
1.705000000000000071e+00,8.116953882562195632e-01
1.705999999999999961e+00,8.247502171893428269e-01
1.707000000000000073e+00,8.374729584812565797e-01
1.707999999999999963e+00,8.498618791841963116e-01
1.709000000000000075e+00,8.619154383408885733e-01
1.709999999999999964e+00,8.736322869821120385e-01
1.711000000000000076e+00,8.850112680099365692e-01
1.711999999999999966e+00,8.960514159668842016e-01
1.713000000000000078e+00,9.067519566914774565e-01
1.713999999999999968e+00,9.171123068604923878e-01
1.715000000000000080e+00,9.271320734186041523e-01
1.715999999999999970e+00,9.368110528958237815e-01
1.717000000000000082e+00,9.461492306135500518e-01
1.717999999999999972e+00,9.551467797798262049e-01
1.719000000000000083e+00,9.638040604746781481e-01
1.719999999999999973e+00,9.721216185263338305e-01
1.721000000000000085e+00,9.801001842792922414e-01
1.721999999999999975e+00,9.877406712551835000e-01
1.723000000000000087e+00,9.950441747075122745e-01
1.723999999999999977e+00,1.002011970071369440e+00
1.725000000000000089e+00,1.008645511309322007e+00
1.725999999999999979e+00,1.014946429154697238e+00
1.727000000000000091e+00,1.020916529253578897e+00
1.727999999999999980e+00,1.026557790206876541e+00
1.729000000000000092e+00,1.031872361513906489e+00
1.729999999999999982e+00,1.036862561418938400e+00
1.731000000000000094e+00,1.041530874662291772e+00
1.731999999999999984e+00,1.045879950137524883e+00
1.733000000000000096e+00,1.049912598456444801e+00
1.733999999999999986e+00,1.053631789423581600e+00
1.735000000000000098e+00,1.057040649421920886e+00
1.735999999999999988e+00,1.060142458711711866e+00
1.737000000000000099e+00,1.062940648644223440e+00
1.737999999999999989e+00,1.065438798792329056e+00
1.739000000000000101e+00,1.067640633999948907e+00
1.739999999999999991e+00,1.069550021352298819e+00
1.741000000000000103e+00,1.071170967069074331e+00
1.741999999999999993e+00,1.072507613322581710e+00
1.743000000000000105e+00,1.073564234983085397e+00
1.743999999999999995e+00,1.074345236293462014e+00
1.745000000000000107e+00,1.074855147475431316e+00
1.745999999999999996e+00,1.075098621269645838e+00
1.747000000000000108e+00,1.075080429411935823e+00
1.747999999999999998e+00,1.074805459048059575e+00
1.749000000000000110e+00,1.074278709089314665e+00
1.750000000000000000e+00,1.073505286511479584e+00
1.751000000000000112e+00,1.072490402599472370e+00
1.752000000000000002e+00,1.071239369140239317e+00
1.753000000000000114e+00,1.069757594566355552e+00
1.754000000000000004e+00,1.068050580052896770e+00
1.755000000000000115e+00,1.066123915570101666e+00
1.756000000000000005e+00,1.063983275894441194e+00
1.757000000000000117e+00,1.061634416580662377e+00
1.758000000000000007e+00,1.059083169897479859e+00
1.759000000000000119e+00,1.056335440729484487e+00
1.760000000000000009e+00,1.053397202448003833e+00
1.761000000000000121e+00,1.050274492753531685e+00
1.762000000000000011e+00,1.046973409492452545e+00
1.763000000000000123e+00,1.043500106450732323e+00
1.764000000000000012e+00,1.039860789127288410e+00
1.765000000000000124e+00,1.036061710489796894e+00
1.766000000000000014e+00,1.032109166715607707e+00
1.767000000000000126e+00,1.028009492920520573e+00
1.768000000000000016e+00,1.023769058878172489e+00
1.769000000000000128e+00,1.019394264732733868e+00
1.770000000000000018e+00,1.014891536707712705e+00
1.771000000000000130e+00,1.010267322813479973e+00
1.772000000000000020e+00,1.005528088556427280e+00
1.773000000000000131e+00,1.000680312652282522e+00
1.774000000000000021e+00,9.957304827464511510e-01
1.775000000000000133e+00,9.906850911440140406e-01
1.776000000000000023e+00,9.855506305521110066e-01
1.777000000000000135e+00,9.803335898373792823e-01
1.778000000000000025e+00,9.750404498011304710e-01
1.779000000000000137e+00,9.696776789749047554e-01
1.780000000000000027e+00,9.642517294390877680e-01
1.781000000000000139e+00,9.587690326671217678e-01
1.782000000000000028e+00,9.532359953980259482e-01
1.783000000000000140e+00,9.476589955396953480e-01
1.784000000000000030e+00,9.420443781056101473e-01
1.785000000000000142e+00,9.363984511874404726e-01
1.786000000000000032e+00,9.307274819660544818e-01
1.787000000000000144e+00,9.250376927634360591e-01
1.788000000000000034e+00,9.193352571379057592e-01
1.789000000000000146e+00,9.136262960250640663e-01
1.790000000000000036e+00,9.079168739269128929e-01
1.791000000000000147e+00,9.022129951513550017e-01
1.792000000000000037e+00,8.965206001045320505e-01
1.792999999999999927e+00,8.908455616381469877e-01
1.794000000000000039e+00,8.851936814540882770e-01
1.794999999999999929e+00,8.795706865685114506e-01
1.796000000000000041e+00,8.739822258375121722e-01
1.796999999999999931e+00,8.684338665465302087e-01
1.798000000000000043e+00,8.629310910655304534e-01
1.798999999999999932e+00,8.574792935719899312e-01
1.800000000000000044e+00,8.520837768436256843e-01
1.800999999999999934e+00,8.467497491228381801e-01
1.802000000000000046e+00,8.414823210547016652e-01
1.802999999999999936e+00,8.362865027003522078e-01
1.804000000000000048e+00,8.311672006275083735e-01
1.804999999999999938e+00,8.261292150799074419e-01
1.806000000000000050e+00,8.211772372272450049e-01
1.806999999999999940e+00,8.163158464972836148e-01
1.808000000000000052e+00,8.115495079916770216e-01
1.808999999999999941e+00,8.068825699869915935e-01
1.810000000000000053e+00,8.023192615223800894e-01
1.810999999999999943e+00,7.978636900752850147e-01
1.812000000000000055e+00,7.935198393265170402e-01
1.812999999999999945e+00,7.892915670159339481e-01
1.814000000000000057e+00,7.851826028899572263e-01
1.814999999999999947e+00,7.811965467420664000e-01
1.816000000000000059e+00,7.773368665473326944e-01
1.816999999999999948e+00,7.736068966920268686e-01
1.818000000000000060e+00,7.700098362992581214e-01
1.818999999999999950e+00,7.665487476515204790e-01
1.820000000000000062e+00,7.632265547109884363e-01
1.820999999999999952e+00,7.600460417383219092e-01
1.822000000000000064e+00,7.570098520106794959e-01
1.822999999999999954e+00,7.541204866395532225e-01
1.824000000000000066e+00,7.513803034890178534e-01
1.824999999999999956e+00,7.487915161948880405e-01
1.826000000000000068e+00,7.463561932852009750e-01
1.826999999999999957e+00,7.440762574024043507e-01
1.828000000000000069e+00,7.419534846275619433e-01
1.828999999999999959e+00,7.399895039067730940e-01
1.830000000000000071e+00,7.381857965800248111e-01
1.830999999999999961e+00,7.365436960125129051e-01
1.832000000000000073e+00,7.350643873285351848e-01
1.832999999999999963e+00,7.337489072478567964e-01
1.834000000000000075e+00,7.325981440244828669e-01
1.834999999999999964e+00,7.316128374876678109e-01
1.836000000000000076e+00,7.307935791849157203e-01
1.836999999999999966e+00,7.301408126266681897e-01
1.838000000000000078e+00,7.296548336323214201e-01
1.838999999999999968e+00,7.293357907771513826e-01
1.840000000000000080e+00,7.291836859396022552e-01
1.840999999999999970e+00,7.291983749484356458e-01
1.842000000000000082e+00,7.293795683290488219e-01
1.842999999999999972e+00,7.297268321483307840e-01
1.844000000000000083e+00,7.302395889572517174e-01
1.844999999999999973e+00,7.309171188303799083e-01
1.846000000000000085e+00,7.317585605014629291e-01
1.846999999999999975e+00,7.327629125940906540e-01
1.848000000000000087e+00,7.339290349464834273e-01
1.848999999999999977e+00,7.352556500292733999e-01
1.850000000000000089e+00,7.367413444552394219e-01
1.850999999999999979e+00,7.383845705797145165e-01
1.852000000000000091e+00,7.401836481905055276e-01
1.852999999999999980e+00,7.421367662859609249e-01
1.854000000000000092e+00,7.442419849398755893e-01
1.854999999999999982e+00,7.464972372517947319e-01
1.856000000000000094e+00,7.489003313812540030e-01
1.856999999999999984e+00,7.514489526644195783e-01
1.858000000000000096e+00,7.541406658116253103e-01
1.858999999999999986e+00,7.569729171840425819e-01
1.860000000000000098e+00,7.599430371479676261e-01
1.860999999999999988e+00,7.630482425048924489e-01
1.862000000000000099e+00,7.662856389956169689e-01
1.862999999999999989e+00,7.696522238766028146e-01
1.864000000000000101e+00,7.731448885666485360e-01
1.864999999999999991e+00,7.767604213620857845e-01
1.866000000000000103e+00,7.804955102183787075e-01
1.866999999999999993e+00,7.843467455962910284e-01
1.868000000000000105e+00,7.883106233705057253e-01
1.868999999999999995e+00,7.923835477986135301e-01
1.870000000000000107e+00,7.965618345484047902e-01
1.870999999999999996e+00,8.008417137812611220e-01
1.872000000000000108e+00,8.052193332895368760e-01
1.872999999999999998e+00,8.096907616856290346e-01
1.874000000000000110e+00,8.142519916405436264e-01
1.875000000000000000e+00,8.188989431696528376e-01
1.876000000000000112e+00,8.236274669633832923e-01
1.877000000000000002e+00,8.284333477603768037e-01
1.878000000000000114e+00,8.333123077609426721e-01
1.879000000000000004e+00,8.382600100782302555e-01
1.880000000000000115e+00,8.432720622248793818e-01
1.881000000000000005e+00,8.483440196325529037e-01
1.882000000000000117e+00,8.534713892020525661e-01
1.883000000000000007e+00,8.586496328814764434e-01
1.884000000000000119e+00,8.638741712698856379e-01
1.885000000000000009e+00,8.691403872441151313e-01
1.886000000000000121e+00,8.744436296060749125e-01
1.887000000000000011e+00,8.797792167481298664e-01
1.888000000000000123e+00,8.851424403339306357e-01
1.889000000000000012e+00,8.905285689922302073e-01
1.890000000000000124e+00,8.959328520211116142e-01
1.891000000000000014e+00,9.013505231000452644e-01
1.892000000000000126e+00,9.067768040072724522e-01
1.893000000000000016e+00,9.122069083399013678e-01
1.894000000000000128e+00,9.176360452342253726e-01
1.895000000000000018e+00,9.230594230836466352e-01
1.896000000000000130e+00,9.284722532516885840e-01
1.897000000000000020e+00,9.338697537775231261e-01
1.898000000000000131e+00,9.392471530715498229e-01
1.899000000000000021e+00,9.445996935983544951e-01
1.900000000000000133e+00,9.499226355446922510e-01
1.901000000000000023e+00,9.552112604698622667e-01
1.902000000000000135e+00,9.604608749360394881e-01
1.903000000000000025e+00,9.656668141160642538e-01
1.904000000000000137e+00,9.708244453762429060e-01
1.905000000000000027e+00,9.759291718317018027e-01
1.906000000000000139e+00,9.809764358718641164e-01
1.907000000000000028e+00,9.859617226536735446e-01
1.908000000000000140e+00,9.908805635601598549e-01
1.909000000000000030e+00,9.957285396220161289e-01
1.910000000000000142e+00,1.000501284899822929e+00
1.911000000000000032e+00,1.005194489824656090e+00
1.912000000000000144e+00,1.009803904494803950e+00
1.913000000000000034e+00,1.014325341926327839e+00
1.914000000000000146e+00,1.018754681255269467e+00
1.915000000000000036e+00,1.023087870889343831e+00
1.916000000000000147e+00,1.027320931606990895e+00
1.917000000000000037e+00,1.031449959601600908e+00
1.918000000000000149e+00,1.035471129468985341e+00
1.919000000000000039e+00,1.039380697135933618e+00
1.919999999999999929e+00,1.043175002727964262e+00
1.921000000000000041e+00,1.046850473374275836e+00
1.921999999999999931e+00,1.050403625948007846e+00
1.923000000000000043e+00,1.053831069739988857e+00
1.923999999999999932e+00,1.057129509064112627e+00
1.925000000000000044e+00,1.060295745792598554e+00
1.925999999999999934e+00,1.063326681819443564e+00
1.927000000000000046e+00,1.066219321450348811e+00
1.927999999999999936e+00,1.068970773717562883e+00
1.929000000000000048e+00,1.071578254618031689e+00
1.929999999999999938e+00,1.074039089273340908e+00
1.931000000000000050e+00,1.076350714010056109e+00
1.931999999999999940e+00,1.078510678358930441e+00
1.933000000000000052e+00,1.080516646971775740e+00
1.933999999999999941e+00,1.082366401454572857e+00
1.935000000000000053e+00,1.084057842115669024e+00
1.935999999999999943e+00,1.085588989627835899e+00
1.937000000000000055e+00,1.086957986603069415e+00
1.937999999999999945e+00,1.088163099079107132e+00
1.939000000000000057e+00,1.089202717916585739e+00
1.939999999999999947e+00,1.090075360105963842e+00
1.941000000000000059e+00,1.090779669983295230e+00
1.941999999999999948e+00,1.091314420354019710e+00
1.943000000000000060e+00,1.091678513524044103e+00
1.943999999999999950e+00,1.091870982237380217e+00
1.945000000000000062e+00,1.091890990519740923e+00
1.945999999999999952e+00,1.091737834427491061e+00
1.947000000000000064e+00,1.091410942701462217e+00
1.947999999999999954e+00,1.090909877325197730e+00
1.949000000000000066e+00,1.090234333987218918e+00
1.949999999999999956e+00,1.089384142447032078e+00
1.951000000000000068e+00,1.088359266804605818e+00
1.951999999999999957e+00,1.087159805673132862e+00
1.953000000000000069e+00,1.085785992254979293e+00
1.953999999999999959e+00,1.084238194320732873e+00
1.955000000000000071e+00,1.082516914091395721e+00
1.955999999999999961e+00,1.080622788023770209e+00
1.957000000000000073e+00,1.078556586499191061e+00
1.957999999999999963e+00,1.076319213415817932e+00
1.959000000000000075e+00,1.073911705684739593e+00
1.959999999999999964e+00,1.071335232630240997e+00
1.961000000000000076e+00,1.068591095294623594e+00
1.961999999999999966e+00,1.065680725648061156e+00
1.963000000000000078e+00,1.062605685703987612e+00
1.963999999999999968e+00,1.059367666540636410e+00
1.965000000000000080e+00,1.055968487229383523e+00
1.965999999999999970e+00,1.052410093670594238e+00
1.967000000000000082e+00,1.048694557337766842e+00
1.967999999999999972e+00,1.044824073930816555e+00
1.969000000000000083e+00,1.040800961939400970e+00
1.969999999999999973e+00,1.036627661117234700e+00
1.971000000000000085e+00,1.032306730868444600e+00
1.971999999999999975e+00,1.027840848547031172e+00
1.973000000000000087e+00,1.023232807670568345e+00
1.973999999999999977e+00,1.018485516049369544e+00
1.975000000000000089e+00,1.013601993832343284e+00
1.975999999999999979e+00,1.008585371470882341e+00
1.977000000000000091e+00,1.003438887602116525e+00
1.977999999999999980e+00,9.981658868529997841e-01
1.979000000000000092e+00,9.927698175666597180e-01
1.979999999999999982e+00,9.872542294525722406e-01
1.981000000000000094e+00,9.816227711621171581e-01
1.981999999999999984e+00,9.758791877911701107e-01
1.983000000000000096e+00,9.700273183113765629e-01
1.983999999999999986e+00,9.640710929318927480e-01
1.985000000000000098e+00,9.580145303932799949e-01
1.985999999999999988e+00,9.518617351954906658e-01
1.987000000000000099e+00,9.456168947616898635e-01
1.987999999999999989e+00,9.392842765399266325e-01
1.989000000000000101e+00,9.328682250445397006e-01
1.989999999999999991e+00,9.263731588393281369e-01
1.991000000000000103e+00,9.198035674645042015e-01
1.991999999999999993e+00,9.131640083094910709e-01
1.993000000000000105e+00,9.064591034337184938e-01
1.993999999999999995e+00,8.996935363375078154e-01
1.995000000000000107e+00,8.928720486852566030e-01
1.995999999999999996e+00,8.859994369831359906e-01
1.997000000000000108e+00,8.790805492135191912e-01
1.997999999999999998e+00,8.721202814284702010e-01
1.999000000000000110e+00,8.651235743045142534e-01
2.000000000000000000e+00,8.580954096610977633e-01
2.000999999999999890e+00,8.510408069450521307e-01
2.002000000000000224e+00,8.439648196834408367e-01
2.003000000000000114e+00,8.368725319072211066e-01
2.004000000000000004e+00,8.297690545480861379e-01
2.004999999999999893e+00,8.226595218109969965e-01
2.006000000000000227e+00,8.155490875248184723e-01
2.007000000000000117e+00,8.084429214735623370e-01
2.008000000000000007e+00,8.013462057106764957e-01
2.008999999999999897e+00,7.942641308589607485e-01
2.010000000000000231e+00,7.872018923985616423e-01
2.011000000000000121e+00,7.801646869456014821e-01
2.012000000000000011e+00,7.731577085239348390e-01
2.012999999999999901e+00,7.661861448326455770e-01
2.014000000000000234e+00,7.592551735117231138e-01
2.015000000000000124e+00,7.523699584085608016e-01
2.016000000000000014e+00,7.455356458477534476e-01
2.016999999999999904e+00,7.387573609067825675e-01
2.018000000000000238e+00,7.320402037000887097e-01
2.019000000000000128e+00,7.253892456741483086e-01
2.020000000000000018e+00,7.188095259159867911e-01
2.020999999999999908e+00,7.123060474777147544e-01
2.022000000000000242e+00,7.058837737196314022e-01
2.023000000000000131e+00,6.995476246743450588e-01
2.024000000000000021e+00,6.933024734344186424e-01
2.024999999999999911e+00,6.871531425660445391e-01
2.026000000000000245e+00,6.811044005512153499e-01
2.027000000000000135e+00,6.751609582608343318e-01
2.028000000000000025e+00,6.693274654611286456e-01
2.028999999999999915e+00,6.636085073559232494e-01
2.030000000000000249e+00,6.580086011670247537e-01
2.031000000000000139e+00,6.525321927551462897e-01
2.032000000000000028e+00,6.471836532837023093e-01
2.032999999999999918e+00,6.419672759277853524e-01
2.034000000000000252e+00,6.368872726306212817e-01
2.035000000000000142e+00,6.319477709097215401e-01
2.036000000000000032e+00,6.271528107150066145e-01
2.036999999999999922e+00,6.225063413410780733e-01
2.038000000000000256e+00,6.180122183957585946e-01
2.039000000000000146e+00,6.136742008270840154e-01
2.040000000000000036e+00,6.094959480107881022e-01
2.040999999999999925e+00,6.054810169003619347e-01
2.042000000000000259e+00,6.016328592416417820e-01
2.043000000000000149e+00,5.979548188539706155e-01
2.044000000000000039e+00,5.944501289797993193e-01
2.044999999999999929e+00,5.911219097046119808e-01
2.046000000000000263e+00,5.879731654490518711e-01
2.047000000000000153e+00,5.850067825349950512e-01
2.048000000000000043e+00,5.822255268273555107e-01
2.048999999999999932e+00,5.796320414532581955e-01
2.049999999999999822e+00,5.772288446002992179e-01
2.051000000000000156e+00,5.750183273954386776e-01
2.052000000000000046e+00,5.730027518660764096e-01
2.052999999999999936e+00,5.711842489848079074e-01
2.053999999999999826e+00,5.695648167993055955e-01
2.055000000000000160e+00,5.681463186486861439e-01
2.056000000000000050e+00,5.669304814677202931e-01
2.056999999999999940e+00,5.659188941801007733e-01
2.057999999999999829e+00,5.651130061820713868e-01
2.059000000000000163e+00,5.645141259174570880e-01
2.060000000000000053e+00,5.641234195452922151e-01
2.060999999999999943e+00,5.639419097010216486e-01
2.061999999999999833e+00,5.639704743522668817e-01
2.063000000000000167e+00,5.642098457500756004e-01
2.064000000000000057e+00,5.646606094764922146e-01
2.064999999999999947e+00,5.653232035892700180e-01
2.065999999999999837e+00,5.661979178643853361e-01
2.067000000000000171e+00,5.672848931371035075e-01
2.068000000000000060e+00,5.685841207421281629e-01
2.068999999999999950e+00,5.700954420533852485e-01
2.069999999999999840e+00,5.718185481239242973e-01
2.071000000000000174e+00,5.737529794263426242e-01
2.072000000000000064e+00,5.758981256940263194e-01
2.072999999999999954e+00,5.782532258635488809e-01
2.073999999999999844e+00,5.808173681183808057e-01
2.075000000000000178e+00,5.835894900340803382e-01
2.076000000000000068e+00,5.865683788250024566e-01
2.076999999999999957e+00,5.897526716925880486e-01
2.077999999999999847e+00,5.931408562751374625e-01
2.079000000000000181e+00,5.967312711989262164e-01
2.080000000000000071e+00,6.005221067305206439e-01
2.080999999999999961e+00,6.045114055300090383e-01
2.081999999999999851e+00,6.086970635047947997e-01
2.083000000000000185e+00,6.130768307636172976e-01
2.084000000000000075e+00,6.176483126702914106e-01
2.084999999999999964e+00,6.224089709966936779e-01
2.085999999999999854e+00,6.273561251743364764e-01
2.087000000000000188e+00,6.324869536439621243e-01
2.088000000000000078e+00,6.377984953023589920e-01
2.088999999999999968e+00,6.432876510456774222e-01
2.089999999999999858e+00,6.489511854083620523e-01
2.091000000000000192e+00,6.547857282968021497e-01
2.092000000000000082e+00,6.607877768167295107e-01
2.092999999999999972e+00,6.669536971933307523e-01
2.093999999999999861e+00,6.732797267829681021e-01
2.095000000000000195e+00,6.797619761753594947e-01
2.096000000000000085e+00,6.863964313849724164e-01
2.096999999999999975e+00,6.931789561304265712e-01
2.097999999999999865e+00,7.001052942004682977e-01
2.099000000000000199e+00,7.071710719051981231e-01
2.100000000000000089e+00,7.143718006110614249e-01
2.100999999999999979e+00,7.217028793581224955e-01
2.101999999999999869e+00,7.291595975580282829e-01
2.103000000000000203e+00,7.367371377710529856e-01
2.104000000000000092e+00,7.444305785605660475e-01
2.104999999999999982e+00,7.522348974231927166e-01
2.105999999999999872e+00,7.601449737928749339e-01
2.107000000000000206e+00,7.681555921170319934e-01
2.108000000000000096e+00,7.762614450029200475e-01
2.108999999999999986e+00,7.844571364323112972e-01
2.109999999999999876e+00,7.927371850424601574e-01
2.111000000000000210e+00,8.010960274714012952e-01
2.112000000000000099e+00,8.095280217654757804e-01
2.112999999999999989e+00,8.180274508470234407e-01
2.113999999999999879e+00,8.265885260400566148e-01
2.115000000000000213e+00,8.352053906517643567e-01
2.116000000000000103e+00,8.438721236075904519e-01
2.116999999999999993e+00,8.525827431376726828e-01
2.117999999999999883e+00,8.613312105122917783e-01
2.119000000000000217e+00,8.701114338240385493e-01
2.120000000000000107e+00,8.789172718143011265e-01
2.120999999999999996e+00,8.877425377417195174e-01
2.121999999999999886e+00,8.965810032901292415e-01
2.123000000000000220e+00,9.054264025135886351e-01
2.124000000000000110e+00,9.142724358159275422e-01
2.125000000000000000e+00,9.231127739624397366e-01
2.125999999999999890e+00,9.319410621210402201e-01
2.127000000000000224e+00,9.407509239304440163e-01
2.128000000000000114e+00,9.495359655926912668e-01
2.129000000000000004e+00,9.582897799875468303e-01
2.129999999999999893e+00,9.670059508060490083e-01
2.131000000000000227e+00,9.756780567006162475e-01
2.132000000000000117e+00,9.842996754490752620e-01
2.133000000000000007e+00,9.928643881299962226e-01
2.133999999999999897e+00,1.001365783306555901e+00
2.135000000000000231e+00,1.009797461216372039e+00
2.136000000000000121e+00,1.018153037964525165e+00
2.137000000000000011e+00,1.026426149717206249e+00
2.137999999999999901e+00,1.034610456893123587e+00
2.139000000000000234e+00,1.042699648350130293e+00
2.140000000000000124e+00,1.050687445564283173e+00
2.141000000000000014e+00,1.058567606798685778e+00
2.141999999999999904e+00,1.066333931259387136e+00
2.143000000000000238e+00,1.073980263235665866e+00
2.144000000000000128e+00,1.081500496222020935e+00
2.145000000000000018e+00,1.088888577019194503e+00
2.145999999999999908e+00,1.096138509811537709e+00
2.147000000000000242e+00,1.103244360218109232e+00
2.148000000000000131e+00,1.110200259314817695e+00
2.149000000000000021e+00,1.117000407625037939e+00
2.149999999999999911e+00,1.123639079076024450e+00
2.151000000000000245e+00,1.130110624918603701e+00
2.152000000000000135e+00,1.136409477607510654e+00
2.153000000000000025e+00,1.142530154639861406e+00
2.153999999999999915e+00,1.148467262349222695e+00
2.155000000000000249e+00,1.154215499652765597e+00
2.156000000000000139e+00,1.159769661749030512e+00
2.157000000000000028e+00,1.165124643763889356e+00
2.157999999999999918e+00,1.170275444342223414e+00
2.159000000000000252e+00,1.175217169183000898e+00
2.160000000000000142e+00,1.179945034515304858e+00
2.161000000000000032e+00,1.184454370513128962e+00
2.161999999999999922e+00,1.188740624646508204e+00
2.163000000000000256e+00,1.192799364966837805e+00
2.164000000000000146e+00,1.196626283324115692e+00
2.165000000000000036e+00,1.200217198513988004e+00
2.165999999999999925e+00,1.203568059352418063e+00
2.167000000000000259e+00,1.206674947675926868e+00
2.168000000000000149e+00,1.209534081265342342e+00
2.169000000000000039e+00,1.212141816691112428e+00
2.169999999999999929e+00,1.214494652078128345e+00
2.171000000000000263e+00,1.216589229788292981e+00
2.172000000000000153e+00,1.218422339018862210e+00
2.173000000000000043e+00,1.219990918314840966e+00
2.173999999999999932e+00,1.221292057993635272e+00
2.175000000000000266e+00,1.222323002480293352e+00
2.176000000000000156e+00,1.223081152551675821e+00
2.177000000000000046e+00,1.223564067487973084e+00
2.177999999999999936e+00,1.223769467130053190e+00
2.178999999999999826e+00,1.223695233841144647e+00
2.180000000000000160e+00,1.223339414371436229e+00
2.181000000000000050e+00,1.222700221624280603e+00
2.181999999999999940e+00,1.221776036322648196e+00
2.182999999999999829e+00,1.220565408574616040e+00
2.184000000000000163e+00,1.219067059336758296e+00
2.185000000000000053e+00,1.217279881774260941e+00
2.185999999999999943e+00,1.215202942516754758e+00
2.186999999999999833e+00,1.212835482808865439e+00
2.188000000000000167e+00,1.210176919554594166e+00
2.189000000000000057e+00,1.207226846254627839e+00
2.189999999999999947e+00,1.203985033835802021e+00
2.190999999999999837e+00,1.200451431372048239e+00
2.192000000000000171e+00,1.196626166696093341e+00
2.193000000000000060e+00,1.192509546901383333e+00
2.193999999999999950e+00,1.188102058733663702e+00
2.194999999999999840e+00,1.183404368871839418e+00
2.196000000000000174e+00,1.178417324097649654e+00
2.197000000000000064e+00,1.173141951353886769e+00
2.197999999999999954e+00,1.167579457690936851e+00
2.198999999999999844e+00,1.161731230101419765e+00
2.200000000000000178e+00,1.155598835242845013e+00
2.201000000000000068e+00,1.149184019048293148e+00
2.201999999999999957e+00,1.142488706225062378e+00
2.202999999999999847e+00,1.135514999641488609e+00
2.204000000000000181e+00,1.128265179602024437e+00
2.205000000000000071e+00,1.120741703010929902e+00
2.205999999999999961e+00,1.112947202424754867e+00
2.206999999999999851e+00,1.104884484994106852e+00
2.208000000000000185e+00,1.096556531295135972e+00
2.209000000000000075e+00,1.087966494051222366e+00
2.209999999999999964e+00,1.079117696745484078e+00
2.210999999999999854e+00,1.070013632124769964e+00
2.212000000000000188e+00,1.060657960595882798e+00
2.213000000000000078e+00,1.051054508514801089e+00
2.213999999999999968e+00,1.041207266369742923e+00
2.214999999999999858e+00,1.031120386859103899e+00
2.216000000000000192e+00,1.020798182865144232e+00
2.217000000000000082e+00,1.010245125324595650e+00
2.217999999999999972e+00,9.994658409972104751e-01
2.218999999999999861e+00,9.884651101335850676e-01
2.220000000000000195e+00,9.772478640433845953e-01
2.221000000000000085e+00,9.658191825653785756e-01
2.221999999999999975e+00,9.541842914406318821e-01
2.222999999999999865e+00,9.423485595903117185e-01
2.224000000000000199e+00,9.303174962996074715e-01
2.225000000000000089e+00,9.180967483093878112e-01
2.225999999999999979e+00,9.056920968171003894e-01
2.226999999999999869e+00,8.931094543887420079e-01
2.228000000000000203e+00,8.803548617835258439e-01
2.229000000000000092e+00,8.674344846931633102e-01
2.229999999999999982e+00,8.543546103974498651e-01
2.230999999999999872e+00,8.411216443382318886e-01
2.232000000000000206e+00,8.277421066136120276e-01
2.233000000000000096e+00,8.142226283944749010e-01
2.233999999999999986e+00,8.005699482652768317e-01
2.234999999999999876e+00,7.867909084913602413e-01
2.236000000000000210e+00,7.728924512148651615e-01
2.237000000000000099e+00,7.588816145814875069e-01
2.237999999999999989e+00,7.447655288002222873e-01
2.238999999999999879e+00,7.305514121386035287e-01
2.240000000000000213e+00,7.162465668555692000e-01
2.241000000000000103e+00,7.018583750744510352e-01
2.241999999999999993e+00,6.873942945984454767e-01
2.242999999999999883e+00,6.728618546710871673e-01
2.244000000000000217e+00,6.582686516841587121e-01
2.245000000000000107e+00,6.436223448356128696e-01
2.245999999999999996e+00,6.289306517400228280e-01
2.246999999999999886e+00,6.142013439942168862e-01
2.248000000000000220e+00,5.994422427006544929e-01
2.249000000000000110e+00,5.846612139512905593e-01
2.250000000000000000e+00,5.698661642744866640e-01
2.250999999999999890e+00,5.550650360477941136e-01
2.252000000000000224e+00,5.402658028792888256e-01
2.253000000000000114e+00,5.254764649602222670e-01
2.254000000000000004e+00,5.107050443917299232e-01
2.254999999999999893e+00,4.959595804884535108e-01
2.256000000000000227e+00,4.812481250618509399e-01
2.257000000000000117e+00,4.665787376860482949e-01
2.258000000000000007e+00,4.519594809489947962e-01
2.258999999999999897e+00,4.373984156919195621e-01
2.260000000000000231e+00,4.229035962398025039e-01
2.261000000000000121e+00,4.084830656258575110e-01
2.262000000000000011e+00,3.941448508127858852e-01
2.262999999999999901e+00,3.798969579138117836e-01
2.264000000000000234e+00,3.657473674162844968e-01
2.265000000000000124e+00,3.517040294108048637e-01
2.266000000000000014e+00,3.377748588287118325e-01
2.266999999999999904e+00,3.239677306908611554e-01
2.268000000000000238e+00,3.102904753705346685e-01
2.269000000000000128e+00,2.967508738734568885e-01
2.270000000000000018e+00,2.833566531376029984e-01
2.270999999999999908e+00,2.701154813558557799e-01
2.272000000000000242e+00,2.570349633242574594e-01
2.273000000000000131e+00,2.441226358187331413e-01
2.274000000000000021e+00,2.313859630030300207e-01
2.274999999999999911e+00,2.188323318707988963e-01
2.276000000000000245e+00,2.064690477245369193e-01
2.277000000000000135e+00,1.943033296941844845e-01
2.278000000000000025e+00,1.823423062980423781e-01
2.278999999999999915e+00,1.705930110489033147e-01
2.280000000000000249e+00,1.590623781079280874e-01
2.281000000000000139e+00,1.477572379890532417e-01
2.282000000000000028e+00,1.366843133164908353e-01
2.282999999999999918e+00,1.258502146380169051e-01
2.284000000000000252e+00,1.152614362965786871e-01
2.285000000000000142e+00,1.049243523627983454e-01
2.286000000000000032e+00,9.484521263085103626e-02
2.286999999999999922e+00,8.503013868026755573e-02
2.288000000000000256e+00,7.548512000604092054e-02
2.289000000000000146e+00,6.621601021947302879e-02
2.290000000000000036e+00,5.722852332210072446e-02
2.290999999999999925e+00,4.852823005506679693e-02
2.292000000000000259e+00,4.012055432614813205e-02
2.293000000000000149e+00,3.201076971675316518e-02
2.294000000000000039e+00,2.420399607097976566e-02
2.294999999999999929e+00,1.670519616896941686e-02
2.296000000000000263e+00,9.519172486570528016e-03
2.297000000000000153e+00,2.650564043391362336e-03
2.298000000000000043e+00,-3.896156658784507426e-03
2.298999999999999932e+00,-1.011668660529309316e-02
2.300000000000000266e+00,-1.600689514369791483e-02
2.301000000000000156e+00,-2.156282676289420289e-02
2.302000000000000046e+00,-2.678070377446245195e-02
2.302999999999999936e+00,-3.165692889452181163e-02
2.304000000000000270e+00,-3.618808772448103839e-02
2.305000000000000160e+00,-4.037095112902056721e-02
2.306000000000000050e+00,-4.420247750988406943e-02
2.306999999999999940e+00,-4.767981497390859358e-02
2.307999999999999829e+00,-5.080030339393121902e-02
2.309000000000000163e+00,-5.356147636124294203e-02
2.310000000000000053e+00,-5.596106302827798945e-02
2.310999999999999943e+00,-5.799698984036941174e-02
2.311999999999999833e+00,-5.966738215536145779e-02
2.313000000000000167e+00,-6.097056575006161439e-02
2.314000000000000057e+00,-6.190506821248630692e-02
2.314999999999999947e+00,-6.246962021895484385e-02
2.315999999999999837e+00,-6.266315669518181253e-02
2.317000000000000171e+00,-6.248481786052600961e-02
2.318000000000000060e+00,-6.193395015468219217e-02
2.318999999999999950e+00,-6.101010704614837077e-02
2.319999999999999840e+00,-5.971304972186276816e-02
2.321000000000000174e+00,-5.804274765748827780e-02
2.322000000000000064e+00,-5.599937906791504355e-02
2.322999999999999954e+00,-5.358333123755182337e-02
2.323999999999999844e+00,-5.079520073014836407e-02
2.325000000000000178e+00,-4.763579347787515184e-02
2.326000000000000068e+00,-4.410612474951549483e-02
2.326999999999999957e+00,-4.020741899767667216e-02
2.327999999999999847e+00,-3.594110958498083347e-02
2.329000000000000181e+00,-3.130883838933502111e-02
2.330000000000000071e+00,-2.631245528834739306e-02
2.330999999999999961e+00,-2.095401752313885008e-02
2.331999999999999851e+00,-1.523578894179536750e-02
2.333000000000000185e+00,-9.160239122798128145e-03
2.334000000000000075e+00,-2.730042378907660688e-03
2.334999999999999964e+00,4.051923358128957722e-03
2.335999999999999854e+00,1.118257777133811748e-02
2.337000000000000188e+00,1.865863951025377790e-02
2.338000000000000078e+00,2.647662765980392935e-02
2.338999999999999968e+00,3.463286332568261267e-02
2.339999999999999858e+00,4.312347133529122883e-02
2.341000000000000192e+00,5.194438205334923203e-02
2.342000000000000082e+00,6.109133331119757232e-02
2.342999999999999972e+00,7.055987244878482445e-02
2.343999999999999861e+00,8.034535846812805582e-02
2.345000000000000195e+00,9.044296429713946650e-02
2.346000000000000085e+00,1.008476791625103341e-01
2.346999999999999975e+00,1.115543110704165786e-01
2.347999999999999865e+00,1.225574893935283960e-01
2.349000000000000199e+00,1.338516675629982944e-01
2.350000000000000089e+00,1.454311258638555648e-01
2.350999999999999979e+00,1.572899743322425936e-01
2.351999999999999869e+00,1.694221557528577948e-01
2.353000000000000203e+00,1.818214487549148772e-01
2.354000000000000092e+00,1.944814710048183848e-01
2.354999999999999982e+00,2.073956824938426868e-01
2.355999999999999872e+00,2.205573889188033321e-01
2.357000000000000206e+00,2.339597451539195960e-01
2.358000000000000096e+00,2.475957588117668473e-01
2.358999999999999986e+00,2.614582938914074561e-01
2.359999999999999876e+00,2.755400745114913730e-01
2.361000000000000210e+00,2.898336887262505379e-01
2.362000000000000099e+00,3.043315924221572932e-01
2.362999999999999989e+00,3.190261132930657939e-01
2.363999999999999879e+00,3.339094548914703919e-01
2.365000000000000213e+00,3.489737007535837487e-01
2.366000000000000103e+00,3.642108185958382593e-01
2.366999999999999993e+00,3.796126645804493438e-01
2.367999999999999883e+00,3.951709876474588934e-01
2.369000000000000217e+00,4.108774339108562934e-01
2.370000000000000107e+00,4.267235511161638906e-01
2.370999999999999996e+00,4.427007931569883481e-01
2.371999999999999886e+00,4.588005246477932508e-01
2.373000000000000220e+00,4.750140255503723652e-01
2.374000000000000110e+00,4.913324958512177987e-01
2.375000000000000000e+00,5.077470602872017347e-01
2.375999999999999890e+00,5.242487731166908249e-01
2.377000000000000224e+00,5.408286229334214879e-01
2.378000000000000114e+00,5.574775375202359884e-01
2.379000000000000004e+00,5.741863887400178168e-01
2.379999999999999893e+00,5.909459974607987887e-01
2.381000000000000227e+00,6.077471385122951153e-01
2.382000000000000117e+00,6.245805456708830583e-01
2.383000000000000007e+00,6.414369166702876823e-01
2.383999999999999897e+00,6.583069182348512127e-01
2.385000000000000231e+00,6.751811911325853455e-01
2.386000000000000121e+00,6.920503552450060214e-01
2.387000000000000011e+00,7.089050146508873995e-01
2.387999999999999901e+00,7.257357627208206319e-01
2.389000000000000234e+00,7.425331872197233896e-01
2.390000000000000124e+00,7.592878754142714515e-01
2.391000000000000014e+00,7.759904191823635555e-01
2.391999999999999904e+00,7.926314201214719191e-01
2.393000000000000238e+00,8.092014946530837749e-01
2.394000000000000128e+00,8.256912791200992086e-01
2.395000000000000018e+00,8.420914348743911981e-01
2.395999999999999908e+00,8.583926533513482893e-01
2.397000000000000242e+00,8.745856611286283444e-01
2.398000000000000131e+00,8.906612249660668112e-01
2.399000000000000021e+00,9.066101568238583708e-01
2.399999999999999911e+00,9.224233188560403418e-01
2.401000000000000245e+00,9.380916283764323405e-01
2.402000000000000135e+00,9.536060627940340373e-01
2.403000000000000025e+00,9.689576645151628531e-01
2.403999999999999915e+00,9.841375458093177819e-01
2.405000000000000249e+00,9.991368936360615072e-01
2.406000000000000139e+00,1.013946974430001147e+00
2.407000000000000028e+00,1.028559138841212972e+00
2.407999999999999918e+00,1.042964826428254055e+00
2.409000000000000252e+00,1.057155570301056446e+00
2.410000000000000142e+00,1.071123001711004274e+00
2.411000000000000032e+00,1.084858854585622812e+00
2.411999999999999922e+00,1.098354970005058329e+00
2.413000000000000256e+00,1.111603300617954204e+00
2.414000000000000146e+00,1.124595914993969270e+00
2.415000000000000036e+00,1.137325001910657551e+00
2.415999999999999925e+00,1.149782874571955826e+00
2.417000000000000259e+00,1.161961974756043903e+00
2.418000000000000149e+00,1.173854876890085830e+00
2.419000000000000039e+00,1.185454292049546776e+00
2.419999999999999929e+00,1.196753071879715025e+00
2.421000000000000263e+00,1.207744212437244391e+00
2.422000000000000153e+00,1.218420857949426228e+00
2.423000000000000043e+00,1.228776304489122673e+00
2.423999999999999932e+00,1.238804003563143130e+00
2.425000000000000266e+00,1.248497565612104898e+00
2.426000000000000156e+00,1.257850763419676277e+00
2.427000000000000046e+00,1.266857535429353643e+00
2.427999999999999936e+00,1.275511988966802290e+00
2.429000000000000270e+00,1.283808403365924722e+00
2.430000000000000160e+00,1.291741232996927558e+00
2.431000000000000050e+00,1.299305110194629798e+00
2.431999999999999940e+00,1.306494848085359095e+00
2.432999999999999829e+00,1.313305443310824883e+00
2.434000000000000163e+00,1.319732078647453344e+00
2.435000000000000053e+00,1.325770125519705411e+00
2.435999999999999943e+00,1.331415146405950267e+00
2.436999999999999833e+00,1.336662897135568517e+00
2.438000000000000167e+00,1.341509329076007395e+00
2.439000000000000057e+00,1.345950591208533664e+00
2.439999999999999947e+00,1.349983032091618407e+00
2.440999999999999837e+00,1.353603201710779746e+00
2.442000000000000171e+00,1.356807853213961579e+00
2.443000000000000060e+00,1.359593944531424237e+00
2.443999999999999950e+00,1.361958639879354616e+00
2.444999999999999840e+00,1.363899311146339555e+00
2.446000000000000174e+00,1.365413539161989709e+00
2.447000000000000064e+00,1.366499114847040230e+00
2.447999999999999954e+00,1.367154040244384472e+00
2.448999999999999844e+00,1.367376529430455401e+00
2.450000000000000178e+00,1.367165009306555490e+00
2.451000000000000068e+00,1.366518120269754277e+00
2.451999999999999957e+00,1.365434716763043177e+00
2.452999999999999847e+00,1.363913867704520833e+00
2.454000000000000181e+00,1.361954856795451141e+00
2.455000000000000071e+00,1.359557182707127554e+00
2.455999999999999961e+00,1.356720559146499472e+00
2.456999999999999851e+00,1.353444914800655985e+00
2.458000000000000185e+00,1.349730393160272657e+00
2.459000000000000075e+00,1.345577352222265599e+00
2.459999999999999964e+00,1.340986364071872439e+00
2.460999999999999854e+00,1.335958214344566075e+00
2.462000000000000188e+00,1.330493901568208237e+00
2.463000000000000078e+00,1.324594636385917124e+00
2.463999999999999968e+00,1.318261840660234219e+00
2.464999999999999858e+00,1.311497146459218888e+00
2.466000000000000192e+00,1.304302394925190178e+00
2.467000000000000082e+00,1.296679635026864341e+00
2.467999999999999972e+00,1.288631122195754264e+00
2.468999999999999861e+00,1.280159316847746309e+00
2.470000000000000195e+00,1.271266882790821562e+00
2.471000000000000085e+00,1.261956685520000399e+00
2.471999999999999975e+00,1.252231790400578415e+00
2.472999999999999865e+00,1.242095460740899604e+00
2.474000000000000199e+00,1.231551155755846505e+00
2.475000000000000089e+00,1.220602528422447541e+00
2.475999999999999979e+00,1.209253423228861868e+00
2.476999999999999869e+00,1.197507873818305146e+00
2.478000000000000203e+00,1.185370100529311355e+00
2.479000000000000092e+00,1.172844507834017502e+00
2.479999999999999982e+00,1.159935681675920094e+00
2.480999999999999872e+00,1.146648386708955636e+00
2.482000000000000206e+00,1.132987563439541656e+00
2.483000000000000096e+00,1.118958325273453847e+00
2.483999999999999986e+00,1.104565955469260397e+00
2.484999999999999876e+00,1.089815904000367874e+00
2.486000000000000210e+00,1.074713784327581578e+00
2.487000000000000099e+00,1.059265370084165880e+00
2.487999999999999989e+00,1.043476591675467358e+00
2.488999999999999879e+00,1.027353532795271640e+00
2.490000000000000213e+00,1.010902426861002290e+00
2.491000000000000103e+00,9.941296533700252347e-01
2.491999999999999993e+00,9.770417341791595156e-01
2.492999999999999883e+00,9.596453297099560853e-01
2.494000000000000217e+00,9.419472350818115514e-01
2.495000000000000107e+00,9.239543761755145690e-01
2.495999999999999996e+00,9.056738056294393324e-01
2.496999999999999886e+00,8.871126987710653555e-01
2.498000000000000220e+00,8.682783494861455731e-01
2.499000000000000110e+00,8.491781660281487731e-01
2.500000000000000000e+00,8.298196667704781371e-01
2.500999999999999890e+00,8.102104759041227622e-01
2.502000000000000224e+00,7.903583190833098904e-01
2.503000000000000114e+00,7.702710190218997610e-01
2.504000000000000004e+00,7.499564910430447373e-01
2.504999999999999893e+00,7.294227385850157175e-01
2.506000000000000227e+00,7.086778486657888676e-01
2.507000000000000117e+00,6.877299873091986537e-01
2.508000000000000007e+00,6.665873949354021999e-01
2.508999999999999897e+00,6.452583817184941450e-01
2.510000000000000231e+00,6.237513229140091431e-01
2.511000000000000121e+00,6.020746541592532086e-01
2.512000000000000011e+00,5.802368667490983567e-01
2.512999999999999901e+00,5.582465028903289550e-01
2.514000000000000234e+00,5.361121509372170912e-01
2.515000000000000124e+00,5.138424406112993559e-01
2.516000000000000014e+00,4.914460382081331513e-01
2.516999999999999904e+00,4.689316417939993764e-01
2.518000000000000238e+00,4.463079763953753942e-01
2.519000000000000128e+00,4.235837891841188196e-01
2.520000000000000018e+00,4.007678446610967171e-01
2.520999999999999908e+00,3.778689198413140993e-01
2.522000000000000242e+00,3.548957994433439289e-01
2.523000000000000131e+00,3.318572710859081787e-01
2.524000000000000021e+00,3.087621204943936104e-01
2.524999999999999911e+00,2.856191267203594952e-01
2.526000000000000245e+00,2.624370573766610648e-01
2.527000000000000135e+00,2.392246638911743883e-01
2.528000000000000025e+00,2.159906767817296180e-01
2.528999999999999915e+00,1.927438009553296971e-01
2.530000000000000249e+00,1.694927110341377663e-01
2.531000000000000139e+00,1.462460467112387252e-01
2.532000000000000028e+00,1.230124081386462370e-01
2.532999999999999918e+00,9.980035135052925388e-02
2.534000000000000252e+00,7.661838372414452036e-02
2.535000000000000142e+00,5.347495948126141513e-02
2.536000000000000032e+00,3.037847523258120283e-02
2.536999999999999922e+00,7.337265567867531577e-03
2.538000000000000256e+00,-1.564040130571371298e-02
2.539000000000000146e+00,-3.854632787443642433e-02
2.540000000000000036e+00,-6.137239157571641041e-02
2.540999999999999925e+00,-8.411054899996966983e-02
2.542000000000000259e+00,-1.067528400343646516e-01
2.543000000000000149e+00,-1.292913919460171868e-01
2.544000000000000039e+00,-1.517184234023548350e-01
2.544999999999999929e+00,-1.740262484262215803e-01
2.546000000000000263e+00,-1.962072802835767016e-01
2.547000000000000153e+00,-2.182540353014733037e-01
2.548000000000000043e+00,-2.401591366143284723e-01
2.548999999999999932e+00,-2.619153178360571488e-01
2.550000000000000266e+00,-2.835154266563087999e-01
2.551000000000000156e+00,-3.049524283585571260e-01
2.552000000000000046e+00,-3.262194092582458294e-01
2.552999999999999936e+00,-3.473095800588851256e-01
2.554000000000000270e+00,-3.682162791244067979e-01
2.555000000000000160e+00,-3.889329756658018167e-01
2.556000000000000050e+00,-4.094532728404546851e-01
2.556999999999999940e+00,-4.297709107623067237e-01
2.558000000000000274e+00,-4.498797694213419462e-01
2.559000000000000163e+00,-4.697738715106506979e-01
2.560000000000000053e+00,-4.894473851597738179e-01
2.560999999999999943e+00,-5.088946265726363993e-01
2.561999999999999833e+00,-5.281100625687709105e-01
2.563000000000000167e+00,-5.470883130265157268e-01
2.564000000000000057e+00,-5.658241532268046825e-01
2.564999999999999947e+00,-5.843125160964898201e-01
2.565999999999999837e+00,-6.025484943498505830e-01
2.567000000000000171e+00,-6.205273425273785115e-01
2.568000000000000060e+00,-6.382444789306862543e-01
2.568999999999999950e+00,-6.556954874526944588e-01
2.569999999999999840e+00,-6.728761193021052245e-01
2.571000000000000174e+00,-6.897822946214279272e-01
2.572000000000000064e+00,-7.064101039976884433e-01
2.572999999999999954e+00,-7.227558098653189544e-01
2.573999999999999844e+00,-7.388158478004067664e-01
2.575000000000000178e+00,-7.545868277059094575e-01
2.576000000000000068e+00,-7.700655348871995320e-01
2.576999999999999957e+00,-7.852489310177521720e-01
2.577999999999999847e+00,-8.001341549943873366e-01
2.579000000000000181e+00,-8.147185236819457499e-01
2.580000000000000071e+00,-8.289995325471378740e-01
2.580999999999999961e+00,-8.429748561815008090e-01
2.581999999999999851e+00,-8.566423487132693859e-01
2.583000000000000185e+00,-8.700000441082891278e-01
2.584000000000000075e+00,-8.830461563599640851e-01
2.584999999999999964e+00,-8.957790795684791307e-01
2.585999999999999854e+00,-9.081973879093633295e-01
2.587000000000000188e+00,-9.202998354918199286e-01
2.588000000000000078e+00,-9.320853561070798765e-01
2.588999999999999968e+00,-9.435530628672568199e-01
2.589999999999999858e+00,-9.547022477351316816e-01
2.591000000000000192e+00,-9.655323809454779971e-01
2.592000000000000082e+00,-9.760431103185031043e-01
2.592999999999999972e+00,-9.862342604661363810e-01
2.593999999999999861e+00,-9.961058318918739607e-01
2.595000000000000195e+00,-1.005657999985055451e+00
2.596000000000000085e+00,-1.014891113910363574e+00
2.596999999999999975e+00,-1.023805695393634307e+00
2.597999999999999865e+00,-1.032402437404872364e+00
2.599000000000000199e+00,-1.040682202739588336e+00
2.600000000000000089e+00,-1.048646022499603703e+00
2.600999999999999979e+00,-1.056295094474556162e+00
2.601999999999999869e+00,-1.063630781425285221e+00
2.603000000000000203e+00,-1.070654609270479174e+00
2.604000000000000092e+00,-1.077368265177954365e+00
2.604999999999999982e+00,-1.083773595562019798e+00
2.605999999999999872e+00,-1.089872603988361499e+00
2.607000000000000206e+00,-1.095667448988074444e+00
2.608000000000000096e+00,-1.101160441782401245e+00
2.608999999999999986e+00,-1.106354043919866692e+00
2.609999999999999876e+00,-1.111250864827474594e+00
2.611000000000000210e+00,-1.115853659277792786e+00
2.612000000000000099e+00,-1.120165324773712889e+00
2.612999999999999989e+00,-1.124188898852708007e+00
2.613999999999999879e+00,-1.127927556312612101e+00
2.615000000000000213e+00,-1.131384606360753553e+00
2.616000000000000103e+00,-1.134563489688522608e+00
2.616999999999999993e+00,-1.137467775473415488e+00
2.617999999999999883e+00,-1.140101158310623308e+00
2.619000000000000217e+00,-1.142467455076337846e+00
2.620000000000000107e+00,-1.144570601724863357e+00
2.620999999999999996e+00,-1.146414650021896353e+00
2.621999999999999886e+00,-1.148003764216058098e+00
2.623000000000000220e+00,-1.149342217651065923e+00
2.624000000000000110e+00,-1.150434389320846407e+00
2.625000000000000000e+00,-1.151284760369911453e+00
2.625999999999999890e+00,-1.151897910541431536e+00
2.627000000000000224e+00,-1.152278514575353130e+00
2.628000000000000114e+00,-1.152431338559050111e+00
2.629000000000000004e+00,-1.152361236232995356e+00
2.629999999999999893e+00,-1.152073145253857289e+00
2.631000000000000227e+00,-1.151572083417633507e+00
2.632000000000000117e+00,-1.150863144845294839e+00
2.633000000000000007e+00,-1.149951496133537532e+00
2.633999999999999897e+00,-1.148842372473173556e+00
2.635000000000000231e+00,-1.147541073737805117e+00
2.636000000000000121e+00,-1.146052960545336008e+00
2.637000000000000011e+00,-1.144383450294992111e+00
2.637999999999999901e+00,-1.142538013182435863e+00
2.639000000000000234e+00,-1.140522168195640118e+00
2.640000000000000124e+00,-1.138341479094179265e+00
2.641000000000000014e+00,-1.136001550374560853e+00
2.641999999999999904e+00,-1.133508023224302885e+00
2.643000000000000238e+00,-1.130866571467363579e+00
2.644000000000000128e+00,-1.128082897503680737e+00
2.645000000000000018e+00,-1.125162728245360233e+00
2.645999999999999908e+00,-1.122111811052282970e+00
2.647000000000000242e+00,-1.118935909669739326e+00
2.648000000000000131e+00,-1.115640800170765612e+00
2.649000000000000021e+00,-1.112232266905797129e+00
2.649999999999999911e+00,-1.108716098462299682e+00
2.651000000000000245e+00,-1.105098083637036988e+00
2.652000000000000135e+00,-1.101384007423516387e+00
2.653000000000000025e+00,-1.097579647017256077e+00
2.653999999999999915e+00,-1.093690767841471345e+00
2.655000000000000249e+00,-1.089723119595725542e+00
2.656000000000000139e+00,-1.085682432330087988e+00
2.657000000000000028e+00,-1.081574412547364528e+00
2.657999999999999918e+00,-1.077404739335855011e+00
2.659000000000000252e+00,-1.073179060535163876e+00
2.660000000000000142e+00,-1.068902988937516341e+00
2.661000000000000032e+00,-1.064582098526965837e+00
2.661999999999999922e+00,-1.060221920758964709e+00
2.663000000000000256e+00,-1.055827940882622773e+00
2.664000000000000146e+00,-1.051405594307997404e+00
2.665000000000000036e+00,-1.046960263020755955e+00
2.665999999999999925e+00,-1.042497272046439827e+00
2.667000000000000259e+00,-1.038021885966606606e+00
2.668000000000000149e+00,-1.033539305489036941e+00
2.669000000000000039e+00,-1.029054664074148695e+00
2.669999999999999929e+00,-1.024573024619781947e+00
2.671000000000000263e+00,-1.020099376206403452e+00
2.672000000000000153e+00,-1.015638630904782902e+00
2.673000000000000043e+00,-1.011195620648131177e+00
2.673999999999999932e+00,-1.006775094170658136e+00
2.675000000000000266e+00,-1.002381714014442426e+00
2.676000000000000156e+00,-9.980200536064828265e-01
2.677000000000000046e+00,-9.936945944077174575e-01
2.677999999999999936e+00,-9.894097231358006672e-01
2.679000000000000270e+00,-9.851697290633046888e-01
2.680000000000000160e+00,-9.809788013930558215e-01
2.681000000000000050e+00,-9.768410267121319102e-01
2.681999999999999940e+00,-9.727603865261473803e-01
2.683000000000000274e+00,-9.687407548752536846e-01
2.684000000000000163e+00,-9.647858960333570710e-01
2.685000000000000053e+00,-9.608994622918578532e-01
2.685999999999999943e+00,-9.570849918293032887e-01
2.687000000000000277e+00,-9.533459066681840843e-01
2.688000000000000167e+00,-9.496855107200933288e-01
2.689000000000000057e+00,-9.461069879203704014e-01
2.689999999999999947e+00,-9.426134004533415212e-01
2.690999999999999837e+00,-9.392076870691812296e-01
2.692000000000000171e+00,-9.358926614933326116e-01
2.693000000000000060e+00,-9.326710109294097384e-01
2.693999999999999950e+00,-9.295452946563990126e-01
2.694999999999999840e+00,-9.265179427209611074e-01
2.696000000000000174e+00,-9.235912547255118454e-01
2.697000000000000064e+00,-9.207673987127439341e-01
2.697999999999999954e+00,-9.180484101471741987e-01
2.698999999999999844e+00,-9.154361909942191344e-01
2.700000000000000178e+00,-9.129325088972500835e-01
2.701000000000000068e+00,-9.105389964530390401e-01
2.701999999999999957e+00,-9.082571505858663130e-01
2.702999999999999847e+00,-9.060883320205903591e-01
2.704000000000000181e+00,-9.040337648548329996e-01
2.705000000000000071e+00,-9.020945362304323423e-01
2.705999999999999961e+00,-9.002715961041887205e-01
2.706999999999999851e+00,-8.985657571179000991e-01
2.708000000000000185e+00,-8.969776945676362079e-01
2.709000000000000075e+00,-8.955079464720765436e-01
2.709999999999999964e+00,-8.941569137397096245e-01
2.710999999999999854e+00,-8.929248604346254892e-01
2.712000000000000188e+00,-8.918119141405855821e-01
2.713000000000000078e+00,-8.908180664229096157e-01
2.713999999999999968e+00,-8.899431733877495310e-01
2.714999999999999858e+00,-8.891869563382406305e-01
2.716000000000000192e+00,-8.885490025268470982e-01
2.717000000000000082e+00,-8.880287660033404640e-01
2.717999999999999972e+00,-8.876255685576072141e-01
2.718999999999999861e+00,-8.873386007565658984e-01
2.720000000000000195e+00,-8.871669230742785794e-01
2.721000000000000085e+00,-8.871094671143796573e-01
2.721999999999999975e+00,-8.871650369238910372e-01
2.722999999999999865e+00,-8.873323103972861059e-01
2.724000000000000199e+00,-8.876098407698185255e-01
2.725000000000000089e+00,-8.879960581989103652e-01
2.725999999999999979e+00,-8.884892714324145180e-01
2.726999999999999869e+00,-8.890876695624579940e-01
2.728000000000000203e+00,-8.897893238635687929e-01
2.729000000000000092e+00,-8.905921897137387688e-01
2.729999999999999982e+00,-8.914941085969064760e-01
2.730999999999999872e+00,-8.924928101854598950e-01
2.732000000000000206e+00,-8.935859145012047255e-01
2.733000000000000096e+00,-8.947709341531624450e-01
2.733999999999999986e+00,-8.960452766506328270e-01
2.734999999999999876e+00,-8.974062467897628848e-01
2.736000000000000210e+00,-8.988510491119563461e-01
2.737000000000000099e+00,-9.003767904322963478e-01
2.737999999999999989e+00,-9.019804824361316031e-01
2.738999999999999879e+00,-9.036590443420516872e-01
2.740000000000000213e+00,-9.054093056292238373e-01
2.741000000000000103e+00,-9.072280088271851284e-01
2.741999999999999993e+00,-9.091118123661328099e-01
2.742999999999999883e+00,-9.110572934855856175e-01
2.744000000000000217e+00,-9.130609511994146610e-01
2.745000000000000107e+00,-9.151192093151009344e-01
2.745999999999999996e+00,-9.172284195050867117e-01
2.746999999999999886e+00,-9.193848644280261384e-01
2.748000000000000220e+00,-9.215847608977284500e-01
2.749000000000000110e+00,-9.238242630975683767e-01
2.750000000000000000e+00,-9.260994658380591327e-01
2.750999999999999890e+00,-9.284064078553397881e-01
2.752000000000000224e+00,-9.307410751481437483e-01
2.753000000000000114e+00,-9.330994043510451030e-01
2.754000000000000004e+00,-9.354772861415094898e-01
2.754999999999999893e+00,-9.378705686783513906e-01
2.756000000000000227e+00,-9.402750610692525157e-01
2.757000000000000117e+00,-9.426865368648180699e-01
2.758000000000000007e+00,-9.451007375768184504e-01
2.758999999999999897e+00,-9.475133762180414365e-01
2.760000000000000231e+00,-9.499201408613704434e-01
2.761000000000000121e+00,-9.523166982155408800e-01
2.762000000000000011e+00,-9.546986972150985906e-01
2.762999999999999901e+00,-9.570617726220465027e-01
2.764000000000000234e+00,-9.594015486366477274e-01
2.765000000000000124e+00,-9.617136425148775647e-01
2.766000000000000014e+00,-9.639936681899978765e-01
2.766999999999999904e+00,-9.662372398957238540e-01
2.768000000000000238e+00,-9.684399757884377680e-01
2.769000000000000128e+00,-9.705975015659703553e-01
2.770000000000000018e+00,-9.727054540803687921e-01
2.770999999999999908e+00,-9.747594849421779006e-01
2.772000000000000242e+00,-9.767552641136696412e-01
2.773000000000000131e+00,-9.786884834886153683e-01
2.774000000000000021e+00,-9.805548604559657377e-01
2.774999999999999911e+00,-9.823501414450720448e-01
2.776000000000000245e+00,-9.840701054499514377e-01
2.777000000000000135e+00,-9.857105675300820158e-01
2.778000000000000025e+00,-9.872673822853770265e-01
2.778999999999999915e+00,-9.887364473028357192e-01
2.780000000000000249e+00,-9.901137065725337250e-01
2.781000000000000139e+00,-9.913951538705443323e-01
2.782000000000000028e+00,-9.925768361063836975e-01
2.782999999999999918e+00,-9.936548566327685350e-01
2.784000000000000252e+00,-9.946253785152535665e-01
2.785000000000000142e+00,-9.954846277595175152e-01
2.786000000000000032e+00,-9.962288964940713143e-01
2.786999999999999922e+00,-9.968545461061144586e-01
2.788000000000000256e+00,-9.973580103284112042e-01
2.789000000000000146e+00,-9.977357982749135434e-01
2.790000000000000036e+00,-9.979844974231840693e-01
2.790999999999999925e+00,-9.981007765413720811e-01
2.792000000000000259e+00,-9.980813885577621836e-01
2.793000000000000149e+00,-9.979231733708909813e-01
2.794000000000000039e+00,-9.976230605982585598e-01
2.794999999999999929e+00,-9.971780722616493398e-01
2.796000000000000263e+00,-9.965853254072583045e-01
2.797000000000000153e+00,-9.958420346587308902e-01
2.798000000000000043e+00,-9.949455147013270828e-01
2.798999999999999932e+00,-9.938931826954501281e-01
2.800000000000000266e+00,-9.926825606178490968e-01
2.801000000000000156e+00,-9.913112775288525080e-01
2.802000000000000046e+00,-9.897770717639654547e-01
2.802999999999999936e+00,-9.880777930483489735e-01
2.804000000000000270e+00,-9.862114045326489942e-01
2.805000000000000160e+00,-9.841759847486899471e-01
2.806000000000000050e+00,-9.819697294836954304e-01
2.806999999999999940e+00,-9.795909535716428307e-01
2.808000000000000274e+00,-9.770380926004924582e-01
2.809000000000000163e+00,-9.743097045340628481e-01
2.810000000000000053e+00,-9.714044712473263177e-01
2.810999999999999943e+00,-9.683211999741053733e-01
2.812000000000000277e+00,-9.650588246660096736e-01
2.813000000000000167e+00,-9.616164072616878444e-01
2.814000000000000057e+00,-9.579931388654255864e-01
2.814999999999999947e+00,-9.541883408342118900e-01
2.815999999999999837e+00,-9.502014657724631164e-01
2.817000000000000171e+00,-9.460320984336740846e-01
2.818000000000000060e+00,-9.416799565282448770e-01
2.818999999999999950e+00,-9.371448914369140404e-01
2.819999999999999840e+00,-9.324268888292118751e-01
2.821000000000000174e+00,-9.275260691864204432e-01
2.822000000000000064e+00,-9.224426882286236307e-01
2.822999999999999954e+00,-9.171771372454379234e-01
2.823999999999999844e+00,-9.117299433301732092e-01
2.825000000000000178e+00,-9.061017695171122988e-01
2.826000000000000068e+00,-9.002934148217883736e-01
2.826999999999999957e+00,-8.943058141840993791e-01
2.827999999999999847e+00,-8.881400383142452615e-01
2.829000000000000181e+00,-8.817972934414815001e-01
2.830000000000000071e+00,-8.752789209657927394e-01
2.830999999999999961e+00,-8.685863970125901057e-01
2.831999999999999851e+00,-8.617213318907120945e-01
2.833000000000000185e+00,-8.546854694539299802e-01
2.834000000000000075e+00,-8.474806863663729706e-01
2.834999999999999964e+00,-8.401089912722026209e-01
2.835999999999999854e+00,-8.325725238700826258e-01
2.837000000000000188e+00,-8.248735538929178324e-01
2.838000000000000078e+00,-8.170144799935183944e-01
2.838999999999999968e+00,-8.089978285367778188e-01
2.839999999999999858e+00,-8.008262522991719257e-01
2.841000000000000192e+00,-7.925025290762948149e-01
2.842000000000000082e+00,-7.840295601993514385e-01
2.842999999999999972e+00,-7.754103689614272321e-01
2.843999999999999861e+00,-7.666480989546116120e-01
2.845000000000000195e+00,-7.577460123189311281e-01
2.846000000000000085e+00,-7.487074879042080466e-01
2.846999999999999975e+00,-7.395360193460112086e-01
2.847999999999999865e+00,-7.302352130568816602e-01
2.849000000000000199e+00,-7.208087861341131442e-01
2.850000000000000089e+00,-7.112605641854480298e-01
2.850999999999999979e+00,-7.015944790739654380e-01
2.851999999999999869e+00,-6.918145665837299729e-01
2.853000000000000203e+00,-6.819249640075673025e-01
2.854000000000000092e+00,-6.719299076586316977e-01
2.854999999999999982e+00,-6.618337303072121536e-01
2.855999999999999872e+00,-6.516408585445585544e-01
2.857000000000000206e+00,-6.413558100753531388e-01
2.858000000000000096e+00,-6.309831909405915207e-01
2.858999999999999986e+00,-6.205276926726278619e-01
2.859999999999999876e+00,-6.099940893842897838e-01
2.861000000000000210e+00,-5.993872347938909995e-01
2.862000000000000099e+00,-5.887120591881304099e-01
2.862999999999999989e+00,-5.779735663247236310e-01
2.863999999999999879e+00,-5.671768302769633063e-01
2.865000000000000213e+00,-5.563269922221029118e-01
2.866000000000000103e+00,-5.454292571757571872e-01
2.866999999999999993e+00,-5.344888906743682222e-01
2.867999999999999883e+00,-5.235112154079945013e-01
2.869000000000000217e+00,-5.125016078055546487e-01
2.870000000000000107e+00,-5.014654945748120429e-01
2.870999999999999996e+00,-4.904083491992949906e-01
2.871999999999999886e+00,-4.793356883945539826e-01
2.873000000000000220e+00,-4.682530685259953529e-01
2.874000000000000110e+00,-4.571660819907146789e-01
2.875000000000000000e+00,-4.460803535656366337e-01
2.875999999999999890e+00,-4.350015367244573494e-01
2.877000000000000224e+00,-4.239353099257461288e-01
2.878000000000000114e+00,-4.128873728747088356e-01
2.879000000000000004e+00,-4.018634427610263682e-01
2.879999999999999893e+00,-3.908692504753210062e-01
2.881000000000000227e+00,-3.799105368067418609e-01
2.882000000000000117e+00,-3.689930486241460583e-01
2.883000000000000007e+00,-3.581225350434645849e-01
2.883999999999999897e+00,-3.473047435837853802e-01
2.885000000000000231e+00,-3.365454163146843758e-01
2.886000000000000121e+00,-3.258502859974239385e-01
2.887000000000000011e+00,-3.152250722225128921e-01
2.887999999999999901e+00,-3.046754775463062503e-01
2.889000000000000234e+00,-2.942071836291259013e-01
2.890000000000000124e+00,-2.838258473775612800e-01
2.891000000000000014e+00,-2.735370970934949408e-01
2.891999999999999904e+00,-2.633465286324395693e-01
2.893000000000000238e+00,-2.532597015737593771e-01
2.894000000000000128e+00,-2.432821354054069130e-01
2.895000000000000018e+00,-2.334193057256332693e-01
2.895999999999999908e+00,-2.236766404643062145e-01
2.897000000000000242e+00,-2.140595161264149671e-01
2.898000000000000131e+00,-2.045732540602313299e-01
2.899000000000000021e+00,-1.952231167526299327e-01
2.899999999999999911e+00,-1.860143041541765241e-01
2.901000000000000245e+00,-1.769519500364174214e-01
2.902000000000000135e+00,-1.680411183838395883e-01
2.903000000000000025e+00,-1.592867998229210991e-01
2.903999999999999915e+00,-1.506939080908397954e-01
2.905000000000000249e+00,-1.422672765460920308e-01
2.906000000000000139e+00,-1.340116547234936339e-01
2.907000000000000028e+00,-1.259317049358968377e-01
2.907999999999999918e+00,-1.180319989249827700e-01
2.909000000000000252e+00,-1.103170145633792787e-01
2.910000000000000142e+00,-1.027911326104300194e-01
2.911000000000000032e+00,-9.545863352383303357e-02
2.911999999999999922e+00,-8.832369432932463127e-02
2.913000000000000256e+00,-8.139038555063041191e-02
2.914000000000000146e+00,-7.466266820179719155e-02
2.915000000000000036e+00,-6.814439084397219681e-02
2.915999999999999925e+00,-6.183928670872342048e-02
2.917000000000000259e+00,-5.575097088990093458e-02
2.918000000000000149e+00,-4.988293760603734056e-02
2.919000000000000039e+00,-4.423855753514360084e-02
2.919999999999999929e+00,-3.882107522388055648e-02
2.921000000000000263e+00,-3.363360657287318284e-02
2.922000000000000153e+00,-2.867913640002084028e-02
2.923000000000000043e+00,-2.396051608344764230e-02
2.923999999999999932e+00,-1.948046128590354489e-02
2.925000000000000266e+00,-1.524154976221075812e-02
2.926000000000000156e+00,-1.124621925127571032e-02
2.927000000000000046e+00,-7.496765454346600126e-03
2.927999999999999936e+00,-3.995340100878271017e-03
2.929000000000000270e+00,-7.439491034744917129e-04
2.930000000000000160e+00,2.255549196681866462e-03
2.931000000000000050e+00,5.001445692676537852e-03
2.931999999999999940e+00,7.492182081631993708e-03
2.933000000000000274e+00,9.726352340299160987e-03
2.934000000000000163e+00,1.170270410524020671e-02
2.935000000000000053e+00,1.342013995659082325e-02
2.935999999999999943e+00,1.487771860435426266e-02
2.937000000000000277e+00,1.607465597627209461e-02
2.938000000000000167e+00,1.701032620635694811e-02
2.939000000000000057e+00,1.768426252330979748e-02
2.939999999999999947e+00,1.809615803801330192e-02
2.941000000000000281e+00,1.824586642939512657e-02
2.942000000000000171e+00,1.813340252803328709e-02
2.943000000000000060e+00,1.775894279695109865e-02
2.943999999999999950e+00,1.712282570905499651e-02
2.944999999999999840e+00,1.622555202077837974e-02
2.946000000000000174e+00,1.506778494161199397e-02
2.947000000000000064e+00,1.365035019913114420e-02
2.947999999999999954e+00,1.197423599932473381e-02
2.948999999999999844e+00,1.004059288203937479e-02
2.950000000000000178e+00,7.850733471452412196e-03
2.951000000000000068e+00,5.406132121502277982e-03
2.951999999999999957e+00,2.708424456290287746e-03
2.952999999999999847e+00,-2.405931943652091405e-04
2.954000000000000181e+00,-3.438964464170829460e-03
2.955000000000000071e+00,-6.884573724093991966e-03
2.955999999999999961e+00,-1.057514696031448646e-02
2.956999999999999851e+00,-1.450825275602673527e-02
2.958000000000000185e+00,-1.868130337666898053e-02
2.959000000000000075e+00,-2.309155595806334019e-02
2.959999999999999964e+00,-2.773611379690792134e-02
2.960999999999999854e+00,-3.261192774298653924e-02
2.962000000000000188e+00,-3.771579769243620095e-02
2.963000000000000078e+00,-4.304437418120251463e-02
2.963999999999999968e+00,-4.859416007798917497e-02
2.964999999999999858e+00,-5.436151237570961692e-02
2.966000000000000192e+00,-6.034264408052346373e-02
2.967000000000000082e+00,-6.653362619739862371e-02
2.967999999999999972e+00,-7.293038981118522834e-02
2.968999999999999861e+00,-7.952872826198945089e-02
2.970000000000000195e+00,-8.632429941362526615e-02
2.971000000000000085e+00,-9.331262801393173933e-02
2.971999999999999975e+00,-1.004891081456126961e-01
2.972999999999999865e+00,-1.078490057661526530e-01
2.974000000000000199e+00,-1.153874613354085449e-01
2.975000000000000089e+00,-1.230994925293609765e-01
2.975999999999999979e+00,-1.309799970384653567e-01
2.976999999999999869e+00,-1.390237554489412442e-01
2.978000000000000203e+00,-1.472254342053919418e-01
2.979000000000000092e+00,-1.555795886529394156e-01
2.979999999999999982e+00,-1.640806661571918290e-01
2.980999999999999872e+00,-1.727230093001074773e-01
2.982000000000000206e+00,-1.815008591499334689e-01
2.983000000000000096e+00,-1.904083586032715714e-01
2.983999999999999986e+00,-1.994395557972535593e-01
2.984999999999999876e+00,-2.085884075898485346e-01
2.986000000000000210e+00,-2.178487831061761137e-01
2.987000000000000099e+00,-2.272144673487115629e-01
2.987999999999999989e+00,-2.366791648692644356e-01
2.988999999999999879e+00,-2.462365035004389635e-01
2.990000000000000213e+00,-2.558800381444009675e-01
2.991000000000000103e+00,-2.656032546166090524e-01
2.991999999999999993e+00,-2.753995735422292146e-01
2.992999999999999883e+00,-2.852623543028293129e-01
2.994000000000000217e+00,-2.951848990309792753e-01
2.995000000000000107e+00,-3.051604566502946203e-01
2.995999999999999996e+00,-3.151822269585363157e-01
2.996999999999999886e+00,-3.252433647511427384e-01
2.998000000000000220e+00,-3.353369839828233001e-01
2.999000000000000110e+00,-3.454561619644723747e-01
3.000000000000000000e+00,-3.555939435930614567e-01
3.000999999999999890e+00,-3.657433456116845338e-01
3.002000000000000224e+00,-3.758973608972789870e-01
3.003000000000000114e+00,-3.860489627732877072e-01
3.004000000000000004e+00,-3.961911093446743859e-01
3.004999999999999893e+00,-4.063167478525644416e-01
3.006000000000000227e+00,-4.164188190457667194e-01
3.007000000000000117e+00,-4.264902615665599472e-01
3.008000000000000007e+00,-4.365240163479849334e-01
3.008999999999999897e+00,-4.465130310198463515e-01
3.010000000000000231e+00,-4.564502643207574706e-01
3.011000000000000121e+00,-4.663286905133922633e-01
3.012000000000000011e+00,-4.761413038003335374e-01
3.012999999999999901e+00,-4.858811227375137709e-01
3.014000000000000234e+00,-4.955411946427348835e-01
3.015000000000000124e+00,-5.051145999963104760e-01
3.016000000000000014e+00,-5.145944568312065259e-01
3.016999999999999904e+00,-5.239739251097926820e-01
3.018000000000000238e+00,-5.332462110845380687e-01
3.019000000000000128e+00,-5.424045716398553374e-01
3.020000000000000018e+00,-5.514423186123582621e-01
3.020999999999999908e+00,-5.603528230868098925e-01
3.022000000000000242e+00,-5.691295196650286714e-01
3.023000000000000131e+00,-5.777659107050217013e-01
3.024000000000000021e+00,-5.862555705277200380e-01
3.024999999999999911e+00,-5.945921495885549968e-01
3.026000000000000245e+00,-6.027693786112583441e-01
3.027000000000000135e+00,-6.107810726812624713e-01
3.028000000000000025e+00,-6.186211352960425680e-01
3.028999999999999915e+00,-6.262835623698438381e-01
3.030000000000000249e+00,-6.337624461902040540e-01
3.031000000000000139e+00,-6.410519793237223762e-01
3.032000000000000028e+00,-6.481464584686116304e-01
3.032999999999999918e+00,-6.550402882514604341e-01
3.034000000000000252e+00,-6.617279849658618263e-01
3.035000000000000142e+00,-6.682041802503569938e-01
3.036000000000000032e+00,-6.744636247034704324e-01
3.036999999999999922e+00,-6.805011914333363165e-01
3.038000000000000256e+00,-6.863118795397133987e-01
3.039000000000000146e+00,-6.918908175260285454e-01
3.040000000000000036e+00,-6.972332666393195044e-01
3.040999999999999925e+00,-7.023346241357982800e-01
3.042000000000000259e+00,-7.071904264699160336e-01
3.043000000000000149e+00,-7.117963524048517288e-01
3.044000000000000039e+00,-7.161482260423589485e-01
3.044999999999999929e+00,-7.202420197699543891e-01
3.046000000000000263e+00,-7.240738571234774934e-01
3.047000000000000153e+00,-7.276400155631392863e-01
3.048000000000000043e+00,-7.309369291612208830e-01
3.048999999999999932e+00,-7.339611911995358451e-01
3.050000000000000266e+00,-7.367095566750072599e-01
3.051000000000000156e+00,-7.391789447115775236e-01
3.052000000000000046e+00,-7.413664408768922964e-01
3.052999999999999936e+00,-7.432692994020881905e-01
3.054000000000000270e+00,-7.448849453032168055e-01
3.055000000000000160e+00,-7.462109764028526104e-01
3.056000000000000050e+00,-7.472451652504000785e-01
3.056999999999999940e+00,-7.479854609398469689e-01
3.058000000000000274e+00,-7.484299908236177190e-01
3.059000000000000163e+00,-7.485770621213376774e-01
3.060000000000000053e+00,-7.484251634223368921e-01
3.060999999999999943e+00,-7.479729660807952207e-01
3.062000000000000277e+00,-7.472193255025301184e-01
3.063000000000000167e+00,-7.461632823224307876e-01
3.064000000000000057e+00,-7.448040634716571740e-01
3.064999999999999947e+00,-7.431410831337714740e-01
3.066000000000000281e+00,-7.411739435890591920e-01
3.067000000000000171e+00,-7.389024359463183256e-01
3.068000000000000060e+00,-7.363265407614982827e-01
3.068999999999999950e+00,-7.334464285426626207e-01
3.070000000000000284e+00,-7.302624601407480265e-01
3.071000000000000174e+00,-7.267751870257167512e-01
3.072000000000000064e+00,-7.229853514477813103e-01
3.072999999999999954e+00,-7.188938864833838149e-01
3.073999999999999844e+00,-7.145019159657586272e-01
3.075000000000000178e+00,-7.098107542999202435e-01
3.076000000000000068e+00,-7.048219061620396575e-01
3.076999999999999957e+00,-6.995370660831793375e-01
3.077999999999999847e+00,-6.939581179174940662e-01
3.079000000000000181e+00,-6.880871341950446363e-01
3.080000000000000071e+00,-6.819263753594483335e-01
3.080999999999999961e+00,-6.754782888906009086e-01
3.081999999999999851e+00,-6.687455083129478783e-01
3.083000000000000185e+00,-6.617308520896191260e-01
3.084000000000000075e+00,-6.544373224030198832e-01
3.084999999999999964e+00,-6.468681038223660362e-01
3.085999999999999854e+00,-6.390265618589100471e-01
3.087000000000000188e+00,-6.309162414094808824e-01
3.088000000000000078e+00,-6.225408650891680606e-01
3.088999999999999968e+00,-6.139043314539934793e-01
3.089999999999999858e+00,-6.050107131144710770e-01
3.091000000000000192e+00,-5.958642547410801793e-01
3.092000000000000082e+00,-5.864693709626589424e-01
3.092999999999999972e+00,-5.768306441588900713e-01
3.093999999999999861e+00,-5.669528221480245600e-01
3.095000000000000195e+00,-5.568408157711084439e-01
3.096000000000000085e+00,-5.464996963740671454e-01
3.096999999999999975e+00,-5.359346931889416021e-01
3.097999999999999865e+00,-5.251511906158128351e-01
3.099000000000000199e+00,-5.141547254068773443e-01
3.100000000000000089e+00,-5.029509837542460726e-01
3.100999999999999979e+00,-4.915457982830731543e-01
3.101999999999999869e+00,-4.799451449517420087e-01
3.103000000000000203e+00,-4.681551398608398418e-01
3.104000000000000092e+00,-4.561820359727345453e-01
3.104999999999999982e+00,-4.440322197435263019e-01
3.105999999999999872e+00,-4.317122076694598354e-01
3.107000000000000206e+00,-4.192286427495794943e-01
3.108000000000000096e+00,-4.065882908668385087e-01
3.108999999999999986e+00,-3.937980370894971216e-01
3.109999999999999876e+00,-3.808648818951987924e-01
3.111000000000000210e+00,-3.677959373196965087e-01
3.112000000000000099e+00,-3.545984230325578412e-01
3.112999999999999989e+00,-3.412796623420285003e-01
3.113999999999999879e+00,-3.278470781315108162e-01
3.115000000000000213e+00,-3.143081887298112553e-01
3.116000000000000103e+00,-3.006706037177830915e-01
3.116999999999999993e+00,-2.869420196735761319e-01
3.117999999999999883e+00,-2.731302158591680240e-01
3.119000000000000217e+00,-2.592430498505657877e-01
3.120000000000000107e+00,-2.452884531143008640e-01
3.120999999999999996e+00,-2.312744265327640325e-01
3.121999999999999886e+00,-2.172090358810201127e-01
3.123000000000000220e+00,-2.031004072577676789e-01
3.124000000000000110e+00,-1.889567224731353023e-01
3.125000000000000000e+00,-1.747862143959329206e-01
3.125999999999999890e+00,-1.605971622632399176e-01
3.127000000000000224e+00,-1.463978869550124629e-01
3.128000000000000114e+00,-1.321967462365074009e-01
3.129000000000000004e+00,-1.180021299713010924e-01
3.129999999999999893e+00,-1.038224553078293810e-01
3.131000000000000227e+00,-8.966616184218598185e-02
3.132000000000000117e+00,-7.554170676013487185e-02
3.133000000000000007e+00,-6.145755996111700731e-02
3.133999999999999897e+00,-4.742219916726160556e-02
3.135000000000000231e+00,-3.344410502021874509e-02
3.136000000000000121e+00,-1.953175616874968171e-02
3.137000000000000011e+00,-5.693624350023360550e-03
3.137999999999999901e+00,8.061830532478485647e-03
3.139000000000000234e+00,2.172616533155267982e-02
3.140000000000000124e+00,3.529095857629540450e-02
3.141000000000000014e+00,4.874781538681564191e-02
3.141999999999999904e+00,6.208837238051043150e-02
3.143000000000000238e+00,7.530430256714279458e-02
3.144000000000000128e+00,8.838732022958355194e-02
3.145000000000000018e+00,1.013291857875854712e-01
3.145999999999999908e+00,1.141217106414121329e-01
3.147000000000000242e+00,1.267567619925529243e-01
3.148000000000000131e+00,1.392262676385838671e-01
3.149000000000000021e+00,1.515222207393872866e-01
3.149999999999999911e+00,1.636366845517593649e-01
3.151000000000000245e+00,1.755617971295727608e-01
3.152000000000000135e+00,1.872897759867373502e-01
3.153000000000000025e+00,1.988129227201691773e-01
3.153999999999999915e+00,2.101236275898384076e-01
3.155000000000000249e+00,2.212143740532991620e-01
3.156000000000000139e+00,2.320777432519018357e-01
3.157000000000000028e+00,2.427064184459472029e-01
3.157999999999999918e+00,2.530931893962030665e-01
3.159000000000000252e+00,2.632309566890432828e-01
3.160000000000000142e+00,2.731127360026358031e-01
3.161000000000000032e+00,2.827316623116272187e-01
3.161999999999999922e+00,2.920809940277254713e-01
3.163000000000000256e+00,3.011541170737079276e-01
3.164000000000000146e+00,3.099445488884053912e-01
3.165000000000000036e+00,3.184459423601729289e-01
3.165999999999999925e+00,3.266520896865396373e-01
3.167000000000000259e+00,3.345569261576304965e-01
3.168000000000000149e+00,3.421545338610760822e-01
3.169000000000000039e+00,3.494391453062253294e-01
3.169999999999999929e+00,3.564051469653440884e-01
3.171000000000000263e+00,3.630470827297209158e-01
3.172000000000000153e+00,3.693596572785559085e-01
3.173000000000000043e+00,3.753377393585889954e-01
3.173999999999999932e+00,3.809763649724279277e-01
3.175000000000000266e+00,3.862707404736771544e-01
3.176000000000000156e+00,3.912162455669361827e-01
3.177000000000000046e+00,3.958084362108590382e-01
3.177999999999999936e+00,4.000430474224763167e-01
3.179000000000000270e+00,4.039159959810811884e-01
3.180000000000000160e+00,4.074233830299674453e-01
3.181000000000000050e+00,4.105614965745020273e-01
3.181999999999999940e+00,4.133268138749048304e-01
3.183000000000000274e+00,4.157160037323424095e-01
3.184000000000000163e+00,4.177259286668441596e-01
3.185000000000000053e+00,4.193536469857502835e-01
3.185999999999999943e+00,4.205964147413915333e-01
3.187000000000000277e+00,4.214516875767633786e-01
3.188000000000000167e+00,4.219171224580622881e-01
3.189000000000000057e+00,4.219905792930255251e-01
3.189999999999999947e+00,4.216701224339974297e-01
3.191000000000000281e+00,4.209540220648337883e-01
3.192000000000000171e+00,4.198407554707264122e-01
3.193000000000000060e+00,4.183290081901874236e-01
3.193999999999999950e+00,4.164176750483948308e-01
3.195000000000000284e+00,4.141058610712872734e-01
3.196000000000000174e+00,4.113928822797840446e-01
3.197000000000000064e+00,4.082782663636232989e-01
3.197999999999999954e+00,4.047617532343514846e-01
3.199000000000000288e+00,4.008432954570937401e-01
3.200000000000000178e+00,3.965230585608190972e-01
3.201000000000000068e+00,3.918014212267973417e-01
3.201999999999999957e+00,3.866789753551994058e-01
3.202999999999999847e+00,3.811565260096432262e-01
3.204000000000000181e+00,3.752350912397304783e-01
3.205000000000000071e+00,3.689159017816390218e-01
3.205999999999999961e+00,3.622004006368433338e-01
3.206999999999999851e+00,3.550902425292304376e-01
3.208000000000000185e+00,3.475872932408728411e-01
3.209000000000000075e+00,3.396936288267901616e-01
3.209999999999999964e+00,3.314115347091124986e-01
3.210999999999999854e+00,3.227435046511876182e-01
3.212000000000000188e+00,3.136922396121442080e-01
3.213000000000000078e+00,3.042606464826209667e-01
3.213999999999999968e+00,2.944518367022481709e-01
3.214999999999999858e+00,2.842691247598006510e-01
3.216000000000000192e+00,2.737160265767876188e-01
3.217000000000000082e+00,2.627962577754301976e-01
3.217999999999999972e+00,2.515137318319751736e-01
3.218999999999999861e+00,2.398725581164791731e-01
3.220000000000000195e+00,2.278770398201118430e-01
3.221000000000000085e+00,2.155316717712305874e-01
3.221999999999999975e+00,2.028411381414175207e-01
3.222999999999999865e+00,1.898103100429041068e-01
3.224000000000000199e+00,1.764442430186594080e-01
3.225000000000000089e+00,1.627481744267275376e-01
3.225999999999999979e+00,1.487275207201536054e-01
3.226999999999999869e+00,1.343878746242935240e-01
3.228000000000000203e+00,1.197350022129654301e-01
3.229000000000000092e+00,1.047748398852763607e-01
3.229999999999999982e+00,8.951349124477507579e-02
3.230999999999999872e+00,7.395722388283400284e-02
3.232000000000000206e+00,5.811246606812263404e-02
3.233000000000000096e+00,4.198580334409617726e-02
3.233999999999999986e+00,2.558397503642239473e-02
3.234999999999999876e+00,8.913870672523898503e-03
3.236000000000000210e+00,-8.017473684769845649e-03
3.237000000000000099e+00,-2.520287918728680507e-02
3.237999999999999989e+00,-4.263502803311914474e-02
3.238999999999999879e+00,-6.030646737746887115e-02
3.240000000000000213e+00,-7.820961332051931669e-02
3.241000000000000103e+00,-9.633675496991606080e-02
3.241999999999999993e+00,-1.146800585755723273e-01
3.242999999999999883e+00,-1.332315717342694439e-01
3.244000000000000217e+00,-1.519832276616611133e-01
3.245000000000000107e+00,-1.709268495291494383e-01
3.245999999999999996e+00,-1.900541548630904354e-01
3.246999999999999886e+00,-2.093567600037503085e-01
3.248000000000000220e+00,-2.288261846214162676e-01
3.249000000000000110e+00,-2.484538562869189338e-01
3.250000000000000000e+00,-2.682311150940907551e-01
3.250999999999999890e+00,-2.881492183311914479e-01
3.252000000000000224e+00,-3.081993451987727339e-01
3.253000000000000114e+00,-3.283726015710228263e-01
3.254000000000000004e+00,-3.486600247980525813e-01
3.254999999999999893e+00,-3.690525885460352873e-01
3.256000000000000227e+00,-3.895412076725368600e-01
3.257000000000000117e+00,-4.101167431340592695e-01
3.258000000000000007e+00,-4.307700069231371609e-01
3.258999999999999897e+00,-4.514917670317440956e-01
3.260000000000000231e+00,-4.722727524384452424e-01
3.261000000000000121e+00,-4.931036581161236110e-01
3.262000000000000011e+00,-5.139751500575601151e-01
3.262999999999999901e+00,-5.348778703156941150e-01
3.264000000000000234e+00,-5.558024420558038692e-01
3.265000000000000124e+00,-5.767394746165517283e-01
3.266000000000000014e+00,-5.976795685769643596e-01
3.266999999999999904e+00,-6.186133208263679961e-01
3.268000000000000238e+00,-6.395313296343536624e-01
3.269000000000000128e+00,-6.604241997176912848e-01
3.270000000000000018e+00,-6.812825473014627597e-01
3.270999999999999908e+00,-7.020970051711764581e-01
3.272000000000000242e+00,-7.228582277131418987e-01
3.273000000000000131e+00,-7.435568959400008504e-01
3.274000000000000021e+00,-7.641837224986337551e-01
3.274999999999999911e+00,-7.847294566574031238e-01
3.276000000000000245e+00,-8.051848892698643123e-01
3.277000000000000135e+00,-8.255408577120495472e-01
3.278000000000000025e+00,-8.457882507905407632e-01
3.278999999999999915e+00,-8.659180136183168841e-01
3.280000000000000249e+00,-8.859211524556509509e-01
3.281000000000000139e+00,-9.057887395132198094e-01
3.282000000000000028e+00,-9.255119177146780007e-01
3.282999999999999918e+00,-9.450819054158342558e-01
3.284000000000000252e+00,-9.644900010778191257e-01
3.285000000000000142e+00,-9.837275878914146787e-01
3.286000000000000032e+00,-1.002786138350045375e+00
3.286999999999999922e+00,-1.021657218768558861e+00
3.288000000000000256e+00,-1.040332493745419473e+00
3.289000000000000146e+00,-1.058803730565532009e+00
3.290000000000000036e+00,-1.077062803541374514e+00
3.290999999999999925e+00,-1.095101698289751235e+00
3.292000000000000259e+00,-1.112912515941847813e+00
3.293000000000000149e+00,-1.130487477284032982e+00
3.294000000000000039e+00,-1.147818926827265829e+00
3.294999999999999929e+00,-1.164899336802478480e+00
3.296000000000000263e+00,-1.181721311079928949e+00
3.297000000000000153e+00,-1.198277589010069866e+00
3.298000000000000043e+00,-1.214561049183962016e+00
3.298999999999999932e+00,-1.230564713110896546e+00
3.300000000000000266e+00,-1.246281748811254975e+00
3.301000000000000156e+00,-1.261705474322537102e+00
3.302000000000000046e+00,-1.276829361116623707e+00
3.302999999999999936e+00,-1.291647037426278510e+00
3.304000000000000270e+00,-1.306152291479069527e+00
3.305000000000000160e+00,-1.320339074636860843e+00
3.306000000000000050e+00,-1.334201504439222807e+00
3.306999999999999940e+00,-1.347733867548893905e+00
3.308000000000000274e+00,-1.360930622597825046e+00
3.309000000000000163e+00,-1.373786402932123618e+00
3.310000000000000053e+00,-1.386296019254476208e+00
3.310999999999999943e+00,-1.398454462162501022e+00
3.312000000000000277e+00,-1.410256904581736137e+00
3.313000000000000167e+00,-1.421698704091882259e+00
3.314000000000000057e+00,-1.432775405145097380e+00
3.314999999999999947e+00,-1.443482741175101003e+00
3.316000000000000281e+00,-1.453816636596014344e+00
3.317000000000000171e+00,-1.463773208689827188e+00
3.318000000000000060e+00,-1.473348769381589651e+00
3.318999999999999950e+00,-1.482539826901312363e+00
3.320000000000000284e+00,-1.491343087331813644e+00
3.321000000000000174e+00,-1.499755456041638402e+00
3.322000000000000064e+00,-1.507774039002470756e+00
3.322999999999999954e+00,-1.515396143990269451e+00
3.324000000000000288e+00,-1.522619281669634672e+00
3.325000000000000178e+00,-1.529441166560875365e+00
3.326000000000000068e+00,-1.535859717889405784e+00
3.326999999999999957e+00,-1.541873060317017430e+00
3.328000000000000291e+00,-1.547479524554846053e+00
3.329000000000000181e+00,-1.552677647857748644e+00
3.330000000000000071e+00,-1.557466174400012893e+00
3.330999999999999961e+00,-1.561844055532260134e+00
3.331999999999999851e+00,-1.565810449919611713e+00
3.333000000000000185e+00,-1.569364723561166519e+00
3.334000000000000075e+00,-1.572506449690912911e+00
3.334999999999999964e+00,-1.575235408560356598e+00
3.335999999999999854e+00,-1.577551587103086961e+00
3.337000000000000188e+00,-1.579455178481704358e+00
3.338000000000000078e+00,-1.580946581517469252e+00
3.338999999999999968e+00,-1.582026400003267330e+00
3.339999999999999858e+00,-1.582695441900386468e+00
3.341000000000000192e+00,-1.582954718419772089e+00
3.342000000000000082e+00,-1.582805442988500344e+00
3.342999999999999972e+00,-1.582249030102207854e+00
3.343999999999999861e+00,-1.581287094064359966e+00
3.345000000000000195e+00,-1.579921447613258145e+00
3.346000000000000085e+00,-1.578154100437767271e+00
3.346999999999999975e+00,-1.575987257582842638e+00
3.347999999999999865e+00,-1.573423317745925365e+00
3.349000000000000199e+00,-1.570464871465419465e+00
3.350000000000000089e+00,-1.567114699202522665e+00
3.350999999999999979e+00,-1.563375769317629116e+00
3.351999999999999869e+00,-1.559251235942786362e+00
3.353000000000000203e+00,-1.554744436751547276e+00
3.354000000000000092e+00,-1.549858890627795693e+00
3.354999999999999982e+00,-1.544598295235005248e+00
3.355999999999999872e+00,-1.538966524487620502e+00
3.357000000000000206e+00,-1.532967625926201949e+00
3.358000000000000096e+00,-1.526605817998057724e+00
3.358999999999999986e+00,-1.519885487245140165e+00
3.359999999999999876e+00,-1.512811185401050196e+00
3.361000000000000210e+00,-1.505387626399066203e+00
3.362000000000000099e+00,-1.497619683293099913e+00
3.362999999999999989e+00,-1.489512385093544111e+00
3.363999999999999879e+00,-1.481070913520163845e+00
3.365000000000000213e+00,-1.472300599673993737e+00
3.366000000000000103e+00,-1.463206920630487184e+00
3.366999999999999993e+00,-1.453795495955965134e+00
3.367999999999999883e+00,-1.444072084149771618e+00
3.369000000000000217e+00,-1.434042579014227714e+00
3.370000000000000107e+00,-1.423713005954831079e+00
3.370999999999999996e+00,-1.413089518212921503e+00
3.371999999999999886e+00,-1.402178393033328474e+00
3.373000000000000220e+00,-1.390986027769340660e+00
3.374000000000000110e+00,-1.379518935927477541e+00
3.375000000000000000e+00,-1.367783743154575404e+00
3.375999999999999890e+00,-1.355787183169676835e+00
3.377000000000000224e+00,-1.343536093643315610e+00
3.378000000000000114e+00,-1.331037412026774724e+00
3.379000000000000004e+00,-1.318298171333877056e+00
3.379999999999999893e+00,-1.305325495878035369e+00
3.381000000000000227e+00,-1.292126596967153818e+00
3.382000000000000117e+00,-1.278708768559084108e+00
3.383000000000000007e+00,-1.265079382880349268e+00
3.383999999999999897e+00,-1.251245886010846631e+00
3.385000000000000231e+00,-1.237215793437264733e+00
3.386000000000000121e+00,-1.222996685578016995e+00
3.387000000000000011e+00,-1.208596203282336523e+00
3.387999999999999901e+00,-1.194022043306490533e+00
3.389000000000000234e+00,-1.179281953769755198e+00
3.390000000000000124e+00,-1.164383729593033712e+00
3.391000000000000014e+00,-1.149335207922872693e+00
3.391999999999999904e+00,-1.134144263543736653e+00
3.393000000000000238e+00,-1.118818804281296764e+00
3.394000000000000128e+00,-1.103366766399654031e+00
3.395000000000000018e+00,-1.087796109995133875e+00
3.395999999999999908e+00,-1.072114814389637294e+00
3.397000000000000242e+00,-1.056330873526315939e+00
3.398000000000000131e+00,-1.040452291370306481e+00
3.399000000000000021e+00,-1.024487077317356443e+00
3.399999999999999911e+00,-1.008443241613180774e+00
3.401000000000000245e+00,-9.923287907862468060e-01
3.402000000000000135e+00,-9.761517230968412839e-01
3.403000000000000025e+00,-9.599200240050055344e-01
3.403999999999999915e+00,-9.436416616603298113e-01
3.405000000000000249e+00,-9.273245824160509798e-01
3.406000000000000139e+00,-9.109767063703706480e-01
3.407000000000000028e+00,-8.946059229374884181e-01
3.407999999999999918e+00,-8.782200864511566785e-01
3.409000000000000252e+00,-8.618270118032925753e-01
3.410000000000000142e+00,-8.454344701202969325e-01
3.411000000000000032e+00,-8.290501844796003272e-01
3.411999999999999922e+00,-8.126818256690540032e-01
3.413000000000000256e+00,-7.963370079916365363e-01
3.414000000000000146e+00,-7.800232851179987881e-01
3.415000000000000036e+00,-7.637481459891910518e-01
3.415999999999999925e+00,-7.475190107721625399e-01
3.417000000000000259e+00,-7.313432268702556582e-01
3.418000000000000149e+00,-7.152280649911337829e-01
3.419000000000000039e+00,-6.991807152743698683e-01
3.419999999999999929e+00,-6.832082834810193628e-01
3.421000000000000263e+00,-6.673177872473546879e-01
3.422000000000000153e+00,-6.515161524049666308e-01
3.423000000000000043e+00,-6.358102093693049905e-01
3.423999999999999932e+00,-6.202066895988300743e-01
3.425000000000000266e+00,-6.047122221267141606e-01
3.426000000000000156e+00,-5.893333301671686009e-01
3.427000000000000046e+00,-5.740764277982531860e-01
3.427999999999999936e+00,-5.589478167231037853e-01
3.429000000000000270e+00,-5.439536831113996884e-01
3.430000000000000160e+00,-5.291000945228794272e-01
3.431000000000000050e+00,-5.143929969145148995e-01
3.431999999999999940e+00,-4.998382117331744423e-01
3.433000000000000274e+00,-4.854414330953029100e-01
3.434000000000000163e+00,-4.712082250551809515e-01
3.435000000000000053e+00,-4.571440189632075546e-01
3.435999999999999943e+00,-4.432541109157951409e-01
3.437000000000000277e+00,-4.295436592980881874e-01
3.438000000000000167e+00,-4.160176824209766977e-01
3.439000000000000057e+00,-4.026810562534579585e-01
3.439999999999999947e+00,-3.895385122518046916e-01
3.441000000000000281e+00,-3.765946352864344426e-01
3.442000000000000171e+00,-3.638538616676846860e-01
3.443000000000000060e+00,-3.513204772714342283e-01
3.443999999999999950e+00,-3.389986157655557331e-01
3.445000000000000284e+00,-3.268922569380133258e-01
3.446000000000000174e+00,-3.150052251274871318e-01
3.447000000000000064e+00,-3.033411877571838278e-01
3.447999999999999954e+00,-2.919036539725751722e-01
3.449000000000000288e+00,-2.806959733836156268e-01
3.450000000000000178e+00,-2.697213349120601289e-01
3.451000000000000068e+00,-2.589827657442384523e-01
3.451999999999999957e+00,-2.484831303897842847e-01
3.453000000000000291e+00,-2.382251298466331046e-01
3.454000000000000181e+00,-2.282113008725443759e-01
3.455000000000000071e+00,-2.184440153633286363e-01
3.455999999999999961e+00,-2.089254798379405476e-01
3.456999999999999851e+00,-1.996577350305469289e-01
3.458000000000000185e+00,-1.906426555894436548e-01
3.459000000000000075e+00,-1.818819498828595782e-01
3.459999999999999964e+00,-1.733771599114513617e-01
3.460999999999999854e+00,-1.651296613272939529e-01
3.462000000000000188e+00,-1.571406635590910095e-01
3.463000000000000078e+00,-1.494112100432904156e-01
3.463999999999999968e+00,-1.419421785606015118e-01
3.464999999999999858e+00,-1.347342816775565777e-01
3.466000000000000192e+00,-1.277880672924761873e-01
3.467000000000000082e+00,-1.211039192852988305e-01
3.467999999999999972e+00,-1.146820582705405794e-01
3.468999999999999861e+00,-1.085225424526688603e-01
3.470000000000000195e+00,-1.026252685831123695e-01
3.471000000000000085e+00,-9.698997301797757098e-02
3.471999999999999975e+00,-9.161623287559816919e-02
3.472999999999999865e+00,-8.650346729287188008e-02
3.474000000000000199e+00,-8.165093877937569522e-02
3.475000000000000089e+00,-7.705775466812059271e-02
3.475999999999999979e+00,-7.272286866171261133e-02
3.476999999999999869e+00,-6.864508247281160547e-02
3.478000000000000203e+00,-6.482304755745077474e-02
3.479000000000000092e+00,-6.125526693996041772e-02
3.479999999999999982e+00,-5.794009712800134854e-02
3.480999999999999872e+00,-5.487575011636142142e-02
3.482000000000000206e+00,-5.206029547784044031e-02
3.483000000000000096e+00,-4.949166253978107277e-02
3.483999999999999986e+00,-4.716764264452229238e-02
3.484999999999999876e+00,-4.508589149215981584e-02
3.486000000000000210e+00,-4.324393156381844266e-02
3.487000000000000099e+00,-4.163915462375026438e-02
3.487999999999999989e+00,-4.026882429831264709e-02
3.488999999999999879e+00,-3.913007873003371967e-02
3.490000000000000213e+00,-3.821993330481214535e-02
3.491000000000000103e+00,-3.753528345030879981e-02
3.491999999999999993e+00,-3.707290750347329300e-02
3.492999999999999883e+00,-3.682946964519587252e-02
3.494000000000000217e+00,-3.680152289999378407e-02
3.495000000000000107e+00,-3.698551219857238587e-02
3.495999999999999996e+00,-3.737777750110453379e-02
3.496999999999999886e+00,-3.797455697905340044e-02
3.498000000000000220e+00,-3.877199025326436010e-02
3.499000000000000110e+00,-3.976612168602110253e-02
3.500000000000000000e+00,-4.095290372487207786e-02
3.500999999999999890e+00,-4.232820029578922283e-02
3.502000000000000224e+00,-4.388779024332597339e-02
3.503000000000000114e+00,-4.562737081539564032e-02
3.504000000000000004e+00,-4.754256119026564753e-02
3.504999999999999893e+00,-4.962890604329189131e-02
3.506000000000000227e+00,-5.188187915094815555e-02
3.507000000000000117e+00,-5.429688702966713187e-02
3.508000000000000007e+00,-5.686927260702535902e-02
3.508999999999999897e+00,-5.959431892267732372e-02
3.510000000000000231e+00,-6.246725285656127419e-02
3.511000000000000121e+00,-6.548324888182241454e-02
3.512000000000000011e+00,-6.863743283989284794e-02
3.512999999999999901e+00,-7.192488573508078187e-02
3.514000000000000234e+00,-7.534064754622483984e-02
3.515000000000000124e+00,-7.887972105269890066e-02
3.516000000000000014e+00,-8.253707567225050667e-02
3.516999999999999904e+00,-8.630765130801998364e-02
3.518000000000000238e+00,-9.018636220218224919e-02
3.519000000000000128e+00,-9.416810079357638974e-02
3.520000000000000018e+00,-9.824774157673232811e-02
3.520999999999999908e+00,-1.024201449597053892e-01
3.522000000000000242e+00,-1.066801611181164150e-01
3.523000000000000131e+00,-1.110226338427897919e-01
3.524000000000000021e+00,-1.154424043784393200e-01
3.524999999999999911e+00,-1.199343152508289267e-01
3.526000000000000245e+00,-1.244932140798068326e-01
3.527000000000000135e+00,-1.291139573757159043e-01
3.528000000000000025e+00,-1.337914143166126224e-01
3.528999999999999915e+00,-1.385204705037946793e-01
3.530000000000000249e+00,-1.432960316931239930e-01
3.531000000000000139e+00,-1.481130274996858287e-01
3.532000000000000028e+00,-1.529664150732978900e-01
3.532999999999999918e+00,-1.578511827424421143e-01
3.534000000000000252e+00,-1.627623536242195079e-01
3.535000000000000142e+00,-1.676949891979027107e-01
3.536000000000000032e+00,-1.726441928397836334e-01
3.536999999999999922e+00,-1.776051133169209428e-01
3.538000000000000256e+00,-1.825729482375385293e-01
3.539000000000000146e+00,-1.875429474557428755e-01
3.540000000000000036e+00,-1.925104164284099917e-01
3.540999999999999925e+00,-1.974707195219459477e-01
3.542000000000000259e+00,-2.024192832668109121e-01
3.543000000000000149e+00,-2.073515995576452609e-01
3.544000000000000039e+00,-2.122632287969548892e-01
3.544999999999999929e+00,-2.171498029802390040e-01
3.546000000000000263e+00,-2.220070287205949400e-01
3.547000000000000153e+00,-2.268306902108052359e-01
3.548000000000000043e+00,-2.316166521210375473e-01
3.548999999999999932e+00,-2.363608624301700711e-01
3.550000000000000266e+00,-2.410593551890532482e-01
3.551000000000000156e+00,-2.457082532137842557e-01
3.552000000000000046e+00,-2.503037707073679785e-01
3.552999999999999936e+00,-2.548422158080023703e-01
3.554000000000000270e+00,-2.593199930623769633e-01
3.555000000000000160e+00,-2.637336058224408197e-01
3.556000000000000050e+00,-2.680796585640164986e-01
3.556999999999999940e+00,-2.723548591258825313e-01
3.558000000000000274e+00,-2.765560208678330412e-01
3.559000000000000163e+00,-2.806800647463589260e-01
3.560000000000000053e+00,-2.847240213066872250e-01
3.560999999999999943e+00,-2.886850325898415170e-01
3.562000000000000277e+00,-2.925603539536084097e-01
3.563000000000000167e+00,-2.963473558062106883e-01
3.564000000000000057e+00,-3.000435252516604479e-01
3.564999999999999947e+00,-3.036464676457323320e-01
3.566000000000000281e+00,-3.071539080616282336e-01
3.567000000000000171e+00,-3.105636926644264051e-01
3.568000000000000060e+00,-3.138737899934777031e-01
3.568999999999999950e+00,-3.170822921520045634e-01
3.570000000000000284e+00,-3.201874159031531941e-01
3.571000000000000174e+00,-3.231875036718870331e-01
3.572000000000000064e+00,-3.260810244521321621e-01
3.572999999999999954e+00,-3.288665746186493766e-01
3.574000000000000288e+00,-3.315428786431934838e-01
3.575000000000000178e+00,-3.341087897145778585e-01
3.576000000000000068e+00,-3.365632902622805456e-01
3.576999999999999957e+00,-3.389054923833961785e-01
3.578000000000000291e+00,-3.411346381727078936e-01
3.579000000000000181e+00,-3.432500999557189236e-01
3.580000000000000071e+00,-3.452513804246728490e-01
3.580999999999999961e+00,-3.471381126774781833e-01
3.582000000000000295e+00,-3.489100601596439866e-01
3.583000000000000185e+00,-3.505671165093608987e-01
3.584000000000000075e+00,-3.521093053059307088e-01
3.584999999999999964e+00,-3.535367797218104680e-01
3.585999999999999854e+00,-3.548498220785617496e-01
3.587000000000000188e+00,-3.560488433071573589e-01
3.588000000000000078e+00,-3.571343823130814776e-01
3.588999999999999968e+00,-3.581071052467203475e-01
3.589999999999999858e+00,-3.589678046796675459e-01
3.591000000000000192e+00,-3.597173986875714657e-01
3.592000000000000082e+00,-3.603569298402357624e-01
3.592999999999999972e+00,-3.608875640997697420e-01
3.593999999999999861e+00,-3.613105896275831674e-01
3.595000000000000195e+00,-3.616274155011705571e-01
3.596000000000000085e+00,-3.618395703416109055e-01
3.596999999999999975e+00,-3.619487008527940697e-01
3.597999999999999865e+00,-3.619565702734833246e-01
3.599000000000000199e+00,-3.618650567433248089e-01
3.600000000000000089e+00,-3.616761515839942986e-01
3.600999999999999979e+00,-3.613919574967441317e-01
3.601999999999999869e+00,-3.610146866776542951e-01
3.603000000000000203e+00,-3.605466588519279925e-01
3.604000000000000092e+00,-3.599902992286909131e-01
3.604999999999999982e+00,-3.593481363776916959e-01
3.605999999999999872e+00,-3.586228000295130780e-01
3.607000000000000206e+00,-3.578170188007614438e-01
3.608000000000000096e+00,-3.569336178460010278e-01
3.608999999999999986e+00,-3.559755164379185266e-01
3.609999999999999876e+00,-3.549457254776004489e-01
3.611000000000000210e+00,-3.538473449366000279e-01
3.612000000000000099e+00,-3.526835612326577052e-01
3.612999999999999989e+00,-3.514576445408376104e-01
3.613999999999999879e+00,-3.501729460421299511e-01
3.615000000000000213e+00,-3.488328951113452980e-01
3.616000000000000103e+00,-3.474409964462720768e-01
3.616999999999999993e+00,-3.460008271402294500e-01
3.617999999999999883e+00,-3.445160336999649742e-01
3.619000000000000217e+00,-3.429903290110816738e-01
3.620000000000000107e+00,-3.414274892529927663e-01
3.620999999999999996e+00,-3.398313507657737542e-01
3.621999999999999886e+00,-3.382058068709384302e-01
3.623000000000000220e+00,-3.365548046483999300e-01
3.624000000000000110e+00,-3.348823416719505230e-01
3.625000000000000000e+00,-3.331924627054757559e-01
3.625999999999999890e+00,-3.314892563622643951e-01
3.627000000000000224e+00,-3.297768517296759128e-01
3.628000000000000114e+00,-3.280594149616078981e-01
3.629000000000000004e+00,-3.263411458411779043e-01
3.629999999999999893e+00,-3.246262743158473407e-01
3.631000000000000227e+00,-3.229190570076228006e-01
3.632000000000000117e+00,-3.212237737006355398e-01
3.633000000000000007e+00,-3.195447238086397967e-01
3.633999999999999897e+00,-3.178862228247927302e-01
3.635000000000000231e+00,-3.162525987563368779e-01
3.636000000000000121e+00,-3.146481885465593487e-01
3.637000000000000011e+00,-3.130773344865984131e-01
3.637999999999999901e+00,-3.115443806195706267e-01
3.639000000000000234e+00,-3.100536691395527900e-01
3.640000000000000124e+00,-3.086095367879180262e-01
3.641000000000000014e+00,-3.072163112495957527e-01
3.641999999999999904e+00,-3.058783075516883221e-01
3.643000000000000238e+00,-3.045998244670314881e-01
3.644000000000000128e+00,-3.033851409252409925e-01
3.645000000000000018e+00,-3.022385124336956497e-01
3.645999999999999908e+00,-3.011641675109469896e-01
3.647000000000000242e+00,-3.001663041351573802e-01
3.648000000000000131e+00,-2.992490862099843052e-01
3.649000000000000021e+00,-2.984166400503712735e-01
3.649999999999999911e+00,-2.976730508907567407e-01
3.651000000000000245e+00,-2.970223594181808369e-01
3.652000000000000135e+00,-2.964685583326504559e-01
3.653000000000000025e+00,-2.960155889372008131e-01
3.653999999999999915e+00,-2.956673377601150565e-01
3.655000000000000249e+00,-2.954276332116237413e-01
3.656000000000000139e+00,-2.953002422774467783e-01
3.657000000000000028e+00,-2.952888672515387447e-01
3.657999999999999918e+00,-2.953971425103188997e-01
3.659000000000000252e+00,-2.956286313306790148e-01
3.660000000000000142e+00,-2.959868227540400354e-01
3.661000000000000032e+00,-2.964751284986286706e-01
3.661999999999999922e+00,-2.970968799222315493e-01
3.663000000000000256e+00,-2.978553250375458594e-01
3.664000000000000146e+00,-2.987536255822476616e-01
3.665000000000000036e+00,-2.997948541459060090e-01
3.665999999999999925e+00,-3.009819913557537086e-01
3.667000000000000259e+00,-3.023179231233340536e-01
3.668000000000000149e+00,-3.038054379540447991e-01
3.669000000000000039e+00,-3.054472243214311766e-01
3.669999999999999929e+00,-3.072458681082004817e-01
3.671000000000000263e+00,-3.092038501157524100e-01
3.672000000000000153e+00,-3.113235436440439652e-01
3.673000000000000043e+00,-3.136072121435555249e-01
3.673999999999999932e+00,-3.160570069410373328e-01
3.675000000000000266e+00,-3.186749650407607048e-01
3.676000000000000156e+00,-3.214630070027678088e-01
3.677000000000000046e+00,-3.244229348998250995e-01
3.677999999999999936e+00,-3.275564303545031031e-01
3.679000000000000270e+00,-3.308650526577995854e-01
3.680000000000000160e+00,-3.343502369708454824e-01
3.681000000000000050e+00,-3.380132926109017388e-01
3.681999999999999940e+00,-3.418554014230395510e-01
3.683000000000000274e+00,-3.458776162386498210e-01
3.684000000000000163e+00,-3.500808594220350400e-01
3.685000000000000053e+00,-3.544659215062310742e-01
3.685999999999999943e+00,-3.590334599189520803e-01
3.687000000000000277e+00,-3.637839977998995056e-01
3.688000000000000167e+00,-3.687179229101684164e-01
3.689000000000000057e+00,-3.738354866348025385e-01
3.689999999999999947e+00,-3.791368030791506527e-01
3.691000000000000281e+00,-3.846218482599443877e-01
3.692000000000000171e+00,-3.902904593916695086e-01
3.693000000000000060e+00,-3.961423342689356364e-01
3.693999999999999950e+00,-4.021770307453919613e-01
3.695000000000000284e+00,-4.083939663096808892e-01
3.696000000000000174e+00,-4.147924177588914185e-01
3.697000000000000064e+00,-4.213715209698715158e-01
3.697999999999999954e+00,-4.281302707687267284e-01
3.699000000000000288e+00,-4.350675208987423437e-01
3.700000000000000178e+00,-4.421819840869056217e-01
3.701000000000000068e+00,-4.494722322091574407e-01
3.701999999999999957e+00,-4.569366965544128245e-01
3.703000000000000291e+00,-4.645736681873344764e-01
3.704000000000000181e+00,-4.723812984097717771e-01
3.705000000000000071e+00,-4.803575993207613859e-01
3.705999999999999961e+00,-4.885004444747918506e-01
3.707000000000000295e+00,-4.968075696381413220e-01
3.708000000000000185e+00,-5.052765736428834753e-01
3.709000000000000075e+00,-5.139049193381993730e-01
3.709999999999999964e+00,-5.226899346384830114e-01
3.711000000000000298e+00,-5.316288136677084220e-01
3.712000000000000188e+00,-5.407186179994666331e-01
3.713000000000000078e+00,-5.499562779920276201e-01
3.713999999999999968e+00,-5.593385942176281045e-01
3.714999999999999858e+00,-5.688622389852603378e-01
3.716000000000000192e+00,-5.785237579560829069e-01
3.717000000000000082e+00,-5.883195718504644622e-01
3.717999999999999972e+00,-5.982459782458456887e-01
3.718999999999999861e+00,-6.082991534641933873e-01
3.720000000000000195e+00,-6.184751545480496882e-01
3.721000000000000085e+00,-6.287699213239781315e-01
3.721999999999999975e+00,-6.391792785522314446e-01
3.722999999999999865e+00,-6.496989381612728875e-01
3.724000000000000199e+00,-6.603245015658982808e-01
3.725000000000000089e+00,-6.710514620675077646e-01
3.725999999999999979e+00,-6.818752073351364018e-01
3.726999999999999869e+00,-6.927910219656571167e-01
3.728000000000000203e+00,-7.037940901216718226e-01
3.729000000000000092e+00,-7.148794982454316216e-01
3.729999999999999982e+00,-7.260422378471491633e-01
3.730999999999999872e+00,-7.372772083659655529e-01
3.732000000000000206e+00,-7.485792201018297565e-01
3.733000000000000096e+00,-7.599429972164268854e-01
3.733999999999999986e+00,-7.713631808013949875e-01
3.734999999999999876e+00,-7.828343320118056337e-01
3.736000000000000210e+00,-7.943509352630087061e-01
3.737000000000000099e+00,-8.059074014888499837e-01
3.737999999999999989e+00,-8.174980714592282594e-01
3.738999999999999879e+00,-8.291172191548583648e-01
3.740000000000000213e+00,-8.407590551971924064e-01
3.741000000000000103e+00,-8.524177303312251430e-01
3.741999999999999993e+00,-8.640873389591624543e-01
3.742999999999999883e+00,-8.757619227225215131e-01
3.744000000000000217e+00,-8.874354741305248151e-01
3.745000000000000107e+00,-8.991019402324353926e-01
3.745999999999999996e+00,-9.107552263315088492e-01
3.746999999999999886e+00,-9.223891997381941099e-01
3.748000000000000220e+00,-9.339976935601964625e-01
3.749000000000000110e+00,-9.455745105269498518e-01
3.750000000000000000e+00,-9.571134268461238825e-01
3.750999999999999890e+00,-9.686081960896232301e-01
3.752000000000000224e+00,-9.800525531065936713e-01
3.753000000000000114e+00,-9.914402179609382859e-01
3.754000000000000004e+00,-1.002764899890883799e+00
3.754999999999999893e+00,-1.014020301287861248e+00
3.756000000000000227e+00,-1.025200121692324773e+00
3.757000000000000117e+00,-1.036298061803769377e+00
3.758000000000000007e+00,-1.047307827502545585e+00
3.758999999999999897e+00,-1.058223133880620059e+00
3.760000000000000231e+00,-1.069037709278853221e+00
3.761000000000000121e+00,-1.079745299328106700e+00
3.762000000000000011e+00,-1.090339670991571808e+00
3.762999999999999901e+00,-1.100814616605616303e+00
3.764000000000000234e+00,-1.111163957916613931e+00
3.765000000000000124e+00,-1.121381550111052228e+00
3.766000000000000014e+00,-1.131461285836280473e+00
3.766999999999999904e+00,-1.141397099209292554e+00
3.768000000000000238e+00,-1.151182969810925272e+00
3.769000000000000128e+00,-1.160812926662781353e+00
3.770000000000000018e+00,-1.170281052184322101e+00
3.770999999999999908e+00,-1.179581486127515122e+00
3.772000000000000242e+00,-1.188708429486390328e+00
3.773000000000000131e+00,-1.197656148378999363e+00
3.774000000000000021e+00,-1.206418977899093026e+00
3.774999999999999911e+00,-1.214991325935112165e+00
3.776000000000000245e+00,-1.223367676953820649e+00
3.777000000000000135e+00,-1.231542595746098145e+00
3.778000000000000025e+00,-1.239510731132483334e+00
3.778999999999999915e+00,-1.247266819625853840e+00
3.780000000000000249e+00,-1.254805689048872130e+00
3.781000000000000139e+00,-1.262122262103763326e+00
3.782000000000000028e+00,-1.269211559892035712e+00
3.782999999999999918e+00,-1.276068705381729229e+00
3.784000000000000252e+00,-1.282688926819920860e+00
3.785000000000000142e+00,-1.289067561088067082e+00
3.786000000000000032e+00,-1.295200056998095706e+00
3.786999999999999922e+00,-1.301081978526794192e+00
3.788000000000000256e+00,-1.306709007986463167e+00
3.789000000000000146e+00,-1.312076949129526771e+00
3.790000000000000036e+00,-1.317181730185134958e+00
3.790999999999999925e+00,-1.322019406825515331e+00
3.792000000000000259e+00,-1.326586165060137823e+00
3.793000000000000149e+00,-1.330878324055619011e+00
3.794000000000000039e+00,-1.334892338879511309e+00
3.794999999999999929e+00,-1.338624803165919364e+00
3.796000000000000263e+00,-1.342072451701234570e+00
3.797000000000000153e+00,-1.345232162928043040e+00
3.798000000000000043e+00,-1.348100961365584327e+00
3.798999999999999932e+00,-1.350676019944879291e+00
3.800000000000000266e+00,-1.352954662257012552e+00
3.801000000000000156e+00,-1.354934364712869543e+00
3.802000000000000046e+00,-1.356612758612832925e+00
3.802999999999999936e+00,-1.357987632124905808e+00
3.804000000000000270e+00,-1.359056932169783627e+00
3.805000000000000160e+00,-1.359818766211615904e+00
3.806000000000000050e+00,-1.360271403952968639e+00
3.806999999999999940e+00,-1.360413278932842474e+00
3.808000000000000274e+00,-1.360242990026441223e+00
3.809000000000000163e+00,-1.359759302845696016e+00
3.810000000000000053e+00,-1.358961151039227877e+00
3.810999999999999943e+00,-1.357847637490926518e+00
3.812000000000000277e+00,-1.356418035416123047e+00
3.813000000000000167e+00,-1.354671789354420230e+00
3.814000000000000057e+00,-1.352608516058366073e+00
3.814999999999999947e+00,-1.350228005277214427e+00
3.816000000000000281e+00,-1.347530220435106507e+00
3.817000000000000171e+00,-1.344515299202973857e+00
3.818000000000000060e+00,-1.341183553963553265e+00
3.818999999999999950e+00,-1.337535472169191886e+00
3.820000000000000284e+00,-1.333571716591796408e+00
3.821000000000000174e+00,-1.329293125464669156e+00
3.822000000000000064e+00,-1.324700712515944900e+00
3.822999999999999954e+00,-1.319795666893307517e+00
3.824000000000000288e+00,-1.314579352979917015e+00
3.825000000000000178e+00,-1.309053310101387702e+00
3.826000000000000068e+00,-1.303219252123828609e+00
3.826999999999999957e+00,-1.297079066942961489e+00
3.828000000000000291e+00,-1.290634815864450502e+00
3.829000000000000181e+00,-1.283888732875587690e+00
3.830000000000000071e+00,-1.276843223808638461e+00
3.830999999999999961e+00,-1.269500865396103073e+00
3.832000000000000295e+00,-1.261864404218329572e+00
3.833000000000000185e+00,-1.253936755543900938e+00
3.834000000000000075e+00,-1.245721002063324923e+00
3.834999999999999964e+00,-1.237220392516628298e+00
3.836000000000000298e+00,-1.228438340215503244e+00
3.837000000000000188e+00,-1.219378421460731721e+00
3.838000000000000078e+00,-1.210044373855679867e+00
3.838999999999999968e+00,-1.200440094516721956e+00
3.839999999999999858e+00,-1.190569638181521173e+00
3.841000000000000192e+00,-1.180437215216142199e+00
3.842000000000000082e+00,-1.170047189522086084e+00
3.842999999999999972e+00,-1.159404076344300982e+00
3.843999999999999861e+00,-1.148512539981434877e+00
3.845000000000000195e+00,-1.137377391399482240e+00
3.846000000000000085e+00,-1.126003585750256830e+00
3.846999999999999975e+00,-1.114396219795909193e+00
3.847999999999999865e+00,-1.102560529241011000e+00
3.849000000000000199e+00,-1.090501885973722551e+00
3.850000000000000089e+00,-1.078225795217529148e+00
3.850999999999999979e+00,-1.065737892595121750e+00
3.851999999999999869e+00,-1.053043941106204029e+00
3.853000000000000203e+00,-1.040149828020836775e+00
3.854000000000000092e+00,-1.027061561690203684e+00
3.854999999999999982e+00,-1.013785268276424123e+00
3.855999999999999872e+00,-1.000327188403582923e+00
3.857000000000000206e+00,-9.866936737316522876e-01
3.858000000000000096e+00,-9.728911834554857530e-01
3.858999999999999986e+00,-9.589262807307006309e-01
3.859999999999999876e+00,-9.448056290287915049e-01
3.861000000000000210e+00,-9.305359884234054579e-01
3.862000000000000099e+00,-9.161242118100438869e-01
3.862999999999999989e+00,-9.015772410613414056e-01
3.863999999999999879e+00,-8.869021031202831695e-01
3.865000000000000213e+00,-8.721059060335772939e-01
3.866000000000000103e+00,-8.571958349275921041e-01
3.866999999999999993e+00,-8.421791479291316218e-01
3.867999999999999883e+00,-8.270631720336469872e-01
3.869000000000000217e+00,-8.118552989231582195e-01
3.870000000000000107e+00,-7.965629807365108839e-01
3.870999999999999996e+00,-7.811937257943767365e-01
3.871999999999999886e+00,-7.657550942816756523e-01
3.873000000000000220e+00,-7.502546938898939644e-01
3.874000000000000110e+00,-7.347001754219807390e-01
3.875000000000000000e+00,-7.190992283624303427e-01
3.875999999999999890e+00,-7.034595764152209441e-01
3.877000000000000224e+00,-6.877889730122974665e-01
3.878000000000000114e+00,-6.720951967953279205e-01
3.879000000000000004e+00,-6.563860470733939856e-01
3.879999999999999893e+00,-6.406693392594573488e-01
3.881000000000000227e+00,-6.249529002883004170e-01
3.882000000000000117e+00,-6.092445640187394984e-01
3.883000000000000007e+00,-5.935521666228963378e-01
3.883999999999999897e+00,-5.778835419653413075e-01
3.885000000000000231e+00,-5.622465169749093494e-01
3.886000000000000121e+00,-5.466489070120381655e-01
3.887000000000000011e+00,-5.310985112343813430e-01
3.887999999999999901e+00,-5.156031079636329562e-01
3.889000000000000234e+00,-5.001704500563045608e-01
3.890000000000000124e+00,-4.848082602813706954e-01
3.891000000000000014e+00,-4.695242267075230291e-01
3.891999999999999904e+00,-4.543259981029590389e-01
3.893000000000000238e+00,-4.392211793504515738e-01
3.894000000000000128e+00,-4.242173268806303521e-01
3.895000000000000018e+00,-4.093219441261142788e-01
3.895999999999999908e+00,-3.945424769994588798e-01
3.897000000000000242e+00,-3.798863093976791450e-01
3.898000000000000131e+00,-3.653607587360716558e-01
3.899000000000000021e+00,-3.509730715140887414e-01
3.899999999999999911e+00,-3.367304189161150485e-01
3.901000000000000245e+00,-3.226398924497848597e-01
3.902000000000000135e+00,-3.087084996246191593e-01
3.903000000000000025e+00,-2.949431596735138661e-01
3.903999999999999915e+00,-2.813506993200174944e-01
3.905000000000000249e+00,-2.679378485937572996e-01
3.906000000000000139e+00,-2.547112366968170560e-01
3.907000000000000028e+00,-2.416773879235240008e-01
3.907999999999999918e+00,-2.288427176363053150e-01
3.909000000000000252e+00,-2.162135283000645725e-01
3.910000000000000142e+00,-2.037960055775977497e-01
3.911000000000000032e+00,-1.915962144884857110e-01
3.911999999999999922e+00,-1.796200956339069621e-01
3.913000000000000256e+00,-1.678734614897133826e-01
3.914000000000000146e+00,-1.563619927701789536e-01
3.915000000000000036e+00,-1.450912348645994887e-01
3.915999999999999925e+00,-1.340665943491504974e-01
3.917000000000000259e+00,-1.232933355761055699e-01
3.918000000000000149e+00,-1.127765773426373935e-01
3.919000000000000039e+00,-1.025212896413022767e-01
3.919999999999999929e+00,-9.253229049429312347e-02
3.921000000000000263e+00,-8.281424287348117252e-02
3.922000000000000153e+00,-7.337165170825772631e-02
3.923000000000000043e+00,-6.420886098300017386e-02
3.923999999999999932e+00,-5.533005092616417875e-02
3.925000000000000266e+00,-4.673923529273094069e-02
3.926000000000000156e+00,-3.844025874178681745e-02
3.927000000000000046e+00,-3.043679431096570770e-02
3.927999999999999936e+00,-2.273234098937068279e-02
3.929000000000000270e+00,-1.533022139058098227e-02
3.930000000000000160e+00,-8.233579527295557463e-03
3.931000000000000050e+00,-1.445378689006682638e-03
3.931999999999999940e+00,5.031600575799070538e-03
3.933000000000000274e+00,1.119476237159928653e-02
3.934000000000000163e+00,1.704169726071061430e-02
3.935000000000000053e+00,2.257018395981532852e-02
3.935999999999999943e+00,2.777819092699927023e-02
3.937000000000000277e+00,3.266387783821254193e-02
3.938000000000000167e+00,3.722559695214972680e-02
3.939000000000000057e+00,4.146189436258761879e-02
3.939999999999999947e+00,4.537151113725629292e-02
3.941000000000000281e+00,4.895338434250303544e-02
3.942000000000000171e+00,5.220664795292181970e-02
3.943000000000000060e+00,5.513063364533176552e-02
3.943999999999999950e+00,5.772487147643352856e-02
3.945000000000000284e+00,5.998909044367770060e-02
3.946000000000000174e+00,6.192321892880980200e-02
3.947000000000000064e+00,6.352738502370930407e-02
3.947999999999999954e+00,6.480191673824886589e-02
3.949000000000000288e+00,6.574734208983515349e-02
3.950000000000000178e+00,6.636438907452001101e-02
3.951000000000000068e+00,6.665398551950042771e-02
3.951999999999999957e+00,6.661725881705780894e-02
3.953000000000000291e+00,6.625553553988194899e-02
3.954000000000000181e+00,6.557034093792413199e-02
3.955000000000000071e+00,6.456339831696528142e-02
3.955999999999999961e+00,6.323662829912021777e-02
3.957000000000000295e+00,6.159214796561868210e-02
3.958000000000000185e+00,5.963226988223634811e-02
3.959000000000000075e+00,5.735950100787597788e-02
3.959999999999999964e+00,5.477654148677763707e-02
3.961000000000000298e+00,5.188628332501665774e-02
3.962000000000000188e+00,4.869180895191967118e-02
3.963000000000000078e+00,4.519638966720157525e-02
3.963999999999999968e+00,4.140348397457388474e-02
3.965000000000000302e+00,3.731673580276306107e-02
3.966000000000000192e+00,3.293997261485635125e-02
3.967000000000000082e+00,2.827720340703623533e-02
3.967999999999999972e+00,2.333261659775631713e-02
3.968999999999999861e+00,1.811057780852865645e-02
3.970000000000000195e+00,1.261562753758146624e-02
3.971000000000000085e+00,6.852478727602140385e-03
3.971999999999999975e+00,8.260142289989220619e-04
3.972999999999999865e+00,-5.458715839936299601e-03
3.974000000000000199e+00,-1.199649683451787727e-02
3.975000000000000089e+00,-1.878195242514218988e-02
3.975999999999999979e+00,-2.580954753732446136e-02
3.976999999999999869e+00,-3.307359138845339386e-02
3.978000000000000203e+00,-4.056824061968505174e-02
3.979000000000000092e+00,-4.828750252100416640e-02
3.979999999999999982e+00,-5.622523834786950087e-02
3.980999999999999872e+00,-6.437516672731569134e-02
3.982000000000000206e+00,-7.273086715163212812e-02
3.983000000000000096e+00,-8.128578355766011287e-02
3.983999999999999986e+00,-9.003322798958077189e-02
3.984999999999999876e+00,-9.896638434314997124e-02
3.986000000000000210e+00,-1.080783121890930426e-01
3.987000000000000099e+00,-1.173619506735693596e-01
3.987999999999999989e+00,-1.268101224934624904e-01
3.988999999999999879e+00,-1.364155379439995208e-01
3.990000000000000213e+00,-1.461707990365882781e-01
3.991000000000000103e+00,-1.560684036843250078e-01
3.991999999999999993e+00,-1.661007499527612785e-01
3.992999999999999883e+00,-1.762601403734863625e-01
3.994000000000000217e+00,-1.865387863179876204e-01
3.995000000000000107e+00,-1.969288124292093989e-01
3.995999999999999996e+00,-2.074222611082806034e-01
3.996999999999999886e+00,-2.180110970537018911e-01
3.998000000000000220e+00,-2.286872118504358065e-01
3.999000000000000110e+00,-2.394424286060590490e-01
4.000000000000000000e+00,-2.502685066314544460e-01
4.001000000000000334e+00,-2.611571461631204127e-01
4.001999999999999780e+00,-2.720999931244057479e-01
4.003000000000000114e+00,-2.830886439228796903e-01
4.004000000000000448e+00,-2.941146502809366958e-01
4.004999999999999893e+00,-3.051695240969275469e-01
4.006000000000000227e+00,-3.162447423337951813e-01
4.006999999999999673e+00,-3.273317519324318026e-01
4.008000000000000007e+00,-3.384219747469043860e-01
4.009000000000000341e+00,-3.495068124984214708e-01
4.009999999999999787e+00,-3.605776517454429286e-01
4.011000000000000121e+00,-3.716258688667055110e-01
4.012000000000000455e+00,-3.826428350543750190e-01
4.012999999999999901e+00,-3.936199213142937969e-01
4.014000000000000234e+00,-4.045485034704855987e-01
4.014999999999999680e+00,-4.154199671707869967e-01
4.016000000000000014e+00,-4.262257128908329418e-01
4.017000000000000348e+00,-4.369571609331974749e-01
4.017999999999999794e+00,-4.476057564190258353e-01
4.019000000000000128e+00,-4.581629742689315443e-01
4.020000000000000462e+00,-4.686203241703398303e-01
4.020999999999999908e+00,-4.789693555283252580e-01
4.022000000000000242e+00,-4.892016623970214528e-01
4.022999999999999687e+00,-4.993088883885167251e-01
4.024000000000000021e+00,-5.092827315566877955e-01
4.025000000000000355e+00,-5.191149492525748421e-01
4.025999999999999801e+00,-5.287973629488850191e-01
4.027000000000000135e+00,-5.383218630304706931e-01
4.028000000000000469e+00,-5.476804135480156654e-01
4.028999999999999915e+00,-5.568650569321551558e-01
4.030000000000000249e+00,-5.658679186651904836e-01
4.030999999999999694e+00,-5.746812119075322967e-01
4.032000000000000028e+00,-5.832972420763783417e-01
4.033000000000000362e+00,-5.917084113735523454e-01
4.033999999999999808e+00,-5.999072232601410093e-01
4.035000000000000142e+00,-6.078862868750808390e-01
4.036000000000000476e+00,-6.156383213950862299e-01
4.036999999999999922e+00,-6.231561603333671817e-01
4.038000000000000256e+00,-6.304327557746526312e-01
4.038999999999999702e+00,-6.374611825437767054e-01
4.040000000000000036e+00,-6.442346423055929083e-01
4.041000000000000369e+00,-6.507464675936679432e-01
4.041999999999999815e+00,-6.569901257652780435e-01
4.043000000000000149e+00,-6.629592228806125975e-01
4.044000000000000483e+00,-6.686475075035244187e-01
4.044999999999999929e+00,-6.740488744218754436e-01
4.046000000000000263e+00,-6.791573682851398397e-01
4.046999999999999709e+00,-6.839671871570189854e-01
4.048000000000000043e+00,-6.884726859811489685e-01
4.049000000000000377e+00,-6.926683799576629497e-01
4.049999999999999822e+00,-6.965489478287034686e-01
4.051000000000000156e+00,-7.001092350708972845e-01
4.052000000000000490e+00,-7.033442569928906041e-01
4.052999999999999936e+00,-7.062492017361414742e-01
4.054000000000000270e+00,-7.088194331771155987e-01
4.054999999999999716e+00,-7.110504937292706495e-01
4.056000000000000050e+00,-7.129381070430200751e-01
4.057000000000000384e+00,-7.144781806022381110e-01
4.057999999999999829e+00,-7.156668082156194544e-01
4.059000000000000163e+00,-7.165002724015329116e-01
4.060000000000000497e+00,-7.169750466648509013e-01
4.060999999999999943e+00,-7.170877976645101404e-01
4.062000000000000277e+00,-7.168353872704187335e-01
4.062999999999999723e+00,-7.162148745085897827e-01
4.064000000000000057e+00,-7.152235173932675050e-01
4.065000000000000391e+00,-7.138587746450150151e-01
4.065999999999999837e+00,-7.121183072937329328e-01
4.067000000000000171e+00,-7.099999801656767806e-01
4.068000000000000504e+00,-7.075018632535499119e-01
4.068999999999999950e+00,-7.046222329689716402e-01
4.070000000000000284e+00,-7.013595732764281721e-01
4.070999999999999730e+00,-6.977125767082117402e-01
4.072000000000000064e+00,-6.936801452596387252e-01
4.073000000000000398e+00,-6.892613911640587121e-01
4.073999999999999844e+00,-6.844556375472355958e-01
4.075000000000000178e+00,-6.792624189606557561e-01
4.076000000000000512e+00,-6.736814817935753430e-01
4.076999999999999957e+00,-6.677127845634224235e-01
4.078000000000000291e+00,-6.613564980845224595e-01
4.078999999999999737e+00,-6.546130055150367610e-01
4.080000000000000071e+00,-6.474829022820011160e-01
4.081000000000000405e+00,-6.399669958847187257e-01
4.081999999999999851e+00,-6.320663055764292881e-01
4.083000000000000185e+00,-6.237820619245874054e-01
4.084000000000000519e+00,-6.151157062500590689e-01
4.084999999999999964e+00,-6.060688899454469425e-01
4.086000000000000298e+00,-5.966434736730877875e-01
4.086999999999999744e+00,-5.868415264432164102e-01
4.088000000000000078e+00,-5.766653245727355603e-01
4.089000000000000412e+00,-5.661173505254619709e-01
4.089999999999999858e+00,-5.552002916342930749e-01
4.091000000000000192e+00,-5.439170387062542966e-01
4.092000000000000526e+00,-5.322706845112474827e-01
4.092999999999999972e+00,-5.202645221553920951e-01
4.094000000000000306e+00,-5.079020433398672152e-01
4.094999999999999751e+00,-4.951869365065799666e-01
4.096000000000000085e+00,-4.821230848713876083e-01
4.097000000000000419e+00,-4.687145643464684652e-01
4.097999999999999865e+00,-4.549656413528033183e-01
4.099000000000000199e+00,-4.408807705242030472e-01
4.099999999999999645e+00,-4.264645923043483555e-01
4.100999999999999979e+00,-4.117219304380670963e-01
4.102000000000000313e+00,-3.966577893586827885e-01
4.102999999999999758e+00,-3.812773514727038626e-01
4.104000000000000092e+00,-3.655859743436011278e-01
4.105000000000000426e+00,-3.495891877765586186e-01
4.105999999999999872e+00,-3.332926908055884319e-01
4.107000000000000206e+00,-3.167023485850860021e-01
4.107999999999999652e+00,-2.998241891877514442e-01
4.108999999999999986e+00,-2.826644003104183955e-01
4.110000000000000320e+00,-2.652293258903064554e-01
4.110999999999999766e+00,-2.475254626332786811e-01
4.112000000000000099e+00,-2.295594564563489259e-01
4.113000000000000433e+00,-2.113380988467475352e-01
4.113999999999999879e+00,-1.928683231394288655e-01
4.115000000000000213e+00,-1.741572007153526225e-01
4.115999999999999659e+00,-1.552119371230788747e-01
4.116999999999999993e+00,-1.360398681254767761e-01
4.118000000000000327e+00,-1.166484556744800116e-01
4.118999999999999773e+00,-9.704528381589663799e-02
4.120000000000000107e+00,-7.723805452678668415e-02
4.121000000000000441e+00,-5.723458348816788666e-02
4.121999999999999886e+00,-3.704279579525615596e-02
4.123000000000000220e+00,-1.667072160780911846e-02
4.123999999999999666e+00,3.873508256428528050e-03
4.125000000000000000e+00,2.458166678317162679e-02
4.126000000000000334e+00,4.544543527465797622e-02
4.126999999999999780e+00,6.645640791209024567e-02
4.128000000000000114e+00,8.760609636456068161e-02
4.129000000000000448e+00,1.088859344416101688e-01
4.129999999999999893e+00,1.302872827868344907e-01
4.131000000000000227e+00,1.518014336097815720e-01
4.131999999999999673e+00,1.734196154529490108e-01
4.133000000000000007e+00,1.951329979916522628e-01
4.134000000000000341e+00,2.169326968632676045e-01
4.134999999999999787e+00,2.388097785235385462e-01
4.136000000000000121e+00,2.607552651267207033e-01
4.137000000000000455e+00,2.827601394267349466e-01
4.137999999999999901e+00,3.048153496965315123e-01
4.139000000000000234e+00,3.269118146627368326e-01
4.139999999999999680e+00,3.490404284524207812e-01
4.141000000000000014e+00,3.711920655495284382e-01
4.142000000000000348e+00,3.933575857574587720e-01
4.142999999999999794e+00,4.155278391654402270e-01
4.144000000000000128e+00,4.376936711154202908e-01
4.145000000000000462e+00,4.598459271664831483e-01
4.145999999999999908e+00,4.819754580542198741e-01
4.147000000000000242e+00,5.040731246418763689e-01
4.147999999999999687e+00,5.261298028602497956e-01
4.149000000000000021e+00,5.481363886338853630e-01
4.150000000000000355e+00,5.700838027900860805e-01
4.150999999999999801e+00,5.919629959483706516e-01
4.152000000000000135e+00,6.137649533873090757e-01
4.153000000000000469e+00,6.354806998856651346e-01
4.153999999999999915e+00,6.571013045354843207e-01
4.155000000000000249e+00,6.786178855239883845e-01
4.155999999999999694e+00,7.000216148814013550e-01
4.157000000000000028e+00,7.213037231923533632e-01
4.158000000000000362e+00,7.424555042676473926e-01
4.158999999999999808e+00,7.634683197739552396e-01
4.160000000000000142e+00,7.843336038188080117e-01
4.161000000000000476e+00,8.050428674878448154e-01
4.161999999999999922e+00,8.255877033321129543e-01
4.163000000000000256e+00,8.459597898027134688e-01
4.163999999999999702e+00,8.661508956299154294e-01
4.165000000000000036e+00,8.861528841447466887e-01
4.166000000000000369e+00,9.059577175400925775e-01
4.166999999999999815e+00,9.255574610690943116e-01
4.168000000000000149e+00,9.449442871785433962e-01
4.169000000000000483e+00,9.641104795744759315e-01
4.169999999999999929e+00,9.830484372181412800e-01
4.171000000000000263e+00,1.001750678249804682e+00
4.171999999999999709e+00,1.020209843838072450e+00
4.173000000000000043e+00,1.038418701952829926e+00
4.174000000000000377e+00,1.056370151059333073e+00
4.174999999999999822e+00,1.074057223731639477e+00
4.176000000000000156e+00,1.091473090183206374e+00
4.177000000000000490e+00,1.108611061712610368e+00
4.177999999999999936e+00,1.125464594062602908e+00
4.179000000000000270e+00,1.142027290690608154e+00
4.179999999999999716e+00,1.158292905948618223e+00
4.181000000000000050e+00,1.174255348171099778e+00
4.182000000000000384e+00,1.189908682668825213e+00
4.182999999999999829e+00,1.205247134627263739e+00
4.184000000000000163e+00,1.220265091907813959e+00
4.185000000000000497e+00,1.234957107750314975e+00
4.185999999999999943e+00,1.249317903375497973e+00
4.187000000000000277e+00,1.263342370485888155e+00
4.187999999999999723e+00,1.277025573663770341e+00
4.189000000000000057e+00,1.290362752665142887e+00
4.190000000000000391e+00,1.303349324608121140e+00
4.190999999999999837e+00,1.315980886055023058e+00
4.192000000000000171e+00,1.328253214986796493e+00
4.193000000000000504e+00,1.340162272668773191e+00
4.193999999999999950e+00,1.351704205407019632e+00
4.195000000000000284e+00,1.362875346194224235e+00
4.195999999999999730e+00,1.373672216244252731e+00
4.197000000000000064e+00,1.384091526414951367e+00
4.198000000000000398e+00,1.394130178518076413e+00
4.198999999999999844e+00,1.403785266516178520e+00
4.200000000000000178e+00,1.413054077605646608e+00
4.201000000000000512e+00,1.421934093185455605e+00
4.201999999999999957e+00,1.430422989711423343e+00
4.203000000000000291e+00,1.438518639435465207e+00
4.203999999999999737e+00,1.446219111029604099e+00
4.205000000000000071e+00,1.453522670094747449e+00
4.206000000000000405e+00,1.460427779553860717e+00
4.206999999999999851e+00,1.466933099929679019e+00
4.208000000000000185e+00,1.473037489507000197e+00
4.209000000000000519e+00,1.478740004379485162e+00
4.209999999999999964e+00,1.484039898381341427e+00
4.211000000000000298e+00,1.488936622904069251e+00
4.211999999999999744e+00,1.493429826598476895e+00
4.213000000000000078e+00,1.497519354962564719e+00
4.214000000000000412e+00,1.501205249815514176e+00
4.214999999999999858e+00,1.504487748658435375e+00
4.216000000000000192e+00,1.507367283922478984e+00
4.217000000000000526e+00,1.509844482104873098e+00
4.217999999999999972e+00,1.511920162793675138e+00
4.219000000000000306e+00,1.513595337582083866e+00
4.219999999999999751e+00,1.514871208873076913e+00
4.221000000000000085e+00,1.515749168575351025e+00
4.222000000000000419e+00,1.516230796691594440e+00
4.222999999999999865e+00,1.516317859800101475e+00
4.224000000000000199e+00,1.516012309430839533e+00
4.224999999999999645e+00,1.515316280337261290e+00
4.225999999999999979e+00,1.514232088664966058e+00
4.227000000000000313e+00,1.512762230018634524e+00
4.227999999999999758e+00,1.510909377428582889e+00
4.229000000000000092e+00,1.508676379218332197e+00
4.230000000000000426e+00,1.506066256774714507e+00
4.230999999999999872e+00,1.503082202222133068e+00
4.232000000000000206e+00,1.499727576002390261e+00
4.232999999999999652e+00,1.496005904362021299e+00
4.233999999999999986e+00,1.491920876748587199e+00
4.235000000000000320e+00,1.487476343117886124e+00
4.235999999999999766e+00,1.482676311153815929e+00
4.237000000000000099e+00,1.477524943402805269e+00
4.238000000000000433e+00,1.472026554324679104e+00
4.238999999999999879e+00,1.466185607262070700e+00
4.240000000000000213e+00,1.460006711330190887e+00
4.240999999999999659e+00,1.453494618229263180e+00
4.241999999999999993e+00,1.446654218981516804e+00
4.243000000000000327e+00,1.439490540595111945e+00
4.243999999999999773e+00,1.432008742656966538e+00
4.245000000000000107e+00,1.424214113856925978e+00
4.246000000000000441e+00,1.416112068445487537e+00
4.246999999999999886e+00,1.407708142627315029e+00
4.248000000000000220e+00,1.399007990893011755e+00
4.248999999999999666e+00,1.390017382291534931e+00
4.250000000000000000e+00,1.380742196645546649e+00
4.251000000000000334e+00,1.371188420712383227e+00
4.251999999999999780e+00,1.361362144292846965e+00
4.253000000000000114e+00,1.351269556290582763e+00
4.254000000000000448e+00,1.340916940724470763e+00
4.254999999999999893e+00,1.330310672696575214e+00
4.256000000000000227e+00,1.319457214318250138e+00
4.256999999999999673e+00,1.308363110597160484e+00
4.258000000000000007e+00,1.297034985287558673e+00
4.259000000000000341e+00,1.285479536706779946e+00
4.259999999999999787e+00,1.273703533520439857e+00
4.261000000000000121e+00,1.261713810498971577e+00
4.262000000000000455e+00,1.249517264248467985e+00
4.262999999999999901e+00,1.237120848918206395e+00
4.264000000000000234e+00,1.224531571887754300e+00
4.264999999999999680e+00,1.211756489436455420e+00
4.266000000000000014e+00,1.198802702397814057e+00
4.267000000000000348e+00,1.185677351801709190e+00
4.267999999999999794e+00,1.172387614507110820e+00
4.269000000000000128e+00,1.158940698827951366e+00
4.270000000000000462e+00,1.145343840155159221e+00
4.270999999999999908e+00,1.131604296577274127e+00
4.272000000000000242e+00,1.117729344502568445e+00
4.272999999999999687e+00,1.103726274285459219e+00
4.274000000000000021e+00,1.089602385859724576e+00
4.275000000000000355e+00,1.075364984381525391e+00
4.275999999999999801e+00,1.061021375884653617e+00
4.277000000000000135e+00,1.046578862950857003e+00
4.278000000000000469e+00,1.032044740398020188e+00
4.278999999999999915e+00,1.017426290988592275e+00
4.280000000000000249e+00,1.002730781161150553e+00
4.280999999999999694e+00,9.879654567876713367e-01
4.282000000000000028e+00,9.731375389589780323e-01
4.283000000000000362e+00,9.582542198012391488e-01
4.283999999999999808e+00,9.433226583257754427e-01
4.285000000000000142e+00,9.283499763148281847e-01
4.286000000000000476e+00,9.133432542460050430e-01
4.286999999999999922e+00,8.983095272574802559e-01
4.288000000000000256e+00,8.832557811567217643e-01
4.288999999999999702e+00,8.681889484751600383e-01
4.290000000000000036e+00,8.531159045708580635e-01
4.291000000000000369e+00,8.380434637820395327e-01
4.291999999999999815e+00,8.229783756333460820e-01
4.293000000000000149e+00,8.079273210972890418e-01
4.294000000000000483e+00,7.928969089132542614e-01
4.294999999999999929e+00,7.778936719660478616e-01
4.296000000000000263e+00,7.629240637261535118e-01
4.296999999999999709e+00,7.479944547541194089e-01
4.298000000000000043e+00,7.331111292706464777e-01
4.299000000000000377e+00,7.182802817949341945e-01
4.299999999999999822e+00,7.035080138528587712e-01
4.301000000000000156e+00,6.888003307570437217e-01
4.302000000000000490e+00,6.741631384608679500e-01
4.302999999999999936e+00,6.596022404880280687e-01
4.304000000000000270e+00,6.451233349394154271e-01
4.304999999999999716e+00,6.307320115793535464e-01
4.306000000000000050e+00,6.164337490024184296e-01
4.307000000000000384e+00,6.022339118828737847e-01
4.307999999999999829e+00,5.881377483080038049e-01
4.309000000000000163e+00,5.741503871969729778e-01
4.310000000000000497e+00,5.602768358066906318e-01
4.310999999999999943e+00,5.465219773259822889e-01
4.312000000000000277e+00,5.328905685594325092e-01
4.312999999999999723e+00,5.193872377022885622e-01
4.314000000000000057e+00,5.060164822073661695e-01
4.315000000000000391e+00,4.927826667455009191e-01
4.315999999999999837e+00,4.796900212602011049e-01
4.317000000000000171e+00,4.667426391178802758e-01
4.318000000000000504e+00,4.539444753544593647e-01
4.318999999999999950e+00,4.412993450192823075e-01
4.320000000000000284e+00,4.288109216171333560e-01
4.320999999999999730e+00,4.164827356492569188e-01
4.322000000000000064e+00,4.043181732538938533e-01
4.323000000000000398e+00,3.923204749471991826e-01
4.323999999999999844e+00,3.804927344648939558e-01
4.325000000000000178e+00,3.688378977052774177e-01
4.326000000000000512e+00,3.573587617741288969e-01
4.326999999999999957e+00,3.460579741316488489e-01
4.328000000000000291e+00,3.349380318418918034e-01
4.328999999999999737e+00,3.240012809250424897e-01
4.330000000000000071e+00,3.132499158123618344e-01
4.331000000000000405e+00,3.026859789043320759e-01
4.331999999999999851e+00,2.923113602317544690e-01
4.333000000000000185e+00,2.821277972197762662e-01
4.334000000000000519e+00,2.721368745550297175e-01
4.334999999999999964e+00,2.623400241553227596e-01
4.336000000000000298e+00,2.527385252419715456e-01
4.336999999999999744e+00,2.433335045143875108e-01
4.338000000000000078e+00,2.341259364264089982e-01
4.339000000000000412e+00,2.251166435642529273e-01
4.339999999999999858e+00,2.163062971253034705e-01
4.341000000000000192e+00,2.076954174973169032e-01
4.342000000000000526e+00,1.992843749374524354e-01
4.342999999999999972e+00,1.910733903503961939e-01
4.344000000000000306e+00,1.830625361647323091e-01
4.344999999999999751e+00,1.752517373069908679e-01
4.346000000000000085e+00,1.676407722722459415e-01
4.347000000000000419e+00,1.602292742904685985e-01
4.347999999999999865e+00,1.530167325876320983e-01
4.349000000000000199e+00,1.460024937403838485e-01
4.350000000000000533e+00,1.391857631233669179e-01
4.350999999999999979e+00,1.325656064478876461e-01
4.352000000000000313e+00,1.261409513905871749e-01
4.352999999999999758e+00,1.199105893111425958e-01
4.354000000000000092e+00,1.138731770572886520e-01
4.355000000000000426e+00,1.080272388559943980e-01
4.355999999999999872e+00,1.023711682892204100e-01
4.357000000000000206e+00,9.690323035281314668e-02
4.357999999999999652e+00,9.162156359689165031e-02
4.358999999999999986e+00,8.652418234614474291e-02
4.360000000000000320e+00,8.160897899846196457e-02
4.360999999999999766e+00,7.687372639993136914e-02
4.362000000000000099e+00,7.231608029472655352e-02
4.363000000000000433e+00,6.793358184792412657e-02
4.363999999999999879e+00,6.372366023931623491e-02
4.365000000000000213e+00,5.968363532650722281e-02
4.365999999999999659e+00,5.581072037520224544e-02
4.366999999999999993e+00,5.210202485469737910e-02
4.368000000000000327e+00,4.855455729670438841e-02
4.368999999999999773e+00,4.516522821514715180e-02
4.370000000000000107e+00,4.193085308515651088e-02
4.371000000000000441e+00,3.884815537887727904e-02
4.371999999999999886e+00,3.591376965599709509e-02
4.373000000000000220e+00,3.312424470678158178e-02
4.373999999999999666e+00,3.047604674543805126e-02
4.375000000000000000e+00,2.796556265129913205e-02
4.376000000000000334e+00,2.558910325588131113e-02
4.376999999999999780e+00,2.334290667317728135e-02
4.378000000000000114e+00,2.122314167094167120e-02
4.379000000000000448e+00,1.922591108063415738e-02
4.379999999999999893e+00,1.734725524357426385e-02
4.381000000000000227e+00,1.558315549076285875e-02
4.381999999999999673e+00,1.392953765424021634e-02
4.383000000000000007e+00,1.238227560709345351e-02
4.384000000000000341e+00,1.093719483000670303e-02
4.384999999999999787e+00,9.590076001656525073e-03
4.386000000000000121e+00,8.336658610474379644e-03
4.387000000000000455e+00,7.172644585297776980e-03
4.387999999999999901e+00,6.093701942400257636e-03
4.389000000000000234e+00,5.095468446185772056e-03
4.389999999999999680e+00,4.173555281311538967e-03
4.391000000000000014e+00,3.323550733403486147e-03
4.392000000000000348e+00,2.541023875941202277e-03
4.392999999999999794e+00,1.821528260769924527e-03
4.394000000000000128e+00,1.160605609662163301e-03
4.395000000000000462e+00,5.537895043104775535e-04
4.395999999999999908e+00,-3.390927634204469185e-06
4.397000000000000242e+00,-5.154073332015583113e-04
4.397999999999999687e+00,-9.867284638549937790e-04
4.399000000000000021e+00,-1.421816516881431111e-03
4.400000000000000355e+00,-1.825123490974783292e-03
4.400999999999999801e+00,-2.201087558517529109e-03
4.402000000000000135e+00,-2.554129457001518694e-03
4.403000000000000469e+00,-2.888648902132417116e-03
4.403999999999999915e+00,-3.209021025064177565e-03
4.405000000000000249e+00,-3.519592836112565674e-03
4.405999999999999694e+00,-3.824679717538970181e-03
4.407000000000000028e+00,-4.128561947646254213e-03
4.408000000000000362e+00,-4.435481258645262125e-03
4.408999999999999808e+00,-4.749637430662835384e-03
4.410000000000000142e+00,-5.075184924120968062e-03
4.411000000000000476e+00,-5.416229552890203074e-03
4.411999999999999922e+00,-5.776825200459141663e-03
4.413000000000000256e+00,-6.160970581302153103e-03
4.413999999999999702e+00,-6.572606049723407617e-03
4.415000000000000036e+00,-7.015610458304005238e-03
4.416000000000000369e+00,-7.493798068153723416e-03
4.416999999999999815e+00,-8.010915512928413681e-03
4.418000000000000149e+00,-8.570638818915846807e-03
4.419000000000000483e+00,-9.176570482912317986e-03
4.419999999999999929e+00,-9.832236610166071589e-03
4.421000000000000263e+00,-1.054108411412765615e-02
4.421999999999999709e+00,-1.130647797998586210e-02
4.423000000000000043e+00,-1.213169859386381902e-02
4.424000000000000377e+00,-1.301993913944538873e-02
4.424999999999999822e+00,-1.397430306377180596e-02
4.426000000000000156e+00,-1.499780161404328828e-02
4.427000000000000490e+00,-1.609335144693232675e-02
4.427999999999999936e+00,-1.726377231214660732e-02
4.429000000000000270e+00,-1.851178481174762039e-02
4.429999999999999716e+00,-1.984000823678121889e-02
4.431000000000000050e+00,-2.125095848262266787e-02
4.432000000000000384e+00,-2.274704604449981002e-02
4.432999999999999829e+00,-2.433057409453050213e-02
4.434000000000000163e+00,-2.600373664154547945e-02
4.435000000000000497e+00,-2.776861677497668990e-02
4.435999999999999943e+00,-2.962718499394681113e-02
4.437000000000000277e+00,-3.158129762274803493e-02
4.437999999999999723e+00,-3.363269531370873672e-02
4.439000000000000057e+00,-3.578300163849301718e-02
4.440000000000000391e+00,-3.803372176877851951e-02
4.440999999999999837e+00,-4.038624124717805214e-02
4.442000000000000171e+00,-4.284182484925350837e-02
4.443000000000000504e+00,-4.540161553735840710e-02
4.443999999999999950e+00,-4.806663350701927823e-02
4.445000000000000284e+00,-5.083777532651957698e-02
4.445999999999999730e+00,-5.371581317018817719e-02
4.447000000000000064e+00,-5.670139414599981859e-02
4.448000000000000398e+00,-5.979503971783651367e-02
4.448999999999999844e+00,-6.299714522286191387e-02
4.450000000000000178e+00,-6.630797948429886790e-02
4.451000000000000512e+00,-6.972768451984079352e-02
4.451999999999999957e+00,-7.325627534593279200e-02
4.453000000000000291e+00,-7.689363987801353661e-02
4.453999999999999737e+00,-8.063953892675923552e-02
4.455000000000000071e+00,-8.449360629037763748e-02
4.456000000000000405e+00,-8.845534894280790428e-02
4.456999999999999851e+00,-9.252414731775328305e-02
4.458000000000000185e+00,-9.669925568831570784e-02
4.459000000000000519e+00,-1.009798026419411743e-01
4.459999999999999964e+00,-1.053647916503904491e-01
4.461000000000000298e+00,-1.098531017343144373e-01
4.461999999999999744e+00,-1.144434882219640542e-01
4.463000000000000078e+00,-1.191345836015385712e-01
4.464000000000000412e+00,-1.239248984665420189e-01
4.464999999999999858e+00,-1.288128225535492555e-01
4.466000000000000192e+00,-1.337966258716460632e-01
4.467000000000000526e+00,-1.388744599227184073e-01
4.467999999999999972e+00,-1.440443590118517248e-01
4.469000000000000306e+00,-1.493042416468668976e-01
4.469999999999999751e+00,-1.546519120260338442e-01
4.471000000000000085e+00,-1.600850616130240767e-01
4.472000000000000419e+00,-1.656012707978836429e-01
4.472999999999999865e+00,-1.711980106430532611e-01
4.474000000000000199e+00,-1.768726447131202251e-01
4.475000000000000533e+00,-1.826224309870854712e-01
4.475999999999999979e+00,-1.884445238518582255e-01
4.477000000000000313e+00,-1.943359761756140724e-01
4.477999999999999758e+00,-2.002937414595355459e-01
4.479000000000000092e+00,-2.063146760666167701e-01
4.480000000000000426e+00,-2.123955415257702262e-01
4.480999999999999872e+00,-2.185330069099092887e-01
4.482000000000000206e+00,-2.247236512862641755e-01
4.482999999999999652e+00,-2.309639662371865132e-01
4.483999999999999986e+00,-2.372503584498681928e-01
4.485000000000000320e+00,-2.435791523731367925e-01
4.485999999999999766e+00,-2.499465929394308616e-01
4.487000000000000099e+00,-2.563488483503087445e-01
4.488000000000000433e+00,-2.627820129232887325e-01
4.488999999999999879e+00,-2.692421099983739463e-01
4.490000000000000213e+00,-2.757250949020619291e-01
4.490999999999999659e+00,-2.822268579668974486e-01
4.491999999999999993e+00,-2.887432276045189261e-01
4.493000000000000327e+00,-2.952699734300222034e-01
4.493999999999999773e+00,-3.018028094355702518e-01
4.495000000000000107e+00,-3.083373972110913797e-01
4.496000000000000441e+00,-3.148693492097439095e-01
4.496999999999999886e+00,-3.213942320560515542e-01
4.498000000000000220e+00,-3.279075698943644257e-01
4.498999999999999666e+00,-3.344048477753303605e-01
4.500000000000000000e+00,-3.408815150781522307e-01
4.501000000000000334e+00,-3.473329889661332937e-01
4.501999999999999780e+00,-3.537546578733160585e-01
4.503000000000000114e+00,-3.601418850196673183e-01
4.504000000000000448e+00,-3.664900119524548971e-01
4.504999999999999893e+00,-3.727943621114110373e-01
4.506000000000000227e+00,-3.790502444151901407e-01
4.506999999999999673e+00,-3.852529568666325788e-01
4.508000000000000007e+00,-3.913977901744433163e-01
4.509000000000000341e+00,-3.974800313886466818e-01
4.509999999999999787e+00,-4.034949675474824859e-01
4.511000000000000121e+00,-4.094378893330851144e-01
4.512000000000000455e+00,-4.153040947334740718e-01
4.512999999999999901e+00,-4.210888927083480393e-01
4.514000000000000234e+00,-4.267876068561340386e-01
4.514999999999999680e+00,-4.323955790796983334e-01
4.516000000000000014e+00,-4.379081732483393052e-01
4.517000000000000348e+00,-4.433207788532513294e-01
4.517999999999999794e+00,-4.486288146542892763e-01
4.519000000000000128e+00,-4.538277323151096443e-01
4.520000000000000462e+00,-4.589130200245076785e-01
4.520999999999999908e+00,-4.638802061011852440e-01
4.522000000000000242e+00,-4.687248625795937818e-01
4.522999999999999687e+00,-4.734426087742165667e-01
4.524000000000000021e+00,-4.780291148200179752e-01
4.525000000000000355e+00,-4.824801051862624979e-01
4.525999999999999801e+00,-4.867913621616014597e-01
4.527000000000000135e+00,-4.909587293077201653e-01
4.528000000000000469e+00,-4.949781148792571916e-01
4.528999999999999915e+00,-4.988454952075161986e-01
4.530000000000000249e+00,-5.025569180457308827e-01
4.530999999999999694e+00,-5.061085058732704978e-01
4.532000000000000028e+00,-5.094964591567806567e-01
4.533000000000000362e+00,-5.127170595656562746e-01
4.533999999999999808e+00,-5.157666731397708704e-01
4.535000000000000142e+00,-5.186417534071108282e-01
4.536000000000000476e+00,-5.213388444491519058e-01
4.536999999999999922e+00,-5.238545839117380032e-01
4.538000000000000256e+00,-5.261857059594343689e-01
4.538999999999999702e+00,-5.283290441710218888e-01
4.540000000000000036e+00,-5.302815343743096932e-01
4.541000000000000369e+00,-5.320402174180817179e-01
4.541999999999999815e+00,-5.336022418791217525e-01
4.543000000000000149e+00,-5.349648667025541648e-01
4.544000000000000483e+00,-5.361254637734190753e-01
4.544999999999999929e+00,-5.370815204176263569e-01
4.546000000000000263e+00,-5.378306418305810466e-01
4.546999999999999709e+00,-5.383705534315414987e-01
4.548000000000000043e+00,-5.386991031420707010e-01
4.549000000000000377e+00,-5.388142635868956587e-01
4.549999999999999822e+00,-5.387141342154841972e-01
4.551000000000000156e+00,-5.383969433428029694e-01
4.552000000000000490e+00,-5.378610501077065731e-01
4.552999999999999936e+00,-5.371049463474576458e-01
4.554000000000000270e+00,-5.361272583869832742e-01
4.554999999999999716e+00,-5.349267487415259037e-01
4.556000000000000050e+00,-5.335023177311896125e-01
4.557000000000000384e+00,-5.318530050064274040e-01
4.557999999999999829e+00,-5.299779909829983593e-01
4.559000000000000163e+00,-5.278765981853511535e-01
4.560000000000000497e+00,-5.255482924973811087e-01
4.560999999999999943e+00,-5.229926843195144004e-01
4.562000000000000277e+00,-5.202095296310501604e-01
4.562999999999999723e+00,-5.171987309570802438e-01
4.564000000000000057e+00,-5.139603382389147379e-01
4.565000000000000391e+00,-5.104945496073584055e-01
4.565999999999999837e+00,-5.068017120581027601e-01
4.567000000000000171e+00,-5.028823220285837392e-01
4.568000000000000504e+00,-4.987370258756686492e-01
4.568999999999999950e+00,-4.943666202537479459e-01
4.570000000000000284e+00,-4.897720523926131220e-01
4.570999999999999730e+00,-4.849544202749311861e-01
4.572000000000000064e+00,-4.799149727128108056e-01
4.573000000000000398e+00,-4.746551093232833085e-01
4.573999999999999844e+00,-4.691763804024893236e-01
4.575000000000000178e+00,-4.634804866984292837e-01
4.576000000000000512e+00,-4.575692790822184497e-01
4.576999999999999957e+00,-4.514447581178682167e-01
4.578000000000000291e+00,-4.451090735306130752e-01
4.578999999999999737e+00,-4.385645235739846215e-01
4.580000000000000071e+00,-4.318135542957467488e-01
4.581000000000000405e+00,-4.248587587030998036e-01
4.581999999999999851e+00,-4.177028758273239051e-01
4.583000000000000185e+00,-4.103487896883363240e-01
4.584000000000000519e+00,-4.027995281597343546e-01
4.584999999999999964e+00,-3.950582617346232173e-01
4.586000000000000298e+00,-3.871283021930422841e-01
4.586999999999999744e+00,-3.790131011715690001e-01
4.588000000000000078e+00,-3.707162486357498676e-01
4.589000000000000412e+00,-3.622414712563702399e-01
4.589999999999999858e+00,-3.535926306901308602e-01
4.591000000000000192e+00,-3.447737217658672360e-01
4.592000000000000526e+00,-3.357888705772668070e-01
4.592999999999999972e+00,-3.266423324830069475e-01
4.594000000000000306e+00,-3.173384900155059585e-01
4.594999999999999751e+00,-3.078818506995543713e-01
4.596000000000000085e+00,-2.982770447817837955e-01
4.597000000000000419e+00,-2.885288228725691462e-01
4.597999999999999865e+00,-2.786420535014982325e-01
4.599000000000000199e+00,-2.686217205878569381e-01
4.600000000000000533e+00,-2.584729208276773105e-01
4.600999999999999979e+00,-2.482008609987973180e-01
4.602000000000000313e+00,-2.378108551854032360e-01
4.602999999999999758e+00,-2.273083219239911135e-01
4.604000000000000092e+00,-2.166987812719974871e-01
4.605000000000000426e+00,-2.059878518012556448e-01
4.605999999999999872e+00,-1.951812475177652495e-01
4.607000000000000206e+00,-1.842847747096867106e-01
4.608000000000000540e+00,-1.733043287255952025e-01
4.608999999999999986e+00,-1.622458906846851456e-01
4.610000000000000320e+00,-1.511155241210103695e-01
4.610999999999999766e+00,-1.399193715639323599e-01
4.612000000000000099e+00,-1.286636510565129787e-01
4.613000000000000433e+00,-1.173546526143153523e-01
4.613999999999999879e+00,-1.059987346265162389e-01
4.615000000000000213e+00,-9.460232020160698474e-02
4.615999999999999659e+00,-8.317189345999716210e-02
4.616999999999999993e+00,-7.171399577558576488e-02
4.618000000000000327e+00,-6.023522196888510261e-02
4.618999999999999773e+00,-4.874221645374928608e-02
4.620000000000000107e+00,-3.724166934026167802e-02
4.621000000000000441e+00,-2.574031249617534170e-02
4.621999999999999886e+00,-1.424491556929831197e-02
4.623000000000000220e+00,-2.762281973196856980e-03
4.623999999999999666e+00,8.700755161013911526e-03
4.625000000000000000e+00,2.013733706462935910e-02
4.626000000000000334e+00,3.154058344021234278e-02
4.626999999999999780e+00,4.290359659700646727e-02
4.628000000000000114e+00,5.421946561020537375e-02
4.629000000000000448e+00,6.548127050149531170e-02
4.629999999999999893e+00,7.668208643823476445e-02
4.631000000000000227e+00,8.781498794876448077e-02
4.631999999999999673e+00,9.887305315091447777e-02
4.633000000000000007e+00,1.098493679914274990e-01
4.634000000000000341e+00,1.207370304931995875e-01
4.634999999999999787e+00,1.315291550080665839e-01
4.636000000000000121e+00,1.422188764721439846e-01
4.637000000000000455e+00,1.527993546611125797e-01
4.637999999999999901e+00,1.632637784428437600e-01
4.639000000000000234e+00,1.736053700245532294e-01
4.639999999999999680e+00,1.838173891917594116e-01
4.641000000000000014e+00,1.938931375365026410e-01
4.642000000000000348e+00,2.038259626718654516e-01
4.642999999999999794e+00,2.136092624304220255e-01
4.644000000000000128e+00,2.232364890436290550e-01
4.645000000000000462e+00,2.327011532996428322e-01
4.645999999999999908e+00,2.419968286768608701e-01
4.647000000000000242e+00,2.511171554505592374e-01
4.647999999999999687e+00,2.600558447698076425e-01
4.649000000000000021e+00,2.688066827023503080e-01
4.650000000000000355e+00,2.773635342444846219e-01
4.650999999999999801e+00,2.857203472935644362e-01
4.652000000000000135e+00,2.938711565805691706e-01
4.653000000000000469e+00,3.018100875599348254e-01
4.653999999999999915e+00,3.095313602544486620e-01
4.655000000000000249e+00,3.170292930524577502e-01
4.655999999999999694e+00,3.242983064549597727e-01
4.657000000000000028e+00,3.313329267702243563e-01
4.658000000000000362e+00,3.381277897533780941e-01
4.658999999999999808e+00,3.446776441886524323e-01
4.660000000000000142e+00,3.509773554119597350e-01
4.661000000000000476e+00,3.570219087712914185e-01
4.661999999999999922e+00,3.628064130229062267e-01
4.663000000000000256e+00,3.683261036608881933e-01
4.663999999999999702e+00,3.735763461778507377e-01
4.665000000000000036e+00,3.785526392547007846e-01
4.666000000000000369e+00,3.832506178773039673e-01
4.666999999999999815e+00,3.876660563778743795e-01
4.668000000000000149e+00,3.917948713992122634e-01
4.669000000000000483e+00,3.956331247796037176e-01
4.669999999999999929e+00,3.991770263565460608e-01
4.671000000000000263e+00,4.024229366873867675e-01
4.671999999999999709e+00,4.053673696849473540e-01
4.673000000000000043e+00,4.080069951664246908e-01
4.674000000000000377e+00,4.103386413137400934e-01
4.674999999999999822e+00,4.123592970436419924e-01
4.676000000000000156e+00,4.140661142859993205e-01
4.677000000000000490e+00,4.154564101685724875e-01
4.677999999999999936e+00,4.165276691068186543e-01
4.679000000000000270e+00,4.172775447972015828e-01
4.679999999999999716e+00,4.177038621126293871e-01
4.681000000000000050e+00,4.178046188986245801e-01
4.682000000000000384e+00,4.175779876689206804e-01
4.682999999999999829e+00,4.170223171993315825e-01
4.684000000000000163e+00,4.161361340185597002e-01
4.685000000000000497e+00,4.149181437949794882e-01
4.685999999999999943e+00,4.133672326182978307e-01
4.687000000000000277e+00,4.114824681750220980e-01
4.687999999999999723e+00,4.092631008169793083e-01
4.689000000000000057e+00,4.067085645218229129e-01
4.690000000000000391e+00,4.038184777449611573e-01
4.690999999999999837e+00,4.005926441620087930e-01
4.692000000000000171e+00,3.970310533011494614e-01
4.693000000000000504e+00,3.931338810649005477e-01
4.693999999999999950e+00,3.889014901406576685e-01
4.695000000000000284e+00,3.843344302995876371e-01
4.695999999999999730e+00,3.794334385835477219e-01
4.697000000000000064e+00,3.741994393796584384e-01
4.698000000000000398e+00,3.686335443822826297e-01
4.698999999999999844e+00,3.627370524422611209e-01
4.700000000000000178e+00,3.565114493033155751e-01
4.701000000000000512e+00,3.499584072255013112e-01
4.701999999999999957e+00,3.430797844958914933e-01
4.703000000000000291e+00,3.358776248263741215e-01
4.703999999999999737e+00,3.283541566390146826e-01
4.705000000000000071e+00,3.205117922389530971e-01
4.706000000000000405e+00,3.123531268754012324e-01
4.706999999999999851e+00,3.038809376908817028e-01
4.708000000000000185e+00,2.950981825593613217e-01
4.709000000000000519e+00,2.860079988137019802e-01
4.709999999999999964e+00,2.766137018630341893e-01
4.711000000000000298e+00,2.669187837007266362e-01
4.711999999999999744e+00,2.569269113037009888e-01
4.713000000000000078e+00,2.466419249237824518e-01
4.714000000000000412e+00,2.360678362721944923e-01
4.714999999999999858e+00,2.252088265977834070e-01
4.716000000000000192e+00,2.140692446602580068e-01
4.717000000000000526e+00,2.026536045994702384e-01
4.717999999999999972e+00,1.909665837016636947e-01
4.719000000000000306e+00,1.790130200640965841e-01
4.719999999999999751e+00,1.667979101593287938e-01
4.721000000000000085e+00,1.543264063001870690e-01
4.722000000000000419e+00,1.416038140072417850e-01
4.722999999999999865e+00,1.286355892798374534e-01
4.724000000000000199e+00,1.154273357723887700e-01
4.725000000000000533e+00,1.019848018775984244e-01
4.725999999999999979e+00,8.831387771794901864e-02
4.727000000000000313e+00,7.442059204734606526e-02
4.727999999999999758e+00,6.031110906477627626e-02
4.729000000000000092e+00,4.599172514135976136e-02
4.730000000000000426e+00,3.146886546316274291e-02
4.730999999999999872e+00,1.674908059135348307e-02
4.732000000000000206e+00,1.839042941617601099e-03
4.733000000000000540e+00,-1.325445681477645070e-02
4.733999999999999986e+00,-2.852451342661811370e-02
4.735000000000000320e+00,-4.396411081283536221e-02
4.735999999999999766e+00,-5.956612588467204844e-02
4.737000000000000099e+00,-7.532333243806431378e-02
4.738000000000000433e+00,-9.122840511374176453e-02
4.738999999999999879e+00,-1.072739234227925303e-01
4.740000000000000213e+00,-1.234523758355275391e-01
4.740999999999999659e+00,-1.397561639308866899e-01
4.741999999999999993e+00,-1.561776066044292255e-01
4.743000000000000327e+00,-1.727089443320124762e-01
4.743999999999999773e+00,-1.893423434870188382e-01
4.745000000000000107e+00,-2.060699007083649503e-01
4.746000000000000441e+00,-2.228836473167742915e-01
4.746999999999999886e+00,-2.397755537768030409e-01
4.748000000000000220e+00,-2.567375342019476148e-01
4.748999999999999666e+00,-2.737614509000286245e-01
4.750000000000000000e+00,-2.908391189564942803e-01
4.751000000000000334e+00,-3.079623108525069708e-01
4.751999999999999780e+00,-3.251227611154520747e-01
4.753000000000000114e+00,-3.423121709989814243e-01
4.754000000000000448e+00,-3.595222131896000373e-01
4.754999999999999893e+00,-3.767445365373874866e-01
4.756000000000000227e+00,-3.939707708077879178e-01
4.756999999999999673e+00,-4.111925314515507135e-01
4.758000000000000007e+00,-4.284014243903431218e-01
4.759000000000000341e+00,-4.455890508147194451e-01
4.759999999999999787e+00,-4.627470119919254166e-01
4.761000000000000121e+00,-4.798669140805912892e-01
4.762000000000000455e+00,-4.969403729491774779e-01
4.762999999999999901e+00,-5.139590189956877442e-01
4.764000000000000234e+00,-5.309145019655074904e-01
4.764999999999999680e+00,-5.477984957643808883e-01
4.766000000000000014e+00,-5.646027032639697740e-01
4.767000000000000348e+00,-5.813188610967623404e-01
4.767999999999999794e+00,-5.979387444376047522e-01
4.769000000000000128e+00,-6.144541717690800153e-01
4.770000000000000462e+00,-6.308570096275075700e-01
4.770999999999999908e+00,-6.471391773270807057e-01
4.772000000000000242e+00,-6.632926516591584054e-01
4.772999999999999687e+00,-6.793094715636426306e-01
4.774000000000000021e+00,-6.951817427700394125e-01
4.775000000000000355e+00,-7.109016424049520166e-01
4.775999999999999801e+00,-7.264614235635366013e-01
4.777000000000000135e+00,-7.418534198420720926e-01
4.778000000000000469e+00,-7.570700498286504487e-01
4.778999999999999915e+00,-7.721038215496441870e-01
4.780000000000000249e+00,-7.869473368689725579e-01
4.780999999999999694e+00,-8.015932958375291406e-01
4.782000000000000028e+00,-8.160345009902534308e-01
4.783000000000000362e+00,-8.302638615879900374e-01
4.783999999999999808e+00,-8.442743978017954731e-01
4.785000000000000142e+00,-8.580592448370105707e-01
4.786000000000000476e+00,-8.716116569944757364e-01
4.786999999999999922e+00,-8.849250116666329546e-01
4.788000000000000256e+00,-8.979928132659114048e-01
4.788999999999999702e+00,-9.108086970829173401e-01
4.790000000000000036e+00,-9.233664330723424518e-01
4.791000000000000369e+00,-9.356599295638696745e-01
4.791999999999999815e+00,-9.476832368961499720e-01
4.793000000000000149e+00,-9.594305509714329272e-01
4.794000000000000483e+00,-9.708962167286133704e-01
4.794999999999999929e+00,-9.820747315326749938e-01
4.796000000000000263e+00,-9.929607484784310767e-01
4.796999999999999709e+00,-1.003549079606320227e+00
4.798000000000000043e+00,-1.013834699028593578e+00
4.799000000000000377e+00,-1.023812745963591064e+00
4.799999999999999822e+00,-1.033478527676514380e+00
4.801000000000000156e+00,-1.042827522324732081e+00
4.802000000000000490e+00,-1.051855381705794734e+00
4.802999999999999936e+00,-1.060557933906544514e+00
4.804000000000000270e+00,-1.068931185851668575e+00
4.804999999999999716e+00,-1.076971325749928710e+00
4.806000000000000050e+00,-1.084674725436786114e+00
4.807000000000000384e+00,-1.092037942611686407e+00
4.807999999999999829e+00,-1.099057722968795225e+00
4.809000000000000163e+00,-1.105731002219719983e+00
4.810000000000000497e+00,-1.112054908006951059e+00
4.810999999999999943e+00,-1.118026761706811811e+00
4.812000000000000277e+00,-1.123644080120814071e+00
4.812999999999999723e+00,-1.128904577054185232e+00
4.814000000000000057e+00,-1.133806164780743808e+00
4.815000000000000391e+00,-1.138346955392971482e+00
4.815999999999999837e+00,-1.142525262036571787e+00
4.817000000000000171e+00,-1.146339600028579930e+00
4.818000000000000504e+00,-1.149788687858308123e+00
4.818999999999999950e+00,-1.152871448070510230e+00
4.820000000000000284e+00,-1.155587008030078966e+00
4.820999999999999730e+00,-1.157934700567779140e+00
4.822000000000000064e+00,-1.159914064506588183e+00
4.823000000000000398e+00,-1.161524845068163447e+00
4.823999999999999844e+00,-1.162766994159242007e+00
4.825000000000000178e+00,-1.163640670537604782e+00
4.826000000000000512e+00,-1.164146239857521303e+00
4.826999999999999957e+00,-1.164284274594534097e+00
4.828000000000000291e+00,-1.164055553849551616e+00
4.828999999999999737e+00,-1.163461063032316334e+00
4.830000000000000071e+00,-1.162501993424354563e+00
4.831000000000000405e+00,-1.161179741621586770e+00
4.831999999999999851e+00,-1.159495908856874591e+00
4.833000000000000185e+00,-1.157452300202854278e+00
4.834000000000000519e+00,-1.155050923655413397e+00
4.834999999999999964e+00,-1.152293989098355897e+00
4.836000000000000298e+00,-1.149183907149754491e+00
4.836999999999999744e+00,-1.145723287890628939e+00
4.838000000000000078e+00,-1.141914939476658786e+00
4.839000000000000412e+00,-1.137761866633687946e+00
4.839999999999999858e+00,-1.133267269037826042e+00
4.841000000000000192e+00,-1.128434539581094409e+00
4.842000000000000526e+00,-1.123267262523563570e+00
4.842999999999999972e+00,-1.117769211533043316e+00
4.844000000000000306e+00,-1.111944347613394113e+00
4.844999999999999751e+00,-1.105796816922709036e+00
4.846000000000000085e+00,-1.099330948482517334e+00
4.847000000000000419e+00,-1.092551251779429800e+00
4.847999999999999865e+00,-1.085462414260494945e+00
4.849000000000000199e+00,-1.078069298723732583e+00
4.850000000000000533e+00,-1.070376940605478611e+00
4.850999999999999979e+00,-1.062390545165839306e+00
4.852000000000000313e+00,-1.054115484574150052e+00
4.852999999999999758e+00,-1.045557294895997247e+00
4.854000000000000092e+00,-1.036721672983497156e+00
4.855000000000000426e+00,-1.027614473270816342e+00
4.855999999999999872e+00,-1.018241704476620768e+00
4.857000000000000206e+00,-1.008609526215400454e+00
4.858000000000000540e+00,-9.987242455198258595e-01
4.858999999999999986e+00,-9.885923132758747123e-01
4.860000000000000320e+00,-9.782203205730173323e-01
4.860999999999999766e+00,-9.676149949716180698e-01
4.862000000000000099e+00,-9.567831966894793094e-01
4.863000000000000433e+00,-9.457319147101145296e-01
4.863999999999999879e+00,-9.344682628147763515e-01
4.865000000000000213e+00,-9.229994755405679374e-01
4.865999999999999659e+00,-9.113329040672513148e-01
4.866999999999999993e+00,-8.994760120348452848e-01
4.868000000000000327e+00,-8.874363712946967686e-01
4.868999999999999773e+00,-8.752216575964619771e-01
4.870000000000000107e+00,-8.628396462134393374e-01
4.871000000000000441e+00,-8.502982075089969838e-01
4.871999999999999886e+00,-8.376053024465853758e-01
4.873000000000000220e+00,-8.247689780459211972e-01
4.873999999999999666e+00,-8.117973627882650867e-01
4.875000000000000000e+00,-7.986986619731669679e-01
4.876000000000000334e+00,-7.854811530297347577e-01
4.876999999999999780e+00,-7.721531807849175699e-01
4.878000000000000114e+00,-7.587231526917576074e-01
4.879000000000000448e+00,-7.451995340204375928e-01
4.879999999999999893e+00,-7.315908430147862740e-01
4.881000000000000227e+00,-7.179056460173394161e-01
4.881999999999999673e+00,-7.041525525656118223e-01
4.883000000000000007e+00,-6.903402104625928626e-01
4.884000000000000341e+00,-6.764773008244532315e-01
4.884999999999999787e+00,-6.625725331081140368e-01
4.886000000000000121e+00,-6.486346401218631152e-01
4.887000000000000455e+00,-6.346723730219808735e-01
4.887999999999999901e+00,-6.206944962980549541e-01
4.889000000000000234e+00,-6.067097827502300200e-01
4.889999999999999680e+00,-5.927270084612732415e-01
4.891000000000000014e+00,-5.787549477662681241e-01
4.892000000000000348e+00,-5.648023682232332643e-01
4.892999999999999794e+00,-5.508780255872720577e-01
4.894000000000000128e+00,-5.369906587914016205e-01
4.895000000000000462e+00,-5.231489849371934175e-01
4.895999999999999908e+00,-5.093616942977354789e-01
4.897000000000000242e+00,-4.956374453362863974e-01
4.897999999999999687e+00,-4.819848597434611137e-01
4.899000000000000021e+00,-4.684125174955718340e-01
4.900000000000000355e+00,-4.549289519375852020e-01
4.900999999999999801e+00,-4.415426448930999115e-01
4.902000000000000135e+00,-4.282620218044246863e-01
4.903000000000000469e+00,-4.150954469057485108e-01
4.903999999999999915e+00,-4.020512184320377269e-01
4.905000000000000249e+00,-3.891375638664969494e-01
4.905999999999999694e+00,-3.763626352296315369e-01
4.907000000000000028e+00,-3.637345044123508342e-01
4.908000000000000362e+00,-3.512611585561400962e-01
4.908999999999999808e+00,-3.389504954828552741e-01
4.910000000000000142e+00,-3.268103191768276239e-01
4.911000000000000476e+00,-3.148483353220918324e-01
4.911999999999999922e+00,-3.030721468972333299e-01
4.913000000000000256e+00,-2.914892498303118251e-01
4.913999999999999702e+00,-2.801070287168169193e-01
4.915000000000000036e+00,-2.689327526026832893e-01
4.916000000000000369e+00,-2.579735708352199341e-01
4.916999999999999815e+00,-2.472365089841608299e-01
4.918000000000000149e+00,-2.367284648353249477e-01
4.919000000000000483e+00,-2.264562044592143553e-01
4.919999999999999929e+00,-2.164263583568295235e-01
4.921000000000000263e+00,-2.066454176849628344e-01
4.921999999999999709e+00,-1.971197305632231833e-01
4.923000000000000043e+00,-1.878554984647904103e-01
4.924000000000000377e+00,-1.788587726933077160e-01
4.924999999999999822e+00,-1.701354509475436205e-01
4.926000000000000156e+00,-1.616912739762244033e-01
4.927000000000000490e+00,-1.535318223247200964e-01
4.927999999999999936e+00,-1.456625131755871494e-01
4.929000000000000270e+00,-1.380885972847361587e-01
4.929999999999999716e+00,-1.308151560150705439e-01
4.931000000000000050e+00,-1.238470984692110061e-01
4.932000000000000384e+00,-1.171891587230924070e-01
4.932999999999999829e+00,-1.108458931618751253e-01
4.934000000000000163e+00,-1.048216779197842646e-01
4.935000000000000497e+00,-9.912070642539280718e-02
4.935999999999999943e+00,-9.374698705362143059e-02
4.937000000000000277e+00,-8.870434088586011401e-02
4.937999999999999723e+00,-8.399639957959424696e-02
4.939000000000000057e+00,-7.962660334847718180e-02
4.940000000000000391e+00,-7.559819905426248821e-02
4.940999999999999837e+00,-7.191423841154380436e-02
4.942000000000000171e+00,-6.857757630621387490e-02
4.943000000000000504e+00,-6.559086922883715365e-02
4.943999999999999950e+00,-6.295657382348794628e-02
4.945000000000000284e+00,-6.067694555310001320e-02
4.945999999999999730e+00,-5.875403748193841480e-02
4.947000000000000064e+00,-5.718969917582592682e-02
4.948000000000000398e+00,-5.598557572080571643e-02
4.948999999999999844e+00,-5.514310686064929912e-02
4.950000000000000178e+00,-5.466352625370938384e-02
4.951000000000000512e+00,-5.454786084946514069e-02
4.951999999999999957e+00,-5.479693038508717806e-02
4.953000000000000291e+00,-5.541134700217023590e-02
4.953999999999999737e+00,-5.639151498386010125e-02
4.955000000000000071e+00,-5.773763061245389822e-02
4.956000000000000405e+00,-5.944968214737628154e-02
4.956999999999999851e+00,-6.152744992363008703e-02
4.958000000000000185e+00,-6.397050657042521737e-02
4.959000000000000519e+00,-6.677821734985310564e-02
4.959999999999999964e+00,-6.994974061536357590e-02
4.961000000000000298e+00,-7.348402838954398719e-02
4.961999999999999744e+00,-7.737982706095924978e-02
4.963000000000000078e+00,-8.163567819940950598e-02
4.964000000000000412e+00,-8.624991948907316519e-02
4.964999999999999858e+00,-9.122068577894588970e-02
4.966000000000000192e+00,-9.654591024984292280e-02
4.967000000000000526e+00,-1.022233256970895565e-01
4.967999999999999972e+00,-1.082504659281997850e-01
4.969000000000000306e+00,-1.146246672745614287e-01
4.969999999999999751e+00,-1.213430702160438607e-01
4.971000000000000085e+00,-1.284026211176982069e-01
4.972000000000000419e+00,-1.358000740771719839e-01
4.972999999999999865e+00,-1.435319928818274415e-01
4.974000000000000199e+00,-1.515947530743061156e-01
4.975000000000000533e+00,-1.599845441250715428e-01
4.975999999999999979e+00,-1.686973717107217718e-01
4.977000000000000313e+00,-1.777290600965820144e-01
4.977999999999999758e+00,-1.870752546219410506e-01
4.979000000000000092e+00,-1.967314242866374518e-01
4.980000000000000426e+00,-2.066928644370284451e-01
4.980999999999999872e+00,-2.169546995499673780e-01
4.982000000000000206e+00,-2.275118861128918590e-01
4.983000000000000540e+00,-2.383592155981552052e-01
4.983999999999999986e+00,-2.494913175299365571e-01
4.985000000000000320e+00,-2.609026626417266237e-01
4.985999999999999766e+00,-2.725875661222906809e-01
4.987000000000000099e+00,-2.845401909483949998e-01
4.988000000000000433e+00,-2.967545513019022585e-01
4.988999999999999879e+00,-3.092245160694103712e-01
4.990000000000000213e+00,-3.219438124220204145e-01
4.991000000000000547e+00,-3.349060294732663090e-01
4.991999999999999993e+00,-3.481046220126672308e-01
4.993000000000000327e+00,-3.615329143129737965e-01
4.993999999999999773e+00,-3.751841040083090384e-01
4.995000000000000107e+00,-3.890512660413270596e-01
4.996000000000000441e+00,-4.031273566764794203e-01
4.996999999999999886e+00,-4.174052175772822171e-01
4.998000000000000220e+00,-4.318775799450146335e-01
4.998999999999999666e+00,-4.465370687160629126e-01
5.000000000000000000e+00,-4.613762068158059337e-01
5.001000000000000334e+00,-4.763874194659491468e-01
5.001999999999999780e+00,-4.915630385430798666e-01
5.003000000000000114e+00,-5.068953069856025895e-01
5.004000000000000448e+00,-5.223763832462710033e-01
5.004999999999999893e+00,-5.379983457879328190e-01
5.006000000000000227e+00,-5.537531976194002281e-01
5.006999999999999673e+00,-5.696328708688728204e-01
5.008000000000000007e+00,-5.856292313922462078e-01
5.009000000000000341e+00,-6.017340834131655880e-01
5.009999999999999787e+00,-6.179391741924353809e-01
5.011000000000000121e+00,-6.342361987236979637e-01
5.012000000000000455e+00,-6.506168044525353356e-01
5.012999999999999901e+00,-6.670725960163084167e-01
5.014000000000000234e+00,-6.835951400018166479e-01
5.014999999999999680e+00,-7.001759697177329933e-01
5.016000000000000014e+00,-7.168065899793074625e-01
5.017000000000000348e+00,-7.334784819020182534e-01
5.017999999999999794e+00,-7.501831077017604432e-01
5.019000000000000128e+00,-7.669119154982589892e-01
5.020000000000000462e+00,-7.836563441191624069e-01
5.020999999999999908e+00,-8.004078279016996200e-01
5.022000000000000242e+00,-8.171578014892862951e-01
5.022999999999999687e+00,-8.338977046198250420e-01
5.024000000000000021e+00,-8.506189869033959905e-01
5.025000000000000355e+00,-8.673131125858686286e-01
5.025999999999999801e+00,-8.839715652960994374e-01
5.027000000000000135e+00,-9.005858527737287123e-01
5.028000000000000469e+00,-9.171475115745350015e-01
5.028999999999999915e+00,-9.336481117509931593e-01
5.030000000000000249e+00,-9.500792615049676870e-01
5.030999999999999694e+00,-9.664326118097267271e-01
5.032000000000000028e+00,-9.826998609989439082e-01
5.033000000000000362e+00,-9.988727593194223209e-01
5.033999999999999808e+00,-1.014943113445394340e+00
5.035000000000000142e+00,-1.030902790951400583e+00
5.036000000000000476e+00,-1.046743724741189263e+00
5.036999999999999922e+00,-1.062457917430127408e+00
5.038000000000000256e+00,-1.078037445678593942e+00
5.038999999999999702e+00,-1.093474464473514152e+00
5.040000000000000036e+00,-1.108761211356008580e+00
5.041000000000000369e+00,-1.123890010592274447e+00
5.041999999999999815e+00,-1.138853277285512666e+00
5.043000000000000149e+00,-1.153643521426553686e+00
5.044000000000000483e+00,-1.168253351880542912e+00
5.044999999999999929e+00,-1.182675480307730620e+00
5.046000000000000263e+00,-1.196902725016002922e+00
5.046999999999999709e+00,-1.210928014742708392e+00
5.048000000000000043e+00,-1.224744392364021550e+00
5.049000000000000377e+00,-1.238345018529384056e+00
5.049999999999999822e+00,-1.251723175219087825e+00
5.051000000000000156e+00,-1.264872269223051404e+00
5.052000000000000490e+00,-1.277785835538624237e+00
5.052999999999999936e+00,-1.290457540685709503e+00
5.054000000000000270e+00,-1.302881185937221575e+00
5.054999999999999716e+00,-1.315050710463053996e+00
5.056000000000000050e+00,-1.326960194385952585e+00
5.057000000000000384e+00,-1.338603861747326151e+00
5.057999999999999829e+00,-1.349976083381688063e+00
5.059000000000000163e+00,-1.361071379697925465e+00
5.060000000000000497e+00,-1.371884423365822725e+00
5.060999999999999943e+00,-1.382410041906679821e+00
5.062000000000000277e+00,-1.392643220186252417e+00
5.062999999999999723e+00,-1.402579102808978462e+00
5.064000000000000057e+00,-1.412212996412054666e+00
5.065000000000000391e+00,-1.421540371858122986e+00
5.065999999999999837e+00,-1.430556866325613852e+00
5.067000000000000171e+00,-1.439258285295483608e+00
5.068000000000000504e+00,-1.447640604433312772e+00
5.068999999999999950e+00,-1.455699971366022361e+00
5.070000000000000284e+00,-1.463432707352120277e+00
5.070999999999999730e+00,-1.470835308844678835e+00
5.072000000000000064e+00,-1.477904448946490978e+00
5.073000000000000398e+00,-1.484636978756439740e+00
5.073999999999999844e+00,-1.491029928606668387e+00
5.075000000000000178e+00,-1.497080509190003461e+00
5.076000000000000512e+00,-1.502786112577000566e+00
5.076999999999999957e+00,-1.508144313122357527e+00
5.078000000000000291e+00,-1.513152868260367434e+00
5.078999999999999737e+00,-1.517809719188951245e+00
5.080000000000000071e+00,-1.522112991442362562e+00
5.081000000000000405e+00,-1.526060995352171323e+00
5.081999999999999851e+00,-1.529652226396609693e+00
5.083000000000000185e+00,-1.532885365438311442e+00
5.084000000000000519e+00,-1.535759278850409304e+00
5.084999999999999964e+00,-1.538273018531223002e+00
5.086000000000000298e+00,-1.540425821807793749e+00
5.086999999999999744e+00,-1.542217111228440407e+00
5.088000000000000078e+00,-1.543646494244761636e+00
5.089000000000000412e+00,-1.544713762783566091e+00
5.089999999999999858e+00,-1.545418892709097936e+00
5.091000000000000192e+00,-1.545762043176195144e+00
5.092000000000000526e+00,-1.545743555875038533e+00
5.092999999999999972e+00,-1.545363954168095244e+00
5.094000000000000306e+00,-1.544623942120139093e+00
5.094999999999999751e+00,-1.543524403422013691e+00
5.096000000000000085e+00,-1.542066400209223920e+00
5.097000000000000419e+00,-1.540251171776134909e+00
5.097999999999999865e+00,-1.538080133186960241e+00
5.099000000000000199e+00,-1.535554873784446883e+00
5.100000000000000533e+00,-1.532677155597605978e+00
5.100999999999999979e+00,-1.529448911649528453e+00
5.102000000000000313e+00,-1.525872244166593727e+00
5.102999999999999758e+00,-1.521949422690543896e+00
5.104000000000000092e+00,-1.517682882094566255e+00
5.105000000000000426e+00,-1.513075220505027296e+00
5.105999999999999872e+00,-1.508129197130314347e+00
5.107000000000000206e+00,-1.502847729998245674e+00
5.108000000000000540e+00,-1.497233893603836963e+00
5.108999999999999986e+00,-1.491290916468933192e+00
5.110000000000000320e+00,-1.485022178615523547e+00
5.110999999999999766e+00,-1.478431208954497311e+00
5.112000000000000099e+00,-1.471521682591605318e+00
5.113000000000000433e+00,-1.464297418052599165e+00
5.113999999999999879e+00,-1.456762374429403151e+00
5.115000000000000213e+00,-1.448920648449249393e+00
5.116000000000000547e+00,-1.440776471468936393e+00
5.116999999999999993e+00,-1.432334206396119747e+00
5.118000000000000327e+00,-1.423598344539763083e+00
5.118999999999999773e+00,-1.414573502392007187e+00
5.120000000000000107e+00,-1.405264418343448618e+00
5.121000000000000441e+00,-1.395675949334278076e+00
5.121999999999999886e+00,-1.385813067443290914e+00
5.123000000000000220e+00,-1.375680856417249132e+00
5.123999999999999666e+00,-1.365284508142856179e+00
5.125000000000000000e+00,-1.354629319063731963e+00
5.126000000000000334e+00,-1.343720686544681353e+00
5.126999999999999780e+00,-1.332564105185862546e+00
5.128000000000000114e+00,-1.321165163089080830e+00
5.129000000000000448e+00,-1.309529538078932687e+00
5.129999999999999893e+00,-1.297662993881063098e+00
5.131000000000000227e+00,-1.285571376260182586e+00
5.131999999999999673e+00,-1.273260609120488773e+00
5.133000000000000007e+00,-1.260736690570739116e+00
5.134000000000000341e+00,-1.248005688957003922e+00
5.134999999999999787e+00,-1.235073738865302806e+00
5.136000000000000121e+00,-1.221947037096889010e+00
5.137000000000000455e+00,-1.208631838618996257e+00
5.137999999999999901e+00,-1.195134452493293198e+00
5.139000000000000234e+00,-1.181461237785114360e+00
5.139999999999999680e+00,-1.167618599455794381e+00
5.141000000000000014e+00,-1.153612984240963035e+00
5.142000000000000348e+00,-1.139450876517472677e+00
5.142999999999999794e+00,-1.125138794161486322e+00
5.144000000000000128e+00,-1.110683284400487691e+00
5.145000000000000462e+00,-1.096090919662017438e+00
5.145999999999999908e+00,-1.081368293421566484e+00
5.147000000000000242e+00,-1.066522016052378508e+00
5.147999999999999687e+00,-1.051558710680049913e+00
5.149000000000000021e+00,-1.036485009044136429e+00
5.150000000000000355e+00,-1.021307547369898261e+00
5.150999999999999801e+00,-1.006032962252457308e+00
5.152000000000000135e+00,-9.906678865561113767e-01
5.153000000000000469e+00,-9.752189453315197598e-01
5.153999999999999915e+00,-9.596927517532579666e-01
5.155000000000000249e+00,-9.440959030801715501e-01
5.155999999999999694e+00,-9.284349766414982108e-01
5.157000000000000028e+00,-9.127165258507625722e-01
5.158000000000000362e+00,-8.969470762504855310e-01
5.158999999999999808e+00,-8.811331215898050573e-01
5.160000000000000142e+00,-8.652811199375968210e-01
5.161000000000000476e+00,-8.493974898337431911e-01
5.161999999999999922e+00,-8.334886064805986372e-01
5.163000000000000256e+00,-8.175607979772493428e-01
5.163999999999999702e+00,-8.016203415990306169e-01
5.165000000000000036e+00,-7.856734601242324478e-01
5.166000000000000369e+00,-7.697263182107882962e-01
5.166999999999999815e+00,-7.537850188246832950e-01
5.168000000000000149e+00,-7.378555997227076446e-01
5.169000000000000483e+00,-7.219440299914650083e-01
5.169999999999999929e+00,-7.060562066449421748e-01
5.171000000000000263e+00,-6.901979512824960583e-01
5.171999999999999709e+00,-6.743750068096799888e-01
5.173000000000000043e+00,-6.585930342234636026e-01
5.174000000000000377e+00,-6.428576094642288741e-01
5.174999999999999822e+00,-6.271742203361527768e-01
5.176000000000000156e+00,-6.115482634979286791e-01
5.177000000000000490e+00,-5.959850415257890166e-01
5.177999999999999936e+00,-5.804897600503903243e-01
5.179000000000000270e+00,-5.650675249692987956e-01
5.179999999999999716e+00,-5.497233397370002717e-01
5.181000000000000050e+00,-5.344621027336065033e-01
5.182000000000000384e+00,-5.192886047142583061e-01
5.182999999999999829e+00,-5.042075263404482977e-01
5.184000000000000163e+00,-4.892234357947229939e-01
5.185000000000000497e+00,-4.743407864803775298e-01
5.185999999999999943e+00,-4.595639148071810065e-01
5.187000000000000277e+00,-4.448970380645832501e-01
5.187999999999999723e+00,-4.303442523836514266e-01
5.189000000000000057e+00,-4.159095307886739867e-01
5.190000000000000391e+00,-4.015967213398636826e-01
5.190999999999999837e+00,-3.874095453678171874e-01
5.192000000000000171e+00,-3.733515958009735458e-01
5.193000000000000504e+00,-3.594263355869363741e-01
5.193999999999999950e+00,-3.456370962083862852e-01
5.195000000000000284e+00,-3.319870762944238107e-01
5.195999999999999730e+00,-3.184793403282229485e-01
5.197000000000000064e+00,-3.051168174513240183e-01
5.198000000000000398e+00,-2.919023003654873660e-01
5.198999999999999844e+00,-2.788384443324073425e-01
5.200000000000000178e+00,-2.659277662717868806e-01
5.201000000000000512e+00,-2.531726439583427135e-01
5.201999999999999957e+00,-2.405753153177880854e-01
5.203000000000000291e+00,-2.281378778222127590e-01
5.203999999999999737e+00,-2.158622879851651855e-01
5.205000000000000071e+00,-2.037503609562366091e-01
5.206000000000000405e+00,-1.918037702156146218e-01
5.206999999999999851e+00,-1.800240473682832576e-01
5.208000000000000185e+00,-1.684125820379052674e-01
5.209000000000000519e+00,-1.569706218603918735e-01
5.209999999999999964e+00,-1.456992725767354002e-01
5.211000000000000298e+00,-1.345994982249087146e-01
5.211999999999999744e+00,-1.236721214306950589e-01
5.213000000000000078e+00,-1.129178237966620285e-01
5.214000000000000412e+00,-1.023371463892639444e-01
5.214999999999999858e+00,-9.193049032318931224e-02
5.216000000000000192e+00,-8.169811744252289398e-02
5.217000000000000526e+00,-7.164015109809027115e-02
5.217999999999999972e+00,-6.175657702023312767e-02
5.219000000000000306e+00,-5.204724428612699655e-02
5.219999999999999751e+00,-4.251186638104138132e-02
5.221000000000000085e+00,-3.315002235241244766e-02
5.222000000000000419e+00,-2.396115805586752565e-02
5.222999999999999865e+00,-1.494458749218849705e-02
5.224000000000000199e+00,-6.099494234062513738e-03
5.225000000000000533e+00,2.575067058412838696e-03
5.225999999999999979e+00,1.108016903483228198e-02
5.227000000000000313e+00,1.941700996527256917e-02
5.227999999999999758e+00,2.758691196618538732e-02
5.229000000000000092e+00,3.559131914279661801e-02
5.230000000000000426e+00,4.343179564926533814e-02
5.230999999999999872e+00,5.111002366834533489e-02
5.232000000000000206e+00,5.862780131179223808e-02
5.233000000000000540e+00,6.598704044330942764e-02
5.233999999999999986e+00,7.318976442557627304e-02
5.235000000000000320e+00,8.023810579300807988e-02
5.235999999999999766e+00,8.713430385208097151e-02
5.237000000000000099e+00,9.388070221089474254e-02
5.238000000000000433e+00,1.004797462398078073e-01
5.238999999999999879e+00,1.069339804650639575e-01
5.240000000000000213e+00,1.132460458973923029e-01
5.241000000000000547e+00,1.194186772971520816e-01
5.241999999999999993e+00,1.254547003786076476e-01
5.243000000000000327e+00,1.313570289548626480e-01
5.243999999999999773e+00,1.371286620257107791e-01
5.245000000000000107e+00,1.427726808106011824e-01
5.246000000000000441e+00,1.482922457286754425e-01
5.246999999999999886e+00,1.536905933281363934e-01
5.248000000000000220e+00,1.589710331672537225e-01
5.248999999999999666e+00,1.641369446489930051e-01
5.250000000000000000e+00,1.691917738118408898e-01
5.251000000000000334e+00,1.741390300788689949e-01
5.251999999999999780e+00,1.789822829674559135e-01
5.253000000000000114e+00,1.837251587621047677e-01
5.254000000000000448e+00,1.883713371525345959e-01
5.254999999999999893e+00,1.929245478395335833e-01
5.256000000000000227e+00,1.973885671111192674e-01
5.256999999999999673e+00,2.017672143911384275e-01
5.258000000000000007e+00,2.060643487630010318e-01
5.259000000000000341e+00,2.102838654709197896e-01
5.259999999999999787e+00,2.144296924011323269e-01
5.261000000000000121e+00,2.185057865455623527e-01
5.262000000000000455e+00,2.225161304505123561e-01
5.262999999999999901e+00,2.264647286527578518e-01
5.264000000000000234e+00,2.303556041057104598e-01
5.264999999999999680e+00,2.341927945980298020e-01
5.266000000000000014e+00,2.379803491672479454e-01
5.267000000000000348e+00,2.417223245110452501e-01
5.267999999999999794e+00,2.454227813984366235e-01
5.269000000000000128e+00,2.490857810837797670e-01
5.270000000000000462e+00,2.527153817256463930e-01
5.270999999999999908e+00,2.563156348135610663e-01
5.272000000000000242e+00,2.598905816047137329e-01
5.272999999999999687e+00,2.634442495734126699e-01
5.274000000000000021e+00,2.669806488756516494e-01
5.275000000000000355e+00,2.705037688312384447e-01
5.275999999999999801e+00,2.740175744260993085e-01
5.277000000000000135e+00,2.775260028370506449e-01
5.278000000000000469e+00,2.810329599815323820e-01
5.278999999999999915e+00,2.845423170948210845e-01
5.280000000000000249e+00,2.880579073369166632e-01
5.280999999999999694e+00,2.915835224316749574e-01
5.282000000000000028e+00,2.951229093404535986e-01
5.283000000000000362e+00,2.986797669725682058e-01
5.283999999999999808e+00,3.022577429349664335e-01
5.285000000000000142e+00,3.058604303233286581e-01
5.286000000000000476e+00,3.094913645568360683e-01
5.286999999999999922e+00,3.131540202588672939e-01
5.288000000000000256e+00,3.168518081858210378e-01
5.288999999999999702e+00,3.205880722061254517e-01
5.290000000000000036e+00,3.243660863317081589e-01
5.291000000000000369e+00,3.281890518038931837e-01
5.291999999999999815e+00,3.320600942357634922e-01
5.293000000000000149e+00,3.359822608131562416e-01
5.294000000000000483e+00,3.399585175560382866e-01
5.294999999999999929e+00,3.439917466423475512e-01
5.296000000000000263e+00,3.480847437961759883e-01
5.296999999999999709e+00,3.522402157420093660e-01
5.298000000000000043e+00,3.564607777270427103e-01
5.299000000000000377e+00,3.607489511130320126e-01
5.299999999999999822e+00,3.651071610397060296e-01
5.301000000000000156e+00,3.695377341611384980e-01
5.302000000000000490e+00,3.740428964568039971e-01
5.302999999999999936e+00,3.786247711188511778e-01
5.304000000000000270e+00,3.832853765171231331e-01
5.304999999999999716e+00,3.880266242433258461e-01
5.306000000000000050e+00,3.928503172357653006e-01
5.307000000000000384e+00,3.977581479860194391e-01
5.307999999999999829e+00,4.027516968288017973e-01
5.309000000000000163e+00,4.078324303162478848e-01
5.310000000000000497e+00,4.130016996778492211e-01
5.310999999999999943e+00,4.182607393670426110e-01
5.312000000000000277e+00,4.236106656956828420e-01
5.312999999999999723e+00,4.290524755571769044e-01
5.314000000000000057e+00,4.345870452394638983e-01
5.315000000000000391e+00,4.402151293284809475e-01
5.315999999999999837e+00,4.459373597031300318e-01
5.317000000000000171e+00,4.517542446223754005e-01
5.318000000000000504e+00,4.576661679051982068e-01
5.318999999999999950e+00,4.636733882040817711e-01
5.320000000000000284e+00,4.697760383725260724e-01
5.320999999999999730e+00,4.759741249271267627e-01
5.322000000000000064e+00,4.822675276047044823e-01
5.323000000000000398e+00,4.886559990147253951e-01
5.323999999999999844e+00,4.951391643875165394e-01
5.325000000000000178e+00,5.017165214183582078e-01
5.326000000000000512e+00,5.083874402076803412e-01
5.326999999999999957e+00,5.151511632975435129e-01
5.328000000000000291e+00,5.220068058043950687e-01
5.328999999999999737e+00,5.289533556480430221e-01
5.330000000000000071e+00,5.359896738769219793e-01
5.331000000000000405e+00,5.431144950893115331e-01
5.331999999999999851e+00,5.503264279504433976e-01
5.333000000000000185e+00,5.576239558052168421e-01
5.334000000000000519e+00,5.650054373860308177e-01
5.334999999999999964e+00,5.724691076155409286e-01
5.336000000000000298e+00,5.800130785037596048e-01
5.336999999999999744e+00,5.876353401388989539e-01
5.338000000000000078e+00,5.953337617715892538e-01
5.339000000000000412e+00,6.031060929915077473e-01
5.339999999999999858e+00,6.109499649959752032e-01
5.341000000000000192e+00,6.188628919495888780e-01
5.342000000000000526e+00,6.268422724340425578e-01
5.342999999999999972e+00,6.348853909872715917e-01
5.344000000000000306e+00,6.429894197309957704e-01
5.344999999999999751e+00,6.511514200854715551e-01
5.346000000000000085e+00,6.593683445705981194e-01
5.347000000000000419e+00,6.676370386919771027e-01
5.347999999999999865e+00,6.759542429109323125e-01
5.349000000000000199e+00,6.843165946971402347e-01
5.350000000000000533e+00,6.927206306624761334e-01
5.350999999999999979e+00,7.011627887748546062e-01
5.352000000000000313e+00,7.096394106505555799e-01
5.352999999999999758e+00,7.181467439234598960e-01
5.354000000000000092e+00,7.266809446899089586e-01
5.355000000000000426e+00,7.352380800272512174e-01
5.355999999999999872e+00,7.438141305848059437e-01
5.357000000000000206e+00,7.524049932452653300e-01
5.358000000000000540e+00,7.610064838548967758e-01
5.358999999999999986e+00,7.696143400208281804e-01
5.360000000000000320e+00,7.782242239735227551e-01
5.360999999999999766e+00,7.868317254924520610e-01
5.362000000000000099e+00,7.954323648933165902e-01
5.363000000000000433e+00,8.040215960745380475e-01
5.363999999999999879e+00,8.125948096212481930e-01
5.365000000000000213e+00,8.211473359646495052e-01
5.366000000000000547e+00,8.296744485945792835e-01
5.366999999999999993e+00,8.381713673232670248e-01
5.368000000000000327e+00,8.466332615981535525e-01
5.368999999999999773e+00,8.550552538613211961e-01
5.370000000000000107e+00,8.634324229536913808e-01
5.371000000000000441e+00,8.717598075614148012e-01
5.371999999999999886e+00,8.800324097022192982e-01
5.373000000000000220e+00,8.882451982496120113e-01
5.374000000000000554e+00,8.963931124922430715e-01
5.375000000000000000e+00,9.044710657263280718e-01
5.376000000000000334e+00,9.124739488786421937e-01
5.376999999999999780e+00,9.203966341575641197e-01
5.378000000000000114e+00,9.282339787299324074e-01
5.379000000000000448e+00,9.359808284209971685e-01
5.379999999999999893e+00,9.436320214352404978e-01
5.381000000000000227e+00,9.511823920953820233e-01
5.381999999999999673e+00,9.586267745970930010e-01
5.383000000000000007e+00,9.659600067769883447e-01
5.384000000000000341e+00,9.731769338911639977e-01
5.384999999999999787e+00,9.802724124020246732e-01
5.386000000000000121e+00,9.872413137704741937e-01
5.387000000000000455e+00,9.940785282511951371e-01
5.387999999999999901e+00,1.000778968688362136e+00
5.389000000000000234e+00,1.007337574309170591e+00
5.389999999999999680e+00,1.013749314512589761e+00
5.391000000000000014e+00,1.020009192650938479e+00
5.392000000000000348e+00,1.026112249801413467e+00
5.392999999999999794e+00,1.032053568525282961e+00
5.394000000000000128e+00,1.037828276612086764e+00
5.395000000000000462e+00,1.043431550806114494e+00
5.395999999999999908e+00,1.048858620512895579e+00
5.397000000000000242e+00,1.054104771483016512e+00
5.397999999999999687e+00,1.059165349470608142e+00
5.399000000000000021e+00,1.064035763864287665e+00
5.400000000000000355e+00,1.068711491287821502e+00
5.400999999999999801e+00,1.073188079167994191e+00
5.402000000000000135e+00,1.077461149267522122e+00
5.403000000000000469e+00,1.081526401180139541e+00
5.403999999999999915e+00,1.085379615785796670e+00
5.405000000000000249e+00,1.089016658663406911e+00
5.405999999999999694e+00,1.092433483458675081e+00
5.407000000000000028e+00,1.095626135204909257e+00
5.408000000000000362e+00,1.098590753594246516e+00
5.408999999999999808e+00,1.101323576197120513e+00
5.410000000000000142e+00,1.103820941627725594e+00
5.411000000000000476e+00,1.106079292653171731e+00
5.411999999999999922e+00,1.108095179244152018e+00
5.413000000000000256e+00,1.109865261565037509e+00
5.413999999999999702e+00,1.111386312901222695e+00
5.415000000000000036e+00,1.112655222521474085e+00
5.416000000000000369e+00,1.113668998473658966e+00
5.416999999999999815e+00,1.114424770311334134e+00
5.418000000000000149e+00,1.114919791749606537e+00
5.419000000000000483e+00,1.115151443248200147e+00
5.419999999999999929e+00,1.115117234519815481e+00
5.421000000000000263e+00,1.114814806962082239e+00
5.421999999999999709e+00,1.114241936011194589e+00
5.423000000000000043e+00,1.113396533415552447e+00
5.424000000000000377e+00,1.112276649427728969e+00
5.424999999999999822e+00,1.110880474913149119e+00
5.426000000000000156e+00,1.109206343373802861e+00
5.427000000000000490e+00,1.107252732885577906e+00
5.427999999999999936e+00,1.105018267947745381e+00
5.429000000000000270e+00,1.102501721242973520e+00
5.429999999999999716e+00,1.099702015306808667e+00
5.431000000000000050e+00,1.096618224105116113e+00
5.432000000000000384e+00,1.093249574518231793e+00
5.432999999999999829e+00,1.089595447730791422e+00
5.434000000000000163e+00,1.085655380525883285e+00
5.435000000000000497e+00,1.081429066482665347e+00
5.435999999999999943e+00,1.076916357076320496e+00
5.437000000000000277e+00,1.072117262679377570e+00
5.437999999999999723e+00,1.067031953463644545e+00
5.439000000000000057e+00,1.061660760201798448e+00
5.440000000000000391e+00,1.056004174967934972e+00
5.440999999999999837e+00,1.050062851736380809e+00
5.442000000000000171e+00,1.043837606878142532e+00
5.443000000000000504e+00,1.037329419554417598e+00
5.443999999999999950e+00,1.030539432006647438e+00
5.445000000000000284e+00,1.023468949742743606e+00
5.445999999999999730e+00,1.016119441619058428e+00
5.447000000000000064e+00,1.008492539817813727e+00
5.448000000000000398e+00,1.000590039719836399e+00
5.448999999999999844e+00,9.924138996722678963e-01
5.450000000000000178e+00,9.839662406512904580e-01
5.451000000000000512e+00,9.752493458198590037e-01
5.451999999999999957e+00,9.662656599803114421e-01
5.453000000000000291e+00,9.570177889221259671e-01
5.453999999999999737e+00,9.475084986649514596e-01
5.455000000000000071e+00,9.377407145970607649e-01
5.456000000000000405e+00,9.277175205097372146e-01
5.456999999999999851e+00,9.174421575277251772e-01
5.458000000000000185e+00,9.069180229363283940e-01
5.459000000000000519e+00,8.961486689057440724e-01
5.459999999999999964e+00,8.851378011129599210e-01
5.461000000000000298e+00,8.738892772620681093e-01
5.461999999999999744e+00,8.624071055037241251e-01
5.463000000000000078e+00,8.506954427542435804e-01
5.464000000000000412e+00,8.387585929155840780e-01
5.464999999999999858e+00,8.266010049967812412e-01
5.466000000000000192e+00,8.142272711379133776e-01
5.467000000000000526e+00,8.016421245377703952e-01
5.467999999999999972e+00,7.888504372860781766e-01
5.469000000000000306e+00,7.758572181015578328e-01
5.469999999999999751e+00,7.626676099771722006e-01
5.471000000000000085e+00,7.492868877335076006e-01
5.472000000000000419e+00,7.357204554819842812e-01
5.472999999999999865e+00,7.219738439991214562e-01
5.474000000000000199e+00,7.080527080132034135e-01
5.475000000000000533e+00,6.939628234052006572e-01
5.475999999999999979e+00,6.797100843252037450e-01
5.477000000000000313e+00,6.653005002260524714e-01
5.477999999999999758e+00,6.507401928161099525e-01
5.479000000000000092e+00,6.360353929324902289e-01
5.480000000000000426e+00,6.211924373369525076e-01
5.480999999999999872e+00,6.062177654360194623e-01
5.482000000000000206e+00,5.911179159272857975e-01
5.483000000000000540e+00,5.758995233740191733e-01
5.483999999999999986e+00,5.605693147098035345e-01
5.485000000000000320e+00,5.451341056753858938e-01
5.485999999999999766e+00,5.296007971898895050e-01
5.487000000000000099e+00,5.139763716583970465e-01
5.488000000000000433e+00,4.982678892181034436e-01
5.488999999999999879e+00,4.824824839253522568e-01
5.490000000000000213e+00,4.666273598856459093e-01
5.491000000000000547e+00,4.507097873291350254e-01
5.491999999999999993e+00,4.347370986337539822e-01
5.493000000000000327e+00,4.187166842983782722e-01
5.493999999999999773e+00,4.026559888686320199e-01
5.495000000000000107e+00,3.865625068174172174e-01
5.496000000000000441e+00,3.704437783830392683e-01
5.496999999999999886e+00,3.543073853671146467e-01
5.498000000000000220e+00,3.381609468948829633e-01
5.499000000000000554e+00,3.220121151407073778e-01
5.500000000000000000e+00,3.058685710209367303e-01
5.501000000000000334e+00,2.897380198570767007e-01
5.501999999999999780e+00,2.736281870118487114e-01
5.503000000000000114e+00,2.575468135005298254e-01
5.504000000000000448e+00,2.415016515807146824e-01
5.504999999999999893e+00,2.255004603227067916e-01
5.506000000000000227e+00,2.095510011635212944e-01
5.506999999999999673e+00,1.936610334473046757e-01
5.508000000000000007e+00,1.778383099545052803e-01
5.509000000000000341e+00,1.620905724230809197e-01
5.509999999999999787e+00,1.464255470640160317e-01
5.511000000000000121e+00,1.308509400741434681e-01
5.512000000000000455e+00,1.153744331491407676e-01
5.512999999999999901e+00,1.000036789991820968e-01
5.514000000000000234e+00,8.474629687021975610e-02
5.514999999999999680e+00,6.960986807367294804e-02
5.516000000000000014e+00,5.460193152723748222e-02
5.517000000000000348e+00,3.972997930953354323e-02
5.517999999999999794e+00,2.500145223155379390e-02
5.519000000000000128e+00,1.042373542734797119e-02
5.520000000000000462e+00,-3.995846032879648603e-03
5.520999999999999908e+00,-1.825003150491437062e-02
5.522000000000000242e+00,-3.233162910502879184e-02
5.522999999999999687e+00,-4.623352001393855187e-02
5.524000000000000021e+00,-5.994866274794927175e-02
5.525000000000000355e+00,-7.347009739409028628e-02
5.525999999999999801e+00,-8.679094980698887074e-02
5.527000000000000135e+00,-9.990443576469253129e-02
5.528000000000000469e+00,-1.128038650806327536e-01
5.528999999999999915e+00,-1.254826456695164738e-01
5.530000000000000249e+00,-1.379342875641711430e-01
5.530999999999999694e+00,-1.501524068810867751e-01
5.532000000000000028e+00,-1.621307297319911078e-01
5.533000000000000362e+00,-1.738630960789472601e-01
5.533999999999999808e+00,-1.853434635306441536e-01
5.535000000000000142e+00,-1.965659110773797236e-01
5.536000000000000476e+00,-2.075246427622446099e-01
5.536999999999999922e+00,-2.182139912863362841e-01
5.538000000000000256e+00,-2.286284215456463598e-01
5.538999999999999702e+00,-2.387625340971260279e-01
5.540000000000000036e+00,-2.486110685520716290e-01
5.541000000000000369e+00,-2.581689068942619736e-01
5.541999999999999815e+00,-2.674310767209489570e-01
5.543000000000000149e+00,-2.763927544045222118e-01
5.544000000000000483e+00,-2.850492681727208599e-01
5.544999999999999929e+00,-2.933961011054186385e-01
5.546000000000000263e+00,-3.014288940461420929e-01
5.546999999999999709e+00,-3.091434484261572635e-01
5.548000000000000043e+00,-3.165357289995316403e-01
5.549000000000000377e+00,-3.236018664871226913e-01
5.549999999999999822e+00,-3.303381601279344881e-01
5.551000000000000156e+00,-3.367410801360286587e-01
5.552000000000000490e+00,-3.428072700613395418e-01
5.552999999999999936e+00,-3.485335490528724822e-01
5.554000000000000270e+00,-3.539169140227332311e-01
5.554999999999999716e+00,-3.589545417094530122e-01
5.556000000000000050e+00,-3.636437906393089614e-01
5.557000000000000384e+00,-3.679822029841680053e-01
5.557999999999999829e+00,-3.719675063147232508e-01
5.559000000000000163e+00,-3.755976152476850349e-01
5.560000000000000497e+00,-3.788706329859989341e-01
5.560999999999999943e+00,-3.817848527508077572e-01
5.562000000000000277e+00,-3.843387591042311535e-01
5.562999999999999723e+00,-3.865310291619378225e-01
5.564000000000000057e+00,-3.883605336946882591e-01
5.565000000000000391e+00,-3.898263381178900255e-01
5.565999999999999837e+00,-3.909277033685299996e-01
5.567000000000000171e+00,-3.916640866687388089e-01
5.568000000000000504e+00,-3.920351421752849008e-01
5.568999999999999950e+00,-3.920407215145936264e-01
5.570000000000000284e+00,-3.916808742026429146e-01
5.570999999999999730e+00,-3.909558479494256167e-01
5.572000000000000064e+00,-3.898660888475995456e-01
5.573000000000000398e+00,-3.884122414450060790e-01
5.573999999999999844e+00,-3.865951487008864595e-01
5.575000000000000178e+00,-3.844158518257038692e-01
5.576000000000000512e+00,-3.818755900043764862e-01
5.576999999999999957e+00,-3.789758000030646889e-01
5.578000000000000291e+00,-3.757181156595106319e-01
5.578999999999999737e+00,-3.721043672570832350e-01
5.580000000000000071e+00,-3.681365807827599035e-01
5.581000000000000405e+00,-3.638169770693789884e-01
5.581999999999999851e+00,-3.591479708224146195e-01
5.583000000000000185e+00,-3.541321695317736773e-01
5.584000000000000519e+00,-3.487723722692022132e-01
5.584999999999999964e+00,-3.430715683716543118e-01
5.586000000000000298e+00,-3.370329360114875383e-01
5.586999999999999744e+00,-3.306598406540640078e-01
5.588000000000000078e+00,-3.239558334035836373e-01
5.589000000000000412e+00,-3.169246492380193292e-01
5.589999999999999858e+00,-3.095702051340148420e-01
5.591000000000000192e+00,-3.018965980827501006e-01
5.592000000000000526e+00,-2.939081029979472848e-01
5.592999999999999972e+00,-2.856091705168785633e-01
5.594000000000000306e+00,-2.770044246958109913e-01
5.594999999999999751e+00,-2.680986606010959394e-01
5.596000000000000085e+00,-2.588968417970042846e-01
5.597000000000000419e+00,-2.494040977320363117e-01
5.597999999999999865e+00,-2.396257210248789182e-01
5.599000000000000199e+00,-2.295671646515596576e-01
5.600000000000000533e+00,-2.192340390355267399e-01
5.600999999999999979e+00,-2.086321090420902302e-01
5.602000000000000313e+00,-1.977672908789873396e-01
5.602999999999999758e+00,-1.866456489048673451e-01
5.604000000000000092e+00,-1.752733923473856203e-01
5.605000000000000426e+00,-1.636568719329011823e-01
5.605999999999999872e+00,-1.518025764296206392e-01
5.607000000000000206e+00,-1.397171291060287646e-01
5.608000000000000540e+00,-1.274072841069801010e-01
5.608999999999999986e+00,-1.148799227491700964e-01
5.610000000000000320e+00,-1.021420497381951842e-01
5.610999999999999766e+00,-8.920078930961639063e-02
5.612000000000000099e+00,-7.606338129585939190e-02
5.613000000000000433e+00,-6.273717712157848847e-02
5.613999999999999879e+00,-4.922963572953144296e-02
5.615000000000000213e+00,-3.554831943947089207e-02
5.616000000000000547e+00,-2.170088974246243627e-02
5.616999999999999993e+00,-7.695103032935753963e-03
5.618000000000000327e+00,6.461193718923769966e-03
5.618999999999999773e+00,2.076006735190089741e-02
5.620000000000000107e+00,3.519350295325918837e-02
5.621000000000000441e+00,4.975340835006403922e-02
5.621999999999999886e+00,6.443161865011483302e-02
5.623000000000000220e+00,7.921990082955693291e-02
5.624000000000000554e+00,9.410995836450679330e-02
5.625000000000000000e+00,1.090934359040859059e-01
5.626000000000000334e+00,1.241619239821164650e-01
5.626999999999999780e+00,1.393069637644987480e-01
5.628000000000000114e+00,1.545200518298737724e-01
5.629000000000000448e+00,1.697926449802548976e-01
5.629999999999999893e+00,1.851161650793472779e-01
5.631000000000000227e+00,2.004820039151856970e-01
5.631999999999999673e+00,2.158815280846077544e-01
5.633000000000000007e+00,2.313060838965202148e-01
5.634000000000000341e+00,2.467470022909669658e-01
5.634999999999999787e+00,2.621956037712940835e-01
5.636000000000000121e+00,2.776432033464744098e-01
5.637000000000000455e+00,2.930811154803401597e-01
5.637999999999999901e+00,3.085006590453081010e-01
5.639000000000000234e+00,3.238931622772865393e-01
5.639999999999999680e+00,3.392499677288370319e-01
5.641000000000000014e+00,3.545624372179864148e-01
5.642000000000000348e+00,3.698219567692435095e-01
5.642999999999999794e+00,3.850199415443389950e-01
5.644000000000000128e+00,4.001478407595668307e-01
5.645000000000000462e+00,4.151971425866704535e-01
5.645999999999999908e+00,4.301593790346466273e-01
5.647000000000000242e+00,4.450261308093662049e-01
5.647999999999999687e+00,4.597890321480744280e-01
5.649000000000000021e+00,4.744397756261302113e-01
5.650000000000000355e+00,4.889701169328299346e-01
5.650999999999999801e+00,5.033718796136609219e-01
5.652000000000000135e+00,5.176369597761485419e-01
5.653000000000000469e+00,5.317573307562915019e-01
5.653999999999999915e+00,5.457250477430617419e-01
5.655000000000000249e+00,5.595322523581078844e-01
5.655999999999999694e+00,5.731711771877261441e-01
5.657000000000000028e+00,5.866341502648018125e-01
5.658000000000000362e+00,5.999135994975839381e-01
5.658999999999999808e+00,6.130020570430110283e-01
5.660000000000000142e+00,6.258921636217719131e-01
5.661000000000000476e+00,6.385766727725425973e-01
5.661999999999999922e+00,6.510484550428637940e-01
5.663000000000000256e+00,6.633005021142440727e-01
5.663999999999999702e+00,6.753259308587746812e-01
5.665000000000000036e+00,6.871179873251712644e-01
5.666000000000000369e+00,6.986700506514227360e-01
5.666999999999999815e+00,7.099756369021325009e-01
5.668000000000000149e+00,7.210284028279595470e-01
5.669000000000000483e+00,7.318221495449366287e-01
5.669999999999999929e+00,7.423508261315868717e-01
5.671000000000000263e+00,7.526085331415908186e-01
5.671999999999999709e+00,7.625895260298041212e-01
5.673000000000000043e+00,7.722882184897786884e-01
5.674000000000000377e+00,7.816991857005294309e-01
5.674999999999999822e+00,7.908171674808389673e-01
5.676000000000000156e+00,7.996370713490055238e-01
5.677000000000000490e+00,8.081539754862360203e-01
5.677999999999999936e+00,8.163631316020197870e-01
5.679000000000000270e+00,8.242599676996203995e-01
5.679999999999999716e+00,8.318400907399801092e-01
5.681000000000000050e+00,8.390992892026715166e-01
5.682000000000000384e+00,8.460335355420101067e-01
5.682999999999999829e+00,8.526389885371430388e-01
5.684000000000000163e+00,8.589119955345488888e-01
5.685000000000000497e+00,8.648490945815452413e-01
5.685999999999999943e+00,8.704470164496684870e-01
5.687000000000000277e+00,8.757026865465813437e-01
5.687999999999999723e+00,8.806132267153539139e-01
5.689000000000000057e+00,8.851759569201180788e-01
5.690000000000000391e+00,8.893883968169495891e-01
5.690999999999999837e+00,8.932482672091017761e-01
5.692000000000000171e+00,8.967534913857326817e-01
5.693000000000000504e+00,8.999021963431931281e-01
5.693999999999999950e+00,9.026927138882461232e-01
5.695000000000000284e+00,9.051235816225150499e-01
5.695999999999999730e+00,9.071935438074856251e-01
5.697000000000000064e+00,9.089015521096616146e-01
5.698000000000000398e+00,9.102467662252772262e-01
5.698999999999999844e+00,9.112285543842741919e-01
5.700000000000000178e+00,9.118464937332063647e-01
5.701000000000000512e+00,9.121003705967875019e-01
5.701999999999999957e+00,9.119901806179854242e-01
5.703000000000000291e+00,9.115161287764971254e-01
5.703999999999999737e+00,9.106786292856207110e-01
5.705000000000000071e+00,9.094783053675727924e-01
5.706000000000000405e+00,9.079159889073539214e-01
5.706999999999999851e+00,9.059927199853810009e-01
5.708000000000000185e+00,9.037097462891190425e-01
5.709000000000000519e+00,9.010685224041182773e-01
5.709999999999999964e+00,8.980707089847838054e-01
5.711000000000000298e+00,8.947181718054398880e-01
5.711999999999999744e+00,8.910129806922082452e-01
5.713000000000000078e+00,8.869574083363039874e-01
5.714000000000000412e+00,8.825539289895534267e-01
5.714999999999999858e+00,8.778052170427520506e-01
5.716000000000000192e+00,8.727141454878223348e-01
5.717000000000000526e+00,8.672837842646593520e-01
5.717999999999999972e+00,8.615173984935989848e-01
5.719000000000000306e+00,8.554184465945785520e-01
5.719999999999999751e+00,8.489905782941823409e-01
5.721000000000000085e+00,8.422376325215853443e-01
5.722000000000000419e+00,8.351636351948493742e-01
5.722999999999999865e+00,8.277727968987304008e-01
5.724000000000000199e+00,8.200695104554207582e-01
5.725000000000000533e+00,8.120583483897663157e-01
5.725999999999999979e+00,8.037440602903085374e-01
5.727000000000000313e+00,7.951315700677979992e-01
5.727999999999999758e+00,7.862259731129304097e-01
5.729000000000000092e+00,7.770325333547094537e-01
5.730000000000000426e+00,7.675566802215197937e-01
5.730999999999999872e+00,7.578040055064829694e-01
5.732000000000000206e+00,7.477802601390288739e-01
5.733000000000000540e+00,7.374913508646835369e-01
5.733999999999999986e+00,7.269433368349866864e-01
5.735000000000000320e+00,7.161424261094787580e-01
5.735999999999999766e+00,7.050949720720846026e-01
5.737000000000000099e+00,6.938074697637583998e-01
5.738000000000000433e+00,6.822865521337913020e-01
5.738999999999999879e+00,6.705389862118874555e-01
5.740000000000000213e+00,6.585716692032778097e-01
5.741000000000000547e+00,6.463916245093656032e-01
5.741999999999999993e+00,6.340059976760945570e-01
5.743000000000000327e+00,6.214220522724485107e-01
5.743999999999999773e+00,6.086471657017753500e-01
5.745000000000000107e+00,5.956888249480841724e-01
5.746000000000000441e+00,5.825546222601877266e-01
5.746999999999999886e+00,5.692522507759651962e-01
5.748000000000000220e+00,5.557895000895701765e-01
5.749000000000000554e+00,5.421742517641634507e-01
5.750000000000000000e+00,5.284144747927270735e-01
5.751000000000000334e+00,5.145182210098147024e-01
5.751999999999999780e+00,5.004936204569537805e-01
5.753000000000000114e+00,4.863488767042591920e-01
5.754000000000000448e+00,4.720922621314410650e-01
5.754999999999999893e+00,4.577321131705103241e-01
5.756000000000000227e+00,4.432768255134172386e-01
5.757000000000000561e+00,4.287348492873244155e-01
5.758000000000000007e+00,4.141146842003239348e-01
5.759000000000000341e+00,3.994248746605479905e-01
5.759999999999999787e+00,3.846740048716348337e-01
5.761000000000000121e+00,3.698706939072774480e-01
5.762000000000000455e+00,3.550235907680056591e-01
5.762999999999999901e+00,3.401413694230017715e-01
5.764000000000000234e+00,3.252327238397836884e-01
5.764999999999999680e+00,3.103063630050964528e-01
5.766000000000000014e+00,2.953710059393913623e-01
5.767000000000000348e+00,2.804353767084153404e-01
5.767999999999999794e+00,2.655081994345121488e-01
5.769000000000000128e+00,2.505981933105637660e-01
5.770000000000000462e+00,2.357140676198927753e-01
5.770999999999999908e+00,2.208645167646440255e-01
5.772000000000000242e+00,2.060582153057458066e-01
5.772999999999999687e+00,1.913038130176195895e-01
5.774000000000000021e+00,1.766099299600007722e-01
5.775000000000000355e+00,1.619851515704964773e-01
5.775999999999999801e+00,1.474380237800896887e-01
5.777000000000000135e+00,1.329770481549829853e-01
5.778000000000000469e+00,1.186106770673125976e-01
5.778999999999999915e+00,1.043473088978631308e-01
5.780000000000000249e+00,9.019528327323728112e-02
5.780999999999999694e+00,7.616287634072931023e-02
5.782000000000000028e+00,6.225829608327269199e-02
5.783000000000000362e+00,4.848967767750139019e-02
5.783999999999999808e+00,3.486507889747693378e-02
5.785000000000000142e+00,2.139247556684031187e-02
5.786000000000000476e+00,8.079757062085801689e-03
5.786999999999999922e+00,-5.065278130418963271e-03
5.788000000000000256e+00,-1.803492680127195477e-02
5.788999999999999702e+00,-3.082158534569390262e-02
5.790000000000000036e+00,-4.341775403008074630e-02
5.791000000000000369e+00,-5.581604119445168766e-02
5.791999999999999815e+00,-6.800916738862067268e-02
5.793000000000000149e+00,-7.998996943969687023e-02
5.794000000000000483e+00,-9.175140444830366671e-02
5.794999999999999929e+00,-1.032865537115325860e-01
5.796000000000000263e+00,-1.145886265700981621e-01
5.796999999999999709e+00,-1.256509641775621910e-01
5.798000000000000043e+00,-1.364670431895462777e-01
5.799000000000000377e+00,-1.470304793705159430e-01
5.799999999999999822e+00,-1.573350311164790627e-01
5.801000000000000156e+00,-1.673746028912117267e-01
5.802000000000000490e+00,-1.771432485741618601e-01
5.802999999999999936e+00,-1.866351747182036502e-01
5.804000000000000270e+00,-1.958447437153003623e-01
5.804999999999999716e+00,-2.047664768682062875e-01
5.806000000000000050e+00,-2.133950573666106021e-01
5.807000000000000384e+00,-2.217253331659357063e-01
5.807999999999999829e+00,-2.297523197671664519e-01
5.809000000000000163e+00,-2.374712028962435162e-01
5.810000000000000497e+00,-2.448773410813283036e-01
5.810999999999999943e+00,-2.519662681267135773e-01
5.812000000000000277e+00,-2.587336954818915680e-01
5.812999999999999723e+00,-2.651755145043619422e-01
5.814000000000000057e+00,-2.712877986152553156e-01
5.815000000000000391e+00,-2.770668053461849412e-01
5.815999999999999837e+00,-2.825089782765209390e-01
5.817000000000000171e+00,-2.876109488599322139e-01
5.818000000000000504e+00,-2.923695381391469006e-01
5.818999999999999950e+00,-2.967817583481617283e-01
5.820000000000000284e+00,-3.008448144009497893e-01
5.820999999999999730e+00,-3.045561052659440104e-01
5.822000000000000064e+00,-3.079132252255476487e-01
5.823000000000000398e+00,-3.109139650201217520e-01
5.823999999999999844e+00,-3.135563128758042661e-01
5.825000000000000178e+00,-3.158384554157173674e-01
5.826000000000000512e+00,-3.177587784541341387e-01
5.826999999999999957e+00,-3.193158676732003598e-01
5.828000000000000291e+00,-3.205085091820926158e-01
5.828999999999999737e+00,-3.213356899581976678e-01
5.830000000000000071e+00,-3.217965981703153067e-01
5.831000000000000405e+00,-3.218906233838427777e-01
5.831999999999999851e+00,-3.216173566478127133e-01
5.833000000000000185e+00,-3.209765904640147216e-01
5.834000000000000519e+00,-3.199683186382693001e-01
5.834999999999999964e+00,-3.185927360141319054e-01
5.836000000000000298e+00,-3.168502380892144199e-01
5.836999999999999744e+00,-3.147414205146742416e-01
5.838000000000000078e+00,-3.122670784781478304e-01
5.839000000000000412e+00,-3.094282059706652821e-01
5.839999999999999858e+00,-3.062259949382561408e-01
5.841000000000000192e+00,-3.026618343186481264e-01
5.842000000000000526e+00,-2.987373089640683044e-01
5.842999999999999972e+00,-2.944541984506896526e-01
5.844000000000000306e+00,-2.898144757756638823e-01
5.844999999999999751e+00,-2.848203059427817929e-01
5.846000000000000085e+00,-2.794740444374833044e-01
5.847000000000000419e+00,-2.737782355925658662e-01
5.847999999999999865e+00,-2.677356108454782002e-01
5.849000000000000199e+00,-2.613490868885622875e-01
5.850000000000000533e+00,-2.546217637133199596e-01
5.850999999999999979e+00,-2.475569225502228521e-01
5.852000000000000313e+00,-2.401580237052024780e-01
5.852999999999999758e+00,-2.324287042945139548e-01
5.854000000000000092e+00,-2.243727758792209703e-01
5.855000000000000426e+00,-2.159942220010869496e-01
5.855999999999999872e+00,-2.072971956212995570e-01
5.857000000000000206e+00,-1.982860164638103606e-01
5.858000000000000540e+00,-1.889651682650161091e-01
5.858999999999999986e+00,-1.793392959315458224e-01
5.860000000000000320e+00,-1.694132026079022135e-01
5.860999999999999766e+00,-1.591918466560983125e-01
5.862000000000000099e+00,-1.486803385489245954e-01
5.863000000000000433e+00,-1.378839376790637061e-01
5.863999999999999879e+00,-1.268080490860819254e-01
5.865000000000000213e+00,-1.154582201031674610e-01
5.866000000000000547e+00,-1.038401369261245932e-01
5.866999999999999993e+00,-9.195962110646575816e-02
5.868000000000000327e+00,-7.982262597097856960e-02
5.868999999999999773e+00,-6.743523297015123485e-02
5.870000000000000107e+00,-5.480364795744836759e-02
5.871000000000000441e+00,-4.193419740221510789e-02
5.871999999999999886e+00,-2.883332453818605520e-02
5.873000000000000220e+00,-1.550758545026981357e-02
5.874000000000000554e+00,-1.963645102092796864e-03
5.875000000000000000e+00,1.179172669338971434e-02
5.876000000000000334e+00,2.575165935756399543e-02
5.876999999999999780e+00,3.990918568153094953e-02
5.878000000000000114e+00,5.425724601060555319e-02
5.879000000000000448e+00,6.878869247549919408e-02
5.879999999999999893e+00,8.349629326721318134e-02
5.881000000000000227e+00,9.837273695337932222e-02
5.882000000000000561e+00,1.134106368329612508e-01
5.883000000000000007e+00,1.286025353269376059e-01
5.884000000000000341e+00,1.439409084021336660e-01
5.884999999999999787e+00,1.594181700252742528e-01
5.886000000000000121e+00,1.750266766449083689e-01
5.887000000000000455e+00,1.907587316979635073e-01
5.887999999999999901e+00,2.066065901385382153e-01
5.889000000000000234e+00,2.225624629859960790e-01
5.889999999999999680e+00,2.386185218893574211e-01
5.891000000000000014e+00,2.547669037056764507e-01
5.892000000000000348e+00,2.709997150889741357e-01
5.892999999999999794e+00,2.873090370875047705e-01
5.894000000000000128e+00,3.036869297461137762e-01
5.895000000000000462e+00,3.201254367110084043e-01
5.895999999999999908e+00,3.366165898342433072e-01
5.897000000000000242e+00,3.531524137750157166e-01
5.897999999999999687e+00,3.697249305947840070e-01
5.899000000000000021e+00,3.863261643438788973e-01
5.900000000000000355e+00,4.029481456362582481e-01
5.900999999999999801e+00,4.195829162100754295e-01
5.902000000000000135e+00,4.362225334711555824e-01
5.903000000000000469e+00,4.528590750164224188e-01
5.903999999999999915e+00,4.694846431348878024e-01
5.905000000000000249e+00,4.860913692833279121e-01
5.905999999999999694e+00,5.026714185338412300e-01
5.907000000000000028e+00,5.192169939907694820e-01
5.908000000000000362e+00,5.357203411743569621e-01
5.908999999999999808e+00,5.521737523682808124e-01
5.910000000000000142e+00,5.685695709288439703e-01
5.911000000000000476e+00,5.849001955527699526e-01
5.911999999999999922e+00,6.011580845014791175e-01
5.913000000000000256e+00,6.173357597791915286e-01
5.913999999999999702e+00,6.334258112621544701e-01
5.915000000000000036e+00,6.494209007769836672e-01
5.916000000000000369e+00,6.653137661252451762e-01
5.916999999999999815e+00,6.810972250522534521e-01
5.918000000000000149e+00,6.967641791576005827e-01
5.919000000000000483e+00,7.123076177450239355e-01
5.919999999999999929e+00,7.277206216096148150e-01
5.921000000000000263e+00,7.429963667598467048e-01
5.921999999999999709e+00,7.581281280725225002e-01
5.923000000000000043e+00,7.731092828783597826e-01
5.924000000000000377e+00,7.879333144760803931e-01
5.924999999999999822e+00,8.025938155732097457e-01
5.926000000000000156e+00,8.170844916513925194e-01
5.927000000000000490e+00,8.313991642542857274e-01
5.927999999999999936e+00,8.455317741963181977e-01
5.929000000000000270e+00,8.594763846903524795e-01
5.929999999999999716e+00,8.732271843924377386e-01
5.931000000000000050e+00,8.867784903621420689e-01
5.932000000000000384e+00,9.001247509364580512e-01
5.932999999999999829e+00,9.132605485160543157e-01
5.934000000000000163e+00,9.261806022620640011e-01
5.935000000000000497e+00,9.388797707019009842e-01
5.935999999999999943e+00,9.513530542429168291e-01
5.937000000000000277e+00,9.635955975922643191e-01
5.937999999999999723e+00,9.756026920817056913e-01
5.939000000000000057e+00,9.873697778963246297e-01
5.940000000000000391e+00,9.988924462056127940e-01
5.940999999999999837e+00,1.010166441196058473e+00
5.942000000000000171e+00,1.021187662004169550e+00
5.943000000000000504e+00,1.031952164548680440e+00
5.943999999999999950e+00,1.042456163261358260e+00
5.945000000000000284e+00,1.052696032715320751e+00
5.945999999999999730e+00,1.062668309150018198e+00
5.947000000000000064e+00,1.072369691892427035e+00
5.948000000000000398e+00,1.081797044673413755e+00
5.948999999999999844e+00,1.090947396838957140e+00
5.950000000000000178e+00,1.099817944455597551e+00
5.951000000000000512e+00,1.108406051309573703e+00
5.951999999999999957e+00,1.116709249799334946e+00
5.953000000000000291e+00,1.124725241721155733e+00
5.953999999999999737e+00,1.132451898947382629e+00
5.955000000000000071e+00,1.139887263997342082e+00
5.956000000000000405e+00,1.147029550500660910e+00
5.956999999999999851e+00,1.153877143552942464e+00
5.958000000000000185e+00,1.160428599963920338e+00
5.959000000000000519e+00,1.166682648397985522e+00
5.959999999999999964e+00,1.172638189407370746e+00
5.961000000000000298e+00,1.178294295358239596e+00
5.961999999999999744e+00,1.183650210249780121e+00
5.963000000000000078e+00,1.188705349426844027e+00
5.964000000000000412e+00,1.193459299186466982e+00
5.964999999999999858e+00,1.197911816278729447e+00
5.966000000000000192e+00,1.202062827302567971e+00
5.967000000000000526e+00,1.205912427997128944e+00
5.967999999999999972e+00,1.209460882429332917e+00
5.969000000000000306e+00,1.212708622078395804e+00
5.969999999999999751e+00,1.215656244818181353e+00
5.971000000000000085e+00,1.218304513798176281e+00
5.972000000000000419e+00,1.220654356224049497e+00
5.972999999999999865e+00,1.222706862038878795e+00
5.974000000000000199e+00,1.224463282505986905e+00
5.975000000000000533e+00,1.225925028694567542e+00
5.975999999999999979e+00,1.227093669869354864e+00
5.977000000000000313e+00,1.227970931785424380e+00
5.977999999999999758e+00,1.228558694889618996e+00
5.979000000000000092e+00,1.228858992429798791e+00
5.980000000000000426e+00,1.228874008473389123e+00
5.980999999999999872e+00,1.228606075836820688e+00
5.982000000000000206e+00,1.228057673927163584e+00
5.983000000000000540e+00,1.227231426497713995e+00
5.983999999999999986e+00,1.226130099319146849e+00
5.985000000000000320e+00,1.224756597767842292e+00
5.985999999999999766e+00,1.223113964333202519e+00
5.987000000000000099e+00,1.221205376045737978e+00
5.988000000000000433e+00,1.219034141827733508e+00
5.988999999999999879e+00,1.216603699768368685e+00
5.990000000000000213e+00,1.213917614325286554e+00
5.991000000000000547e+00,1.210979573454539882e+00
5.991999999999999993e+00,1.207793385670846265e+00
5.993000000000000327e+00,1.204362977040507987e+00
5.993999999999999773e+00,1.200692388108618447e+00
5.995000000000000107e+00,1.196785770763201029e+00
5.996000000000000441e+00,1.192647385038112073e+00
5.996999999999999886e+00,1.188281595857036965e+00
5.998000000000000220e+00,1.183692869720824437e+00
5.999000000000000554e+00,1.178885771340497879e+00
6.000000000000000000e+00,1.173864960218097275e+00
6.001000000000000334e+00,1.168635187177855306e+00
6.001999999999999780e+00,1.163201290850060188e+00
6.003000000000000114e+00,1.157568194109812598e+00
6.004000000000000448e+00,1.151740900473460893e+00
6.004999999999999893e+00,1.145724490454783417e+00
6.006000000000000227e+00,1.139524117883599974e+00
6.007000000000000561e+00,1.133145006189367532e+00
6.008000000000000007e+00,1.126592444651982605e+00
6.009000000000000341e+00,1.119871784622689548e+00
6.009999999999999787e+00,1.112988435717361613e+00
6.011000000000000121e+00,1.105947861984760472e+00
6.012000000000000455e+00,1.098755578052524662e+00
6.012999999999999901e+00,1.091417145253226417e+00
6.014000000000000234e+00,1.083938167733196956e+00
6.015000000000000568e+00,1.076324288546824270e+00
6.016000000000000014e+00,1.068581185738720629e+00
6.017000000000000348e+00,1.060714568416471382e+00
6.017999999999999794e+00,1.052730172816689125e+00
6.019000000000000128e+00,1.044633758366724452e+00
6.020000000000000462e+00,1.036431103744906768e+00
6.020999999999999908e+00,1.028128002941771646e+00
6.022000000000000242e+00,1.019730261324888865e+00
6.022999999999999687e+00,1.011243691709946324e+00
6.024000000000000021e+00,1.002674110440678890e+00
6.025000000000000355e+00,9.940273334801640326e-01
6.025999999999999801e+00,9.853091725160771919e-01
6.027000000000000135e+00,9.765254310824831308e-01
6.028000000000000469e+00,9.676819007007321227e-01
6.028999999999999915e+00,9.587843570419216643e-01
6.030000000000000249e+00,9.498385561134382593e-01
6.030999999999999694e+00,9.408502304721809706e-01
6.032000000000000028e+00,9.318250854667508021e-01
6.033000000000000362e+00,9.227687955112545692e-01
6.033999999999999808e+00,9.136870003929665751e-01
6.035000000000000142e+00,9.045853016163502014e-01
6.036000000000000476e+00,8.954692587858377184e-01
6.036999999999999922e+00,8.863443860295653343e-01
6.038000000000000256e+00,8.772161484665250697e-01
6.038999999999999702e+00,8.680899587194135236e-01
6.040000000000000036e+00,8.589711734751944716e-01
6.041000000000000369e+00,8.498650900959769938e-01
6.041999999999999815e+00,8.407769432820370037e-01
6.043000000000000149e+00,8.317119017892311561e-01
6.044000000000000483e+00,8.226750652030901945e-01
6.044999999999999929e+00,8.136714607713235736e-01
6.046000000000000263e+00,8.047060402969729020e-01
6.046999999999999709e+00,7.957836770942569027e-01
6.048000000000000043e+00,7.869091630087033939e-01
6.049000000000000377e+00,7.780872055039306234e-01
6.049999999999999822e+00,7.693224248164836077e-01
6.051000000000000156e+00,7.606193511807547436e-01
6.052000000000000490e+00,7.519824221257653818e-01
6.052999999999999936e+00,7.434159798453323642e-01
6.054000000000000270e+00,7.349242686433771210e-01
6.054999999999999716e+00,7.265114324560164594e-01
6.056000000000000050e+00,7.181815124517901827e-01
6.057000000000000384e+00,7.099384447118081143e-01
6.057999999999999829e+00,7.017860579909037666e-01
6.059000000000000163e+00,6.937280715614403404e-01
6.060000000000000497e+00,6.857680931409947389e-01
6.060999999999999943e+00,6.779096169051485044e-01
6.062000000000000277e+00,6.701560215866292358e-01
6.062999999999999723e+00,6.625105686619791046e-01
6.064000000000000057e+00,6.549764006267521088e-01
6.065000000000000391e+00,6.475565393603703868e-01
6.065999999999999837e+00,6.402538845815025637e-01
6.067000000000000171e+00,6.330712123949483461e-01
6.068000000000000504e+00,6.260111739308473755e-01
6.068999999999999950e+00,6.190762940769650724e-01
6.070000000000000284e+00,6.122689703047905496e-01
6.070999999999999730e+00,6.055914715901489220e-01
6.072000000000000064e+00,5.990459374288039651e-01
6.073000000000000398e+00,5.926343769477059320e-01
6.073999999999999844e+00,5.863586681122551214e-01
6.075000000000000178e+00,5.802205570299977522e-01
6.076000000000000512e+00,5.742216573511199629e-01
6.076999999999999957e+00,5.683634497659940665e-01
6.078000000000000291e+00,5.626472815998744270e-01
6.078999999999999737e+00,5.570743665051081095e-01
6.080000000000000071e+00,5.516457842506715670e-01
6.081000000000000405e+00,5.463624806092224340e-01
6.081999999999999851e+00,5.412252673415509641e-01
6.083000000000000185e+00,5.362348222781985196e-01
6.084000000000000519e+00,5.313916894982775307e-01
6.084999999999999964e+00,5.266962796050658202e-01
6.086000000000000298e+00,5.221488700979983744e-01
6.086999999999999744e+00,5.177496058409499780e-01
6.088000000000000078e+00,5.134984996260030243e-01
6.089000000000000412e+00,5.093954328324699077e-01
6.089999999999999858e+00,5.054401561804687804e-01
6.091000000000000192e+00,5.016322905783563435e-01
6.092000000000000526e+00,4.979713280634948669e-01
6.092999999999999972e+00,4.944566328353762752e-01
6.094000000000000306e+00,4.910874423804303945e-01
6.094999999999999751e+00,4.878628686875847720e-01
6.096000000000000085e+00,4.847818995535279063e-01
6.097000000000000419e+00,4.818433999769259346e-01
6.097999999999999865e+00,4.790461136401305553e-01
6.099000000000000199e+00,4.763886644776882950e-01
6.100000000000000533e+00,4.738695583300784331e-01
6.100999999999999979e+00,4.714871846817222378e-01
6.102000000000000313e+00,4.692398184818342144e-01
6.102999999999999758e+00,4.671256220467099318e-01
6.104000000000000092e+00,4.651426470422279080e-01
6.105000000000000426e+00,4.632888365449032708e-01
6.105999999999999872e+00,4.615620271801003649e-01
6.107000000000000206e+00,4.599599513358269554e-01
6.108000000000000540e+00,4.584802394504386980e-01
6.108999999999999986e+00,4.571204223726741955e-01
6.110000000000000320e+00,4.558779337922025943e-01
6.110999999999999766e+00,4.547501127390418674e-01
6.112000000000000099e+00,4.537342061499484713e-01
6.113000000000000433e+00,4.528273714999924149e-01
6.113999999999999879e+00,4.520266794973491487e-01
6.115000000000000213e+00,4.513291168394991115e-01
6.116000000000000547e+00,4.507315890287202920e-01
6.116999999999999993e+00,4.502309232449114296e-01
6.118000000000000327e+00,4.498238712737821499e-01
6.118999999999999773e+00,4.495071124881371283e-01
6.120000000000000107e+00,4.492772568803085620e-01
6.121000000000000441e+00,4.491308481434360123e-01
6.121999999999999886e+00,4.490643667995318222e-01
6.123000000000000220e+00,4.490742333719781598e-01
6.124000000000000554e+00,4.491568116003080702e-01
6.125000000000000000e+00,4.493084116949389584e-01
6.126000000000000334e+00,4.495252936295054402e-01
6.126999999999999780e+00,4.498036704686148579e-01
6.128000000000000114e+00,4.501397117284877680e-01
6.129000000000000448e+00,4.505295467681720289e-01
6.129999999999999893e+00,4.509692682090548632e-01
6.131000000000000227e+00,4.514549353799734988e-01
6.132000000000000561e+00,4.519825777858201832e-01
6.133000000000000007e+00,4.525481985969301291e-01
6.134000000000000341e+00,4.531477781569150376e-01
6.134999999999999787e+00,4.537772775064685682e-01
6.136000000000000121e+00,4.544326419205858558e-01
6.137000000000000455e+00,4.551098044567518097e-01
6.137999999999999901e+00,4.558046895116208974e-01
6.139000000000000234e+00,4.565132163835331491e-01
6.140000000000000568e+00,4.572313028386592038e-01
6.141000000000000014e+00,4.579548686778034949e-01
6.142000000000000348e+00,4.586798393018596265e-01
6.142999999999999794e+00,4.594021492729231659e-01
6.144000000000000128e+00,4.601177458689408306e-01
6.145000000000000462e+00,4.608225926291530383e-01
6.145999999999999908e+00,4.615126728878325424e-01
6.147000000000000242e+00,4.621839932940298712e-01
6.147999999999999687e+00,4.628325873145037739e-01
6.149000000000000021e+00,4.634545187177114278e-01
6.150000000000000355e+00,4.640458850361651733e-01
6.150999999999999801e+00,4.646028210047247198e-01
6.152000000000000135e+00,4.651215019725287170e-01
6.153000000000000469e+00,4.655981472860488135e-01
6.153999999999999915e+00,4.660290236407542142e-01
6.155000000000000249e+00,4.664104483993286032e-01
6.155999999999999694e+00,4.667387928737572467e-01
6.157000000000000028e+00,4.670104855691381007e-01
6.158000000000000362e+00,4.672220153868373305e-01
6.158999999999999808e+00,4.673699347847747876e-01
6.160000000000000142e+00,4.674508628925198028e-01
6.161000000000000476e+00,4.674614885789880603e-01
6.161999999999999922e+00,4.673985734706273543e-01
6.163000000000000256e+00,4.672589549178134405e-01
6.163999999999999702e+00,4.670395489074233297e-01
6.165000000000000036e+00,4.667373529194908666e-01
6.166000000000000369e+00,4.663494487257940913e-01
6.166999999999999815e+00,4.658730051286067986e-01
6.168000000000000149e+00,4.653052806372335315e-01
6.169000000000000483e+00,4.646436260808922691e-01
6.169999999999999929e+00,4.638854871556570836e-01
6.171000000000000263e+00,4.630284069037582939e-01
6.171999999999999709e+00,4.620700281235196605e-01
6.173000000000000043e+00,4.610080957080807118e-01
6.174000000000000377e+00,4.598404589111377838e-01
6.174999999999999822e+00,4.585650735382493237e-01
6.176000000000000156e+00,4.571800040618717031e-01
6.177000000000000490e+00,4.556834256586942411e-01
6.177999999999999936e+00,4.540736261677773000e-01
6.179000000000000270e+00,4.523490079679063358e-01
6.179999999999999716e+00,4.505080897729381584e-01
6.181000000000000050e+00,4.485495083436466524e-01
6.182000000000000384e+00,4.464720201148689172e-01
6.182999999999999829e+00,4.442745027366347133e-01
6.184000000000000163e+00,4.419559565281945268e-01
6.185000000000000497e+00,4.395155058437372753e-01
6.185999999999999943e+00,4.369524003487860186e-01
6.187000000000000277e+00,4.342660162062826901e-01
6.187999999999999723e+00,4.314558571713293933e-01
6.189000000000000057e+00,4.285215555938283183e-01
6.190000000000000391e+00,4.254628733281358155e-01
6.190999999999999837e+00,4.222797025489180012e-01
6.192000000000000171e+00,4.189720664726234167e-01
6.193000000000000504e+00,4.155401199838875681e-01
6.193999999999999950e+00,4.119841501662389605e-01
6.195000000000000284e+00,4.083045767367182721e-01
6.195999999999999730e+00,4.045019523839054609e-01
6.197000000000000064e+00,4.005769630089051625e-01
6.198000000000000398e+00,3.965304278691773598e-01
6.198999999999999844e+00,3.923632996247141680e-01
6.200000000000000178e+00,3.880766642865924321e-01
6.201000000000000512e+00,3.836717410676904194e-01
6.201999999999999957e+00,3.791498821354714610e-01
6.203000000000000291e+00,3.745125722669747637e-01
6.203999999999999737e+00,3.697614284059812517e-01
6.205000000000000071e+00,3.648981991225499488e-01
6.206000000000000405e+00,3.599247639751219086e-01
6.206999999999999851e+00,3.548431327755082743e-01
6.208000000000000185e+00,3.496554447569991120e-01
6.209000000000000519e+00,3.443639676461414112e-01
6.209999999999999964e+00,3.389710966385546254e-01
6.211000000000000298e+00,3.334793532793415838e-01
6.211999999999999744e+00,3.278913842487359842e-01
6.213000000000000078e+00,3.222099600535828223e-01
6.214000000000000412e+00,3.164379736254584463e-01
6.214999999999999858e+00,3.105784388261753071e-01
6.216000000000000192e+00,3.046344888614789248e-01
6.217000000000000526e+00,2.986093746039953922e-01
6.217999999999999972e+00,2.925064628262601940e-01
6.219000000000000306e+00,2.863292343449138633e-01
6.219999999999999751e+00,2.800812820772414780e-01
6.221000000000000085e+00,2.737663090110789010e-01
6.222000000000000419e+00,2.673881260894374612e-01
6.222999999999999865e+00,2.609506500110168048e-01
6.224000000000000199e+00,2.544579009479920328e-01
6.225000000000000533e+00,2.479140001824709783e-01
6.225999999999999979e+00,2.413231676630820388e-01
6.227000000000000313e+00,2.346897194830757649e-01
6.227999999999999758e+00,2.280180652817163645e-01
6.229000000000000092e+00,2.213127055703121571e-01
6.230000000000000426e+00,2.145782289847834312e-01
6.230999999999999872e+00,2.078193094663099427e-01
6.232000000000000206e+00,2.010407033718542291e-01
6.233000000000000540e+00,1.942472465165073769e-01
6.233999999999999986e+00,1.874438511492754755e-01
6.235000000000000320e+00,1.806355028643902294e-01
6.235999999999999766e+00,1.738272574500949741e-01
6.237000000000000099e+00,1.670242376767140380e-01
6.238000000000000433e+00,1.602316300263390281e-01
6.238999999999999879e+00,1.534546813658499431e-01
6.240000000000000213e+00,1.466986955657896829e-01
6.241000000000000547e+00,1.399690300668282594e-01
6.241999999999999993e+00,1.332710923964023630e-01
6.243000000000000327e+00,1.266103366374456973e-01
6.243999999999999773e+00,1.199922598516865585e-01
6.245000000000000107e+00,1.134223984596774565e-01
6.246000000000000441e+00,1.069063245799813100e-01
6.246999999999999886e+00,1.004496423298059660e-01
6.248000000000000220e+00,9.405798408947099731e-02
6.249000000000000554e+00,8.773700673321638277e-02
6.250000000000000000e+00,8.149238782869061559e-02
6.251000000000000334e+00,7.532982180757064050e-02
6.251999999999999780e+00,6.925501610996462332e-02
6.253000000000000114e+00,6.327368730485684323e-02
6.254000000000000448e+00,5.739155718938807743e-02
6.254999999999999893e+00,5.161434886924824023e-02
6.256000000000000227e+00,4.594778282299503275e-02
6.257000000000000561e+00,4.039757295272245613e-02
6.258000000000000007e+00,3.496942262365060339e-02
6.259000000000000341e+00,2.966902069534873426e-02
6.259999999999999787e+00,2.450203754714245716e-02
6.261000000000000121e+00,1.947412110024324822e-02
6.262000000000000455e+00,1.459089283943365914e-02
6.262999999999999901e+00,9.857943836654045611e-03
6.264000000000000234e+00,5.280830779365775288e-03
6.265000000000000568e+00,8.650720061961537661e-04
6.266000000000000014e+00,-3.383856447487043270e-03
6.267000000000000348e+00,-7.460524791430423429e-03
6.267999999999999794e+00,-1.135955340718746570e-02
6.269000000000000128e+00,-1.507561675687477988e-02
6.270000000000000462e+00,-1.860344727175458970e-02
6.270999999999999908e+00,-2.193783921751740751e-02
6.272000000000000242e+00,-2.507365253420457477e-02
6.272999999999999687e+00,-2.800581664774582161e-02
6.274000000000000021e+00,-3.072933425090067922e-02
6.275000000000000355e+00,-3.323928505081446411e-02
6.275999999999999801e+00,-3.553082948075781539e-02
6.277000000000000135e+00,-3.759921237358272716e-02
6.278000000000000469e+00,-3.943976659429140885e-02
6.278999999999999915e+00,-4.104791662933586494e-02
6.280000000000000249e+00,-4.241918213020525602e-02
6.280999999999999694e+00,-4.354918140881308686e-02
6.282000000000000028e+00,-4.443363488238162573e-02
6.283000000000000362e+00,-4.506836846539474806e-02
6.283999999999999808e+00,-4.544931690635956728e-02
6.285000000000000142e+00,-4.557252706695425620e-02
6.286000000000000476e+00,-4.543416114145677753e-02
6.286999999999999922e+00,-4.503049981408699387e-02
6.288000000000000256e+00,-4.435794535217421619e-02
6.288999999999999702e+00,-4.341302463290826197e-02
6.290000000000000036e+00,-4.219239210158143294e-02
6.291000000000000369e+00,-4.069283265929355548e-02
6.291999999999999815e+00,-3.891126447803016503e-02
6.293000000000000149e+00,-3.684474174113200329e-02
6.294000000000000483e+00,-3.449045730722025832e-02
6.294999999999999929e+00,-3.184574529569406121e-02
6.296000000000000263e+00,-2.890808359189377119e-02
6.296999999999999709e+00,-2.567509627019200560e-02
6.298000000000000043e+00,-2.214455593318855400e-02
6.299000000000000377e+00,-1.831438596538510419e-02
6.299999999999999822e+00,-1.418266269960361675e-02
6.301000000000000156e+00,-9.747617494592721032e-03
6.302000000000000490e+00,-5.007638722281708421e-03
6.302999999999999936e+00,3.872633677693679738e-05
6.304000000000000270e+00,5.392769691354910334e-03
6.304999999999999716e+00,1.105562093204357638e-02
6.306000000000000050e+00,1.702824561977771614e-02
6.307000000000000384e+00,2.331144377163056960e-02
6.307999999999999829e+00,2.990584844497665845e-02
6.309000000000000163e+00,3.681192442127971531e-02
6.310000000000000497e+00,4.402996699052262597e-02
6.310999999999999943e+00,5.156010083727002175e-02
6.312000000000000277e+00,5.940227902944068133e-02
6.312999999999999723e+00,6.755628211045054676e-02
6.314000000000000057e+00,7.602171729582643533e-02
6.315000000000000391e+00,8.479801777477563585e-02
6.315999999999999837e+00,9.388444211765208103e-02
6.317000000000000171e+00,1.032800737897647397e-01
6.318000000000000504e+00,1.129838207721570592e-01
6.318999999999999950e+00,1.229944152898709842e-01
6.320000000000000284e+00,1.333104136481002844e-01
6.320999999999999730e+00,1.439301961765478144e-01
6.322000000000000064e+00,1.548519672824217042e-01
6.323000000000000398e+00,1.660737556120302494e-01
6.323999999999999844e+00,1.775934143214582817e-01
6.325000000000000178e+00,1.894086214561922499e-01
6.326000000000000512e+00,2.015168804396523239e-01
6.326999999999999957e+00,2.139155206708738266e-01
6.328000000000000291e+00,2.266016982309335959e-01
6.328999999999999737e+00,2.395723966979699526e-01
6.330000000000000071e+00,2.528244280708144553e-01
6.331000000000000405e+00,2.663544338004137924e-01
6.331999999999999851e+00,2.801588859291463396e-01
6.333000000000000185e+00,2.942340883373090743e-01
6.334000000000000519e+00,3.085761780961593370e-01
6.334999999999999964e+00,3.231811269272100162e-01
6.336000000000000298e+00,3.380447427668561988e-01
6.336999999999999744e+00,3.531626714356140839e-01
6.338000000000000078e+00,3.685303984114063347e-01
6.339000000000000412e+00,3.841432507056874446e-01
6.339999999999999858e+00,3.999963988417062910e-01
6.341000000000000192e+00,4.160848589339338210e-01
6.342000000000000526e+00,4.324034948673531331e-01
6.342999999999999972e+00,4.489470205756780352e-01
6.344000000000000306e+00,4.657100024173964070e-01
6.344999999999999751e+00,4.826868616480098351e-01
6.346000000000000085e+00,4.998718769876149270e-01
6.347000000000000419e+00,5.172591872820864189e-01
6.347999999999999865e+00,5.348427942565804338e-01
6.349000000000000199e+00,5.526165653599650618e-01
6.350000000000000533e+00,5.705742366982748948e-01
6.350999999999999979e+00,5.887094160559299683e-01
6.352000000000000313e+00,6.070155860029904371e-01
6.352999999999999758e+00,6.254861070863868555e-01
6.354000000000000092e+00,6.441142211038362042e-01
6.355000000000000426e+00,6.628930544581883577e-01
6.355999999999999872e+00,6.818156215905848416e-01
6.357000000000000206e+00,7.008748284903695280e-01
6.358000000000000540e+00,7.200634762796910282e-01
6.358999999999999986e+00,7.393742648708924170e-01
6.360000000000000320e+00,7.587997966946324890e-01
6.360999999999999766e+00,7.783325804962576422e-01
6.362000000000000099e+00,7.979650351988124557e-01
6.363000000000000433e+00,8.176894938298081561e-01
6.363999999999999879e+00,8.374982075100183554e-01
6.365000000000000213e+00,8.573833495018176043e-01
6.366000000000000547e+00,8.773370193143905649e-01
6.366999999999999993e+00,8.973512468640078010e-01
6.368000000000000327e+00,9.174179966865103619e-01
6.368999999999999773e+00,9.375291721995091532e-01
6.370000000000000107e+00,9.576766200122885930e-01
6.371000000000000441e+00,9.778521342801437255e-01
6.371999999999999886e+00,9.980474611012769559e-01
6.373000000000000220e+00,1.018254302953300217e+00
6.374000000000000554e+00,1.038464323166653047e+00
6.375000000000000000e+00,1.058669150432610451e+00
6.376000000000000334e+00,1.078860383342965079e+00
6.376999999999999780e+00,1.099029594958623068e+00
6.378000000000000114e+00,1.119168337404750080e+00
6.379000000000000448e+00,1.139268146489254674e+00
6.379999999999999893e+00,1.159320546342259561e+00
6.381000000000000227e+00,1.179317054073630189e+00
6.382000000000000561e+00,1.199249184445617455e+00
6.383000000000000007e+00,1.219108454558116561e+00
6.384000000000000341e+00,1.238886388543580575e+00
6.384999999999999787e+00,1.258574522268623319e+00
6.386000000000000121e+00,1.278164408039810906e+00
6.387000000000000455e+00,1.297647619310461353e+00
6.387999999999999901e+00,1.317015755385863018e+00
6.389000000000000234e+00,1.336260446124043710e+00
6.390000000000000568e+00,1.355373356628984505e+00
6.391000000000000014e+00,1.374346191933814465e+00
6.392000000000000348e+00,1.393170701670954914e+00
6.392999999999999794e+00,1.411838684726244519e+00
6.394000000000000128e+00,1.430341993874570505e+00
6.395000000000000462e+00,1.448672540393780794e+00
6.395999999999999908e+00,1.466822298654401946e+00
6.397000000000000242e+00,1.484783310682197488e+00
6.398000000000000576e+00,1.502547690690720028e+00
6.399000000000000021e+00,1.520107629581264330e+00
6.400000000000000355e+00,1.537455399407398282e+00
6.400999999999999801e+00,1.554583357801142096e+00
6.402000000000000135e+00,1.571483952358470493e+00
6.403000000000000469e+00,1.588149724981038569e+00
6.403999999999999915e+00,1.604573316171701736e+00
6.405000000000000249e+00,1.620747469281238029e+00
6.405999999999999694e+00,1.636665034703287613e+00
6.407000000000000028e+00,1.652318974015429154e+00
6.408000000000000362e+00,1.667702364063381015e+00
6.408999999999999808e+00,1.682808400986054886e+00
6.410000000000000142e+00,1.697630404179023333e+00
6.411000000000000476e+00,1.712161820193524031e+00
6.411999999999999922e+00,1.726396226569157033e+00
6.413000000000000256e+00,1.740327335597490199e+00
6.413999999999999702e+00,1.753948998014241312e+00
6.415000000000000036e+00,1.767255206617990515e+00
6.416000000000000369e+00,1.780240099812854249e+00
6.416999999999999815e+00,1.792897965073103395e+00
6.418000000000000149e+00,1.805223242327522071e+00
6.419000000000000483e+00,1.817210527261177599e+00
6.419999999999999929e+00,1.828854574532883692e+00
6.421000000000000263e+00,1.840150300906011394e+00
6.421999999999999709e+00,1.851092788290763957e+00
6.423000000000000043e+00,1.861677286696102440e+00
6.424000000000000377e+00,1.871899217089186829e+00
6.424999999999999822e+00,1.881754174160830351e+00
6.426000000000000156e+00,1.891237928994952355e+00
6.427000000000000490e+00,1.900346431640387745e+00
6.427999999999999936e+00,1.909075813583480663e+00
6.429000000000000270e+00,1.917422390119756015e+00
6.429999999999999716e+00,1.925382662623167818e+00
6.431000000000000050e+00,1.932953320711544132e+00
6.432000000000000384e+00,1.940131244306635860e+00
6.432999999999999829e+00,1.946913505587596127e+00
6.434000000000000163e+00,1.953297370836493130e+00
6.435000000000000497e+00,1.959280302174662092e+00
6.435999999999999943e+00,1.964859959188783201e+00
6.437000000000000277e+00,1.970034200445512473e+00
6.437999999999999723e+00,1.974801084893707870e+00
6.439000000000000057e+00,1.979158873153276765e+00
6.440000000000000391e+00,1.983106028689714417e+00
6.440999999999999837e+00,1.986641218873580694e+00
6.442000000000000171e+00,1.989763315924111486e+00
6.443000000000000504e+00,1.992471397736295113e+00
6.443999999999999950e+00,1.994764748590761139e+00
6.445000000000000284e+00,1.996642859746096565e+00
6.445999999999999730e+00,1.998105429912849340e+00
6.447000000000000064e+00,1.999152365609051962e+00
6.448000000000000398e+00,1.999783781396870852e+00
6.448999999999999844e+00,2.000000000000000000e+00
6.450000000000000178e+00,1.999801552301847529e+00
6.451000000000000512e+00,1.999189177224165004e+00
6.451999999999999957e+00,1.998163821486190761e+00
6.453000000000000291e+00,1.996726639244408519e+00
6.453999999999999737e+00,1.994878991612800467e+00
6.455000000000000071e+00,1.992622446064042707e+00
6.456000000000000405e+00,1.989958775711676564e+00
6.456999999999999851e+00,1.986889958473626594e+00
6.458000000000000185e+00,1.983418176117577536e+00
6.459000000000000519e+00,1.979545813188452463e+00
6.459999999999999964e+00,1.975275455818745751e+00
6.461000000000000298e+00,1.970609890422125643e+00
6.461999999999999744e+00,1.965552102271139745e+00
6.463000000000000078e+00,1.960105273959636074e+00
6.464000000000000412e+00,1.954272783750800491e+00
6.464999999999999858e+00,1.948058203811704248e+00
6.466000000000000192e+00,1.941465298335151690e+00
6.467000000000000526e+00,1.934498021550165703e+00
6.467999999999999972e+00,1.927160515621834325e+00
6.469000000000000306e+00,1.919457108441910531e+00
6.469999999999999751e+00,1.911392311311419956e+00
6.471000000000000085e+00,1.902970816516285302e+00
6.472000000000000419e+00,1.894197494797679404e+00
6.472999999999999865e+00,1.885077392718317091e+00
6.474000000000000199e+00,1.875615729926076725e+00
6.475000000000000533e+00,1.865817896316827484e+00
6.475999999999999979e+00,1.855689449097748467e+00
6.477000000000000313e+00,1.845236109752859122e+00
6.477999999999999758e+00,1.834463760912747654e+00
6.479000000000000092e+00,1.823378443129873627e+00
6.480000000000000426e+00,1.811986351561661213e+00
6.480999999999999872e+00,1.800293832563033547e+00
6.482000000000000206e+00,1.788307380190422569e+00
6.483000000000000540e+00,1.776033632619350877e+00
6.483999999999999986e+00,1.763479368477516074e+00
6.485000000000000320e+00,1.750651503095468797e+00
6.485999999999999766e+00,1.737557084677272767e+00
6.487000000000000099e+00,1.724203290393135024e+00
6.488000000000000433e+00,1.710597422396274103e+00
6.488999999999999879e+00,1.696746903766549019e+00
6.490000000000000213e+00,1.682659274382898307e+00
6.491000000000000547e+00,1.668342186727284071e+00
6.491999999999999993e+00,1.653803401622332858e+00
6.493000000000000327e+00,1.639050783905294351e+00
6.493999999999999773e+00,1.624092298040852533e+00
6.495000000000000107e+00,1.608936003675148774e+00
6.496000000000000441e+00,1.593590051133985330e+00
6.496999999999999886e+00,1.578062676867377778e+00
6.498000000000000220e+00,1.562362198843435301e+00
6.499000000000000554e+00,1.546497011894291784e+00
6.500000000000000000e+00,1.530475583016430940e+00
6.501000000000000334e+00,1.514306446628692848e+00
6.501999999999999780e+00,1.497998199790257834e+00
6.503000000000000114e+00,1.481559497381689461e+00
6.504000000000000448e+00,1.464999047251850373e+00
6.504999999999999893e+00,1.448325605333351751e+00
6.506000000000000227e+00,1.431547970729535990e+00
6.507000000000000561e+00,1.414674980776014612e+00
6.508000000000000007e+00,1.397715506079326708e+00
6.509000000000000341e+00,1.380678445535845622e+00
6.509999999999999787e+00,1.363572721334019633e+00
6.511000000000000121e+00,1.346407273942378025e+00
6.512000000000000455e+00,1.329191057086874128e+00
6.512999999999999901e+00,1.311933032720065784e+00
6.514000000000000234e+00,1.294642165985173232e+00
6.515000000000000568e+00,1.277327420178212769e+00
6.516000000000000014e+00,1.259997751710978608e+00
6.517000000000000348e+00,1.242662105077661172e+00
6.517999999999999794e+00,1.225329407828631201e+00
6.519000000000000128e+00,1.208008565553595481e+00
6.520000000000000462e+00,1.190708456877826338e+00
6.520999999999999908e+00,1.173437928473873182e+00
6.522000000000000242e+00,1.156205790091831220e+00
6.523000000000000576e+00,1.139020809611378526e+00
6.524000000000000021e+00,1.121891708118096354e+00
6.525000000000000355e+00,1.104827155007101158e+00
6.525999999999999801e+00,1.087835763117166232e+00
6.527000000000000135e+00,1.070926083897670411e+00
6.528000000000000469e+00,1.054106602611761145e+00
6.528999999999999915e+00,1.037385733578090496e+00
6.530000000000000249e+00,1.020771815454365017e+00
6.530999999999999694e+00,1.004273106565074070e+00
6.532000000000000028e+00,9.878977802764604688e-01
6.533000000000000362e+00,9.716539204214055259e-01
6.533999999999999808e+00,9.555495167767186215e-01
6.535000000000000142e+00,9.395924605956936793e-01
6.536000000000000476e+00,9.237905401986578058e-01
6.536999999999999922e+00,9.081514366237689595e-01
6.538000000000000256e+00,8.926827193409128114e-01
6.538999999999999702e+00,8.773918420312044608e-01
6.540000000000000036e+00,8.622861384343296631e-01
6.541000000000000369e+00,8.473728182665799524e-01
6.541999999999999815e+00,8.326589632115530826e-01
6.543000000000000149e+00,8.181515229861360261e-01
6.544000000000000483e+00,8.038573114840950051e-01
6.544999999999999929e+00,7.897830029994012957e-01
6.546000000000000263e+00,7.759351285315162494e-01
6.546999999999999709e+00,7.623200721750515996e-01
6.548000000000000043e+00,7.489440675954817106e-01
6.549000000000000377e+00,7.358131945934752727e-01
6.549999999999999822e+00,7.229333757594675891e-01
6.551000000000000156e+00,7.103103732205530152e-01
6.552000000000000490e+00,6.979497854817937608e-01
6.552999999999999936e+00,6.858570443634510738e-01
6.554000000000000270e+00,6.740374120361478649e-01
6.554999999999999716e+00,6.624959781557590022e-01
6.556000000000000050e+00,6.512376570993823055e-01
6.557000000000000384e+00,6.402671853044185069e-01
6.557999999999999829e+00,6.295891187119299071e-01
6.559000000000000163e+00,6.192078303160198915e-01
6.560000000000000497e+00,6.091275078205036220e-01
6.560999999999999943e+00,5.993521514043619325e-01
6.562000000000000277e+00,5.898855715970580116e-01
6.562999999999999723e+00,5.807313872652344333e-01
6.564000000000000057e+00,5.718930237116398585e-01
6.565000000000000391e+00,5.633737108876333277e-01
6.565999999999999837e+00,5.551764817201109148e-01
6.567000000000000171e+00,5.473041705538838064e-01
6.568000000000000504e+00,5.397594117104126399e-01
6.568999999999999950e+00,5.325446381636580462e-01
6.570000000000000284e+00,5.256620803337722636e-01
6.570999999999999730e+00,5.191137649994346237e-01
6.572000000000000064e+00,5.129015143292433576e-01
6.573000000000000398e+00,5.070269450328597216e-01
6.573999999999999844e+00,5.014914676322417275e-01
6.575000000000000178e+00,4.962962858534247790e-01
6.576000000000000512e+00,4.914423961391413687e-01
6.576999999999999957e+00,4.869305872824942760e-01
6.578000000000000291e+00,4.827614401818786649e-01
6.578999999999999737e+00,4.789353277172519463e-01
6.580000000000000071e+00,4.754524147477266482e-01
6.581000000000000405e+00,4.723126582305094412e-01
6.581999999999999851e+00,4.695158074609740995e-01
6.583000000000000185e+00,4.670614044337371706e-01
6.584000000000000519e+00,4.649487843244437535e-01
6.584999999999999964e+00,4.631770760919178831e-01
6.586000000000000298e+00,4.617452032002421491e-01
6.586999999999999744e+00,4.606518844603437746e-01
6.588000000000000078e+00,4.598956349904404495e-01
6.589000000000000412e+00,4.594747672947991357e-01
6.589999999999999858e+00,4.593873924600473946e-01
6.591000000000000192e+00,4.596314214682850618e-01
6.592000000000000526e+00,4.602045666261712631e-01
6.592999999999999972e+00,4.611043431090645628e-01
6.594000000000000306e+00,4.623280706192071654e-01
6.594999999999999751e+00,4.638728751569712871e-01
6.596000000000000085e+00,4.657356909039782056e-01
6.597000000000000419e+00,4.679132622169727695e-01
6.597999999999999865e+00,4.704021457311414744e-01
6.599000000000000199e+00,4.731987125716379805e-01
6.600000000000000533e+00,4.762991506718584067e-01
6.600999999999999979e+00,4.796994671970775670e-01
6.602000000000000313e+00,4.833954910719089337e-01
6.602999999999999758e+00,4.873828756100668791e-01
6.604000000000000092e+00,4.916571012447451539e-01
6.605000000000000426e+00,4.962134783579738029e-01
6.605999999999999872e+00,5.010471502071526251e-01
6.607000000000000206e+00,5.061530959470799118e-01
6.608000000000000540e+00,5.115261337454103385e-01
6.608999999999999986e+00,5.171609239898339316e-01
6.610000000000000320e+00,5.230519725849216428e-01
6.610999999999999766e+00,5.291936343365289952e-01
6.612000000000000099e+00,5.355801164218826349e-01
6.613000000000000433e+00,5.422054819429936723e-01
6.613999999999999879e+00,5.490636535614249469e-01
6.615000000000000213e+00,5.561484172120859659e-01
6.616000000000000547e+00,5.634534258937529128e-01
6.616999999999999993e+00,5.709722035341306956e-01
6.618000000000000327e+00,5.786981489269912293e-01
6.618999999999999773e+00,5.866245397389656668e-01
6.620000000000000107e+00,5.947445365837351616e-01
6.621000000000000441e+00,6.030511871608560392e-01
6.621999999999999886e+00,6.115374304569837216e-01
6.623000000000000220e+00,6.201961010067933433e-01
6.624000000000000554e+00,6.290199332109623898e-01
6.625000000000000000e+00,6.380015657087556580e-01
6.626000000000000334e+00,6.471335458024708442e-01
6.626999999999999780e+00,6.564083339309727538e-01
6.628000000000000114e+00,6.658183081898723099e-01
6.629000000000000448e+00,6.753557688952275262e-01
6.629999999999999893e+00,6.850129431884915965e-01
6.631000000000000227e+00,6.947819896793865357e-01
6.632000000000000561e+00,7.046550031243991041e-01
6.633000000000000007e+00,7.146240191377170037e-01
6.634000000000000341e+00,7.246810189319660145e-01
6.634999999999999787e+00,7.348179340857624586e-01
6.636000000000000121e+00,7.450266513353756004e-01
6.637000000000000455e+00,7.552990173873597168e-01
6.637999999999999901e+00,7.656268437495831192e-01
6.639000000000000234e+00,7.760019115774865472e-01
6.640000000000000568e+00,7.864159765327463081e-01
6.641000000000000014e+00,7.968607736514907725e-01
6.642000000000000348e+00,8.073280222191144828e-01
6.642999999999999794e+00,8.178094306486489717e-01
6.644000000000000128e+00,8.282967013600247563e-01
6.645000000000000462e+00,8.387815356570283987e-01
6.645999999999999908e+00,8.492556385992329204e-01
6.647000000000000242e+00,8.597107238659350559e-01
6.648000000000000576e+00,8.701385186091453727e-01
6.649000000000000021e+00,8.805307682927818735e-01
6.650000000000000355e+00,8.908792415152928523e-01
6.650999999999999801e+00,9.011757348125361000e-01
6.652000000000000135e+00,9.114120774384497636e-01
6.653000000000000469e+00,9.215801361203243003e-01
6.653999999999999915e+00,9.316718197860762718e-01
6.655000000000000249e+00,9.416790842607120071e-01
6.656000000000000583e+00,9.515939369289814209e-01
6.657000000000000028e+00,9.614084413617206559e-01
6.658000000000000362e+00,9.711147219031213140e-01
6.658999999999999808e+00,9.807049682159413306e-01
6.660000000000000142e+00,9.901714397823743186e-01
6.661000000000000476e+00,9.995064703576491683e-01
6.661999999999999922e+00,1.008702472373782744e+00
6.663000000000000256e+00,1.017751941291061613e+00
6.663999999999999702e+00,1.026647459894425296e+00
6.665000000000000036e+00,1.035381702532560233e+00
6.666000000000000369e+00,1.043947439296845969e+00
6.666999999999999815e+00,1.052337540138091887e+00
6.668000000000000149e+00,1.060544978918454229e+00
6.669000000000000483e+00,1.068562837396070275e+00
6.669999999999999929e+00,1.076384309140430595e+00
6.671000000000000263e+00,1.084002703375904986e+00
6.671999999999999709e+00,1.091411448751291813e+00
6.673000000000000043e+00,1.098604097033351490e+00
6.674000000000000377e+00,1.105574326721879386e+00
6.674999999999999822e+00,1.112315946584655935e+00
6.676000000000000156e+00,1.118822899109877644e+00
6.677000000000000490e+00,1.125089263874209156e+00
6.677999999999999936e+00,1.131109260824715967e+00
6.679000000000000270e+00,1.136877253472513338e+00
6.679999999999999716e+00,1.142387751996476686e+00
6.681000000000000050e+00,1.147635416255341712e+00
6.682000000000000384e+00,1.152615058706250695e+00
6.682999999999999829e+00,1.157321647228340744e+00
6.684000000000000163e+00,1.161750307849689579e+00
6.685000000000000497e+00,1.165896327376082731e+00
6.685999999999999943e+00,1.169755155920191747e+00
6.687000000000000277e+00,1.173322409329766947e+00
6.687999999999999723e+00,1.176593871513456735e+00
6.689000000000000057e+00,1.179565496663061097e+00
6.690000000000000391e+00,1.182233411371003129e+00
6.690999999999999837e+00,1.184593916641745626e+00
6.692000000000000171e+00,1.186643489796352258e+00
6.693000000000000504e+00,1.188378786268944109e+00
6.693999999999999950e+00,1.189796641294169843e+00
6.695000000000000284e+00,1.190894071484960293e+00
6.695999999999999730e+00,1.191668276299564289e+00
6.697000000000000064e+00,1.192116639397237998e+00
6.698000000000000398e+00,1.192236729882002910e+00
6.698999999999999844e+00,1.192026303433673995e+00
6.700000000000000178e+00,1.191483303325806764e+00
6.701000000000000512e+00,1.190605861330081394e+00
6.701999999999999957e+00,1.189392298506631196e+00
6.703000000000000291e+00,1.187841125880193749e+00
6.703999999999999737e+00,1.185951045001615300e+00
6.705000000000000071e+00,1.183720948394754835e+00
6.706000000000000405e+00,1.181149919888501598e+00
6.706999999999999851e+00,1.178237234834034419e+00
6.708000000000000185e+00,1.174982360207225129e+00
6.709000000000000519e+00,1.171384954596408345e+00
6.709999999999999964e+00,1.167444868075633968e+00
6.711000000000000298e+00,1.163162141963639540e+00
6.711999999999999744e+00,1.158537008468962792e+00
6.713000000000000078e+00,1.153569890221468608e+00
6.714000000000000412e+00,1.148261399690798434e+00
6.714999999999999858e+00,1.142612338492336121e+00
6.716000000000000192e+00,1.136623696581155807e+00
6.717000000000000526e+00,1.130296651334733005e+00
6.717999999999999972e+00,1.123632566525112564e+00
6.719000000000000306e+00,1.116632991181340184e+00
6.719999999999999751e+00,1.109299658343013917e+00
6.721000000000000085e+00,1.101634483705896672e+00
6.722000000000000419e+00,1.093639564160618249e+00
6.722999999999999865e+00,1.085317176225529145e+00
6.724000000000000199e+00,1.076669774374712452e+00
6.725000000000000533e+00,1.067699989262602456e+00
6.725999999999999979e+00,1.058410625846246456e+00
6.727000000000000313e+00,1.048804661406518957e+00
6.727999999999999758e+00,1.038885243469931385e+00
6.729000000000000092e+00,1.028655687632076043e+00
6.730000000000000426e+00,1.018119475284618991e+00
6.730999999999999872e+00,1.007280251247055780e+00
6.732000000000000206e+00,9.961418213049905157e-01
6.733000000000000540e+00,9.847081496566935099e-01
6.733999999999999986e+00,9.729833562694910620e-01
6.735000000000000320e+00,9.609717141477784885e-01
6.735999999999999766e+00,9.486776465147633841e-01
6.737000000000000099e+00,9.361057239092674953e-01
6.738000000000000433e+00,9.232606612002143276e-01
6.738999999999999879e+00,9.101473145201491866e-01
6.740000000000000213e+00,8.967706781201519872e-01
6.741000000000000547e+00,8.831358811483144278e-01
6.741999999999999993e+00,8.692481843534949348e-01
6.743000000000000327e+00,8.551129767168992313e-01
6.743999999999999773e+00,8.407357720135734125e-01
6.745000000000000107e+00,8.261222053058904224e-01
6.746000000000000441e+00,8.112780293716462809e-01
6.746999999999999886e+00,7.962091110686845274e-01
6.748000000000000220e+00,7.809214276387648201e-01
6.749000000000000554e+00,7.654210629528976906e-01
6.750000000000000000e+00,7.497142037005543047e-01
6.751000000000000334e+00,7.338071355252047123e-01
6.751999999999999780e+00,7.177062391088799842e-01
6.753000000000000114e+00,7.014179862079019667e-01
6.754000000000000448e+00,6.849489356427100883e-01
6.754999999999999893e+00,6.683057292440892638e-01
6.756000000000000227e+00,6.514950877584222422e-01
6.757000000000000561e+00,6.345238067147997985e-01
6.758000000000000007e+00,6.173987522563180175e-01
6.759000000000000341e+00,6.001268569383599871e-01
6.759999999999999787e+00,5.827151154966813129e-01
6.761000000000000121e+00,5.651705805875982813e-01
6.762000000000000455e+00,5.475003585034151632e-01
6.762999999999999901e+00,5.297116048655365894e-01
6.764000000000000234e+00,5.118115202979468537e-01
6.765000000000000568e+00,4.938073460840715079e-01
6.766000000000000014e+00,4.757063598094428136e-01
6.767000000000000348e+00,4.575158709929941225e-01
6.767999999999999794e+00,4.392432167099916684e-01
6.769000000000000128e+00,4.208957572088537491e-01
6.770000000000000462e+00,4.024808715251272928e-01
6.770999999999999908e+00,3.840059530949725963e-01
6.772000000000000242e+00,3.654784053710006808e-01
6.773000000000000576e+00,3.469056374434380530e-01
6.774000000000000021e+00,3.282950596689944156e-01
6.775000000000000355e+00,3.096540793102292577e-01
6.775999999999999801e+00,2.909900961884507864e-01
6.777000000000000135e+00,2.723104983523711997e-01
6.778000000000000469e+00,2.536226577654894232e-01
6.778999999999999915e+00,2.349339260148820829e-01
6.780000000000000249e+00,2.162516300437423433e-01
6.781000000000000583e+00,1.975830679108522558e-01
6.782000000000000028e+00,1.789355045789752796e-01
6.783000000000000362e+00,1.603161677351371273e-01
6.783999999999999808e+00,1.417322436453928580e-01
6.785000000000000142e+00,1.231908730462571711e-01
6.786000000000000476e+00,1.046991470758109888e-01
6.786999999999999922e+00,8.626410324648041417e-02
6.788000000000000256e+00,6.789272146221442261e-02
6.788999999999999702e+00,4.959192008255586953e-02
6.790000000000000036e+00,3.136855203562956967e-02
6.791000000000000369e+00,1.322940098286792994e-02
6.791999999999999815e+00,-4.818822462600872922e-03
6.793000000000000149e+00,-2.276948446146181623e-02
6.794000000000000483e+00,-4.061603161528382078e-02
6.794999999999999929e+00,-5.835199457314679122e-02
6.796000000000000263e+00,-7.597099157560271987e-02
6.796999999999999709e+00,-9.346673193369745003e-02
6.798000000000000043e+00,-1.108330194413050390e-01
6.799000000000000377e+00,-1.280637557183601227e-01
6.799999999999999822e+00,-1.451529434833633003e-01
6.801000000000000156e+00,-1.620946897530927688e-01
6.802000000000000490e+00,-1.788832089674396719e-01
6.802999999999999936e+00,-1.955128260379517258e-01
6.804000000000000270e+00,-2.119779793179928096e-01
6.804999999999999716e+00,-2.282732234928110115e-01
6.806000000000000050e+00,-2.443932323880508850e-01
6.807000000000000384e+00,-2.603328016948395218e-01
6.807999999999999829e+00,-2.760868516100628556e-01
6.809000000000000163e+00,-2.916504293902991152e-01
6.810000000000000497e+00,-3.070187118177856722e-01
6.810999999999999943e+00,-3.221870075773458075e-01
6.812000000000000277e+00,-3.371507595427017945e-01
6.812999999999999723e+00,-3.519055469708793349e-01
6.814000000000000057e+00,-3.664470876037898006e-01
6.815000000000000391e+00,-3.807712396754430184e-01
6.815999999999999837e+00,-3.948740038239823003e-01
6.817000000000000171e+00,-4.087515249075339141e-01
6.818000000000000504e+00,-4.224000937226219388e-01
6.818999999999999950e+00,-4.358161486245672456e-01
6.820000000000000284e+00,-4.489962770489612787e-01
6.820999999999999730e+00,-4.619372169332434108e-01
6.822000000000000064e+00,-4.746358580380065084e-01
6.823000000000000398e+00,-4.870892431671230427e-01
6.823999999999999844e+00,-4.992945692862270080e-01
6.825000000000000178e+00,-5.112491885391875490e-01
6.826000000000000512e+00,-5.229506091617632801e-01
6.826999999999999957e+00,-5.343964962924810935e-01
6.828000000000000291e+00,-5.455846726802386915e-01
6.828999999999999737e+00,-5.565131192882962763e-01
6.830000000000000071e+00,-5.671799757947383336e-01
6.831000000000000405e+00,-5.775835409890621719e-01
6.831999999999999851e+00,-5.877222730650465410e-01
6.833000000000000185e+00,-5.975947898097970779e-01
6.834000000000000519e+00,-6.071998686891288965e-01
6.834999999999999964e+00,-6.165364468294542988e-01
6.836000000000000298e+00,-6.256036208963994261e-01
6.836999999999999744e+00,-6.344006468704354029e-01
6.838000000000000078e+00,-6.429269397199312008e-01
6.839000000000000412e+00,-6.511820729719640655e-01
6.839999999999999858e+00,-6.591657781815375428e-01
6.841000000000000192e+00,-6.668779442996402018e-01
6.842000000000000526e+00,-6.743186169407997532e-01
6.842999999999999972e+00,-6.814879975508889576e-01
6.844000000000000306e+00,-6.883864424758439071e-01
6.844999999999999751e+00,-6.950144619321846351e-01
6.846000000000000085e+00,-7.013727188802357793e-01
6.847000000000000419e+00,-7.074620278008351137e-01
6.847999999999999865e+00,-7.132833533767848344e-01
6.849000000000000199e+00,-7.188378090799487641e-01
6.850000000000000533e+00,-7.241266556650224340e-01
6.850999999999999979e+00,-7.291512995715114798e-01
6.852000000000000313e+00,-7.339132912347707816e-01
6.852999999999999758e+00,-7.384143233076180257e-01
6.854000000000000092e+00,-7.426562287938901497e-01
6.855000000000000426e+00,-7.466409790952521774e-01
6.855999999999999872e+00,-7.503706819727605781e-01
6.857000000000000206e+00,-7.538475794248140627e-01
6.858000000000000540e+00,-7.570740454828560617e-01
6.858999999999999986e+00,-7.600525839266636385e-01
6.860000000000000320e+00,-7.627858259207821456e-01
6.860999999999999766e+00,-7.652765275738049322e-01
6.862000000000000099e+00,-7.675275674224385503e-01
6.863000000000000433e+00,-7.695419438419481839e-01
6.863999999999999879e+00,-7.713227723850361039e-01
6.865000000000000213e+00,-7.728732830509951190e-01
6.866000000000000547e+00,-7.741968174870433872e-01
6.866999999999999993e+00,-7.752968261239262526e-01
6.868000000000000327e+00,-7.761768652477716302e-01
6.868999999999999773e+00,-7.768405940103167984e-01
6.870000000000000107e+00,-7.772917713795032268e-01
6.871000000000000441e+00,-7.775342530328168689e-01
6.871999999999999886e+00,-7.775719881952998236e-01
6.873000000000000220e+00,-7.774090164246442169e-01
6.874000000000000554e+00,-7.770494643455692074e-01
6.875000000000000000e+00,-7.764975423356635931e-01
6.876000000000000334e+00,-7.757575411652117836e-01
6.876999999999999780e+00,-7.748338285931074543e-01
6.878000000000000114e+00,-7.737308459214555789e-01
6.879000000000000448e+00,-7.724531045110113459e-01
6.879999999999999893e+00,-7.710051822601080573e-01
6.881000000000000227e+00,-7.693917200492975672e-01
6.882000000000000561e+00,-7.676174181543318209e-01
6.883000000000000007e+00,-7.656870326298456098e-01
6.884000000000000341e+00,-7.636053716662242197e-01
6.884999999999999787e+00,-7.613772919222995261e-01
6.886000000000000121e+00,-7.590076948362074472e-01
6.887000000000000455e+00,-7.565015229170322097e-01
6.887999999999999901e+00,-7.538637560198263587e-01
6.889000000000000234e+00,-7.510994076064030356e-01
6.890000000000000568e+00,-7.482135209946048082e-01
6.891000000000000014e+00,-7.452111655985045324e-01
6.892000000000000348e+00,-7.420974331622171016e-01
6.892999999999999794e+00,-7.388774339896708732e-01
6.894000000000000128e+00,-7.355562931731798315e-01
6.895000000000000462e+00,-7.321391468231511768e-01
6.895999999999999908e+00,-7.286311383016047527e-01
6.897000000000000242e+00,-7.250374144619997629e-01
6.898000000000000576e+00,-7.213631218979630333e-01
6.899000000000000021e+00,-7.176134032034174881e-01
6.900000000000000355e+00,-7.137933932466491438e-01
6.900999999999999801e+00,-7.099082154608212791e-01
6.902000000000000135e+00,-7.059629781534636495e-01
6.903000000000000469e+00,-7.019627708374107655e-01
6.903999999999999915e+00,-6.979126605855957566e-01
6.905000000000000249e+00,-6.938176884122965182e-01
6.906000000000000583e+00,-6.896828656830692461e-01
6.907000000000000028e+00,-6.855131705560282285e-01
6.908000000000000362e+00,-6.813135444565507903e-01
6.908999999999999808e+00,-6.770888885881013453e-01
6.910000000000000142e+00,-6.728440604811961601e-01
6.911000000000000476e+00,-6.685838705830909889e-01
6.911999999999999922e+00,-6.643130788902855688e-01
6.913000000000000256e+00,-6.600363916261172692e-01
6.913999999999999702e+00,-6.557584579658352064e-01
6.915000000000000036e+00,-6.514838668110002340e-01
6.916000000000000369e+00,-6.472171436157544422e-01
6.916999999999999815e+00,-6.429627472667823751e-01
6.918000000000000149e+00,-6.387250670190621760e-01
6.919000000000000483e+00,-6.345084194897124830e-01
6.919999999999999929e+00,-6.303170457114816161e-01
6.921000000000000263e+00,-6.261551082482981201e-01
6.921999999999999709e+00,-6.220266883744147712e-01
6.923000000000000043e+00,-6.179357833192388183e-01
6.924000000000000377e+00,-6.138863035796252587e-01
6.924999999999999822e+00,-6.098820703012982625e-01
6.926000000000000156e+00,-6.059268127312508190e-01
6.927000000000000490e+00,-6.020241657428009319e-01
6.927999999999999936e+00,-5.981776674348059375e-01
6.929000000000000270e+00,-5.943907568067254843e-01
6.929999999999999716e+00,-5.906667715110448524e-01
6.931000000000000050e+00,-5.870089456844833631e-01
6.932000000000000384e+00,-5.834204078594172893e-01
6.932999999999999829e+00,-5.799041789569328031e-01
6.934000000000000163e+00,-5.764631703627219883e-01
6.935000000000000497e+00,-5.731001820871706176e-01
6.935999999999999943e+00,-5.698179010107322640e-01
6.937000000000000277e+00,-5.666188992158288640e-01
6.937999999999999723e+00,-5.635056324062559518e-01
6.939000000000000057e+00,-5.604804384151593766e-01
6.940000000000000391e+00,-5.575455358025406261e-01
6.940999999999999837e+00,-5.547030225431510697e-01
6.942000000000000171e+00,-5.519548748056598564e-01
6.943000000000000504e+00,-5.493029458238192220e-01
6.943999999999999950e+00,-5.467489648603474084e-01
6.945000000000000284e+00,-5.442945362642178653e-01
6.945999999999999730e+00,-5.419411386218512261e-01
6.947000000000000064e+00,-5.396901240028292301e-01
6.948000000000000398e+00,-5.375427173005052905e-01
6.948999999999999844e+00,-5.355000156679460277e-01
6.950000000000000178e+00,-5.335629880495152966e-01
6.951000000000000512e+00,-5.317324748083531727e-01
6.951999999999999957e+00,-5.300091874500104661e-01
6.953000000000000291e+00,-5.283937084422137831e-01
6.953999999999999737e+00,-5.268864911310466859e-01
6.955000000000000071e+00,-5.254878597533712004e-01
6.956000000000000405e+00,-5.241980095454767952e-01
6.956999999999999851e+00,-5.230170069479147532e-01
6.958000000000000185e+00,-5.219447899061308016e-01
6.959000000000000519e+00,-5.209811682668761268e-01
6.959999999999999964e+00,-5.201258242698960643e-01
6.961000000000000298e+00,-5.193783131345439674e-01
6.961999999999999744e+00,-5.187380637409592099e-01
6.963000000000000078e+00,-5.182043794051474084e-01
6.964000000000000412e+00,-5.177764387475499719e-01
6.964999999999999858e+00,-5.174532966542892964e-01
6.966000000000000192e+00,-5.172338853305229467e-01
6.967000000000000526e+00,-5.171170154450791534e-01
6.967999999999999972e+00,-5.171013773655175338e-01
6.969000000000000306e+00,-5.171855424828327719e-01
6.969999999999999751e+00,-5.173679646246778230e-01
6.971000000000000085e+00,-5.176469815562849686e-01
6.972000000000000419e+00,-5.180208165679019983e-01
6.972999999999999865e+00,-5.184875801475924417e-01
6.974000000000000199e+00,-5.190452717383412518e-01
6.975000000000000533e+00,-5.196917815780820460e-01
6.975999999999999979e+00,-5.204248926214156690e-01
6.977000000000000313e+00,-5.212422825417227790e-01
6.977999999999999758e+00,-5.221415258120833958e-01
6.979000000000000092e+00,-5.231200958637611809e-01
6.980000000000000426e+00,-5.241753673205974406e-01
6.980999999999999872e+00,-5.253046183077080267e-01
6.982000000000000206e+00,-5.265050328330789231e-01
6.983000000000000540e+00,-5.277737032401426109e-01
6.983999999999999986e+00,-5.291076327297568049e-01
6.985000000000000320e+00,-5.305037379498663830e-01
6.985999999999999766e+00,-5.319588516508564346e-01
6.987000000000000099e+00,-5.334697254049785009e-01
6.988000000000000433e+00,-5.350330323877313665e-01
6.988999999999999879e+00,-5.366453702194459163e-01
6.990000000000000213e+00,-5.383032638649682955e-01
6.991000000000000547e+00,-5.400031685894174371e-01
6.991999999999999993e+00,-5.417414729681514496e-01
6.993000000000000327e+00,-5.435145019484559636e-01
6.993999999999999773e+00,-5.453185199613481693e-01
6.995000000000000107e+00,-5.471497340808075815e-01
6.996000000000000441e+00,-5.490042972285825718e-01
6.996999999999999886e+00,-5.508783114222539634e-01
6.998000000000000220e+00,-5.527678310642311077e-01
6.999000000000000554e+00,-5.546688662694094774e-01
7.000000000000000000e+00,-5.565773862292922036e-01
7.001000000000000334e+00,-5.584893226100330343e-01
7.001999999999999780e+00,-5.604005729822180149e-01
7.003000000000000114e+00,-5.623070042799005464e-01
7.004000000000000448e+00,-5.642044562864726442e-01
7.004999999999999893e+00,-5.660887451450300478e-01
7.006000000000000227e+00,-5.679556668906997619e-01
7.007000000000000561e+00,-5.698010010024617822e-01
7.008000000000000007e+00,-5.716205139721390882e-01
7.009000000000000341e+00,-5.734099628877744603e-01
7.009999999999999787e+00,-5.751650990292416221e-01
7.011000000000000121e+00,-5.768816714733325801e-01
7.012000000000000455e+00,-5.785554307058703438e-01
7.012999999999999901e+00,-5.801821322383510227e-01
7.014000000000000234e+00,-5.817575402266024209e-01
7.015000000000000568e+00,-5.832774310888443337e-01
7.016000000000000014e+00,-5.847375971206603129e-01
7.017000000000000348e+00,-5.861338501044647264e-01
7.017999999999999794e+00,-5.874620249106539127e-01
7.019000000000000128e+00,-5.887179830882300902e-01
7.020000000000000462e+00,-5.898976164422130575e-01
7.020999999999999908e+00,-5.909968505952442053e-01
7.022000000000000242e+00,-5.920116485311222032e-01
7.023000000000000576e+00,-5.929380141175897290e-01
7.024000000000000021e+00,-5.937719956058199466e-01
7.025000000000000355e+00,-5.945096891044514553e-01
7.025999999999999801e+00,-5.951472420253464124e-01
7.027000000000000135e+00,-5.956808564988950172e-01
7.028000000000000469e+00,-5.961067927563269420e-01
7.028999999999999915e+00,-5.964213724766466163e-01
7.030000000000000249e+00,-5.966209820958915389e-01
7.031000000000000583e+00,-5.967020760762422604e-01
7.032000000000000028e+00,-5.966611801327292852e-01
7.033000000000000362e+00,-5.964948944152708155e-01
7.033999999999999808e+00,-5.961998966436620195e-01
7.035000000000000142e+00,-5.957729451933677645e-01
7.036000000000000476e+00,-5.952108821298254249e-01
7.036999999999999922e+00,-5.945106361892429359e-01
7.038000000000000256e+00,-5.936692257034491549e-01
7.039000000000000590e+00,-5.926837614669834275e-01
7.040000000000000036e+00,-5.915514495442488752e-01
7.041000000000000369e+00,-5.902695940145500364e-01
7.041999999999999815e+00,-5.888355996532904646e-01
7.043000000000000149e+00,-5.872469745471264879e-01
7.044000000000000483e+00,-5.855013326412877861e-01
7.044999999999999929e+00,-5.835963962172397990e-01
7.046000000000000263e+00,-5.815299982986723570e-01
7.046999999999999709e+00,-5.793000849842626643e-01
7.048000000000000043e+00,-5.769047177053754361e-01
7.049000000000000377e+00,-5.743420754069215040e-01
7.049999999999999822e+00,-5.716104566499606854e-01
7.051000000000000156e+00,-5.687082816342629021e-01
7.052000000000000490e+00,-5.656340941394117916e-01
7.052999999999999936e+00,-5.623865633829180366e-01
7.054000000000000270e+00,-5.589644857939380929e-01
7.054999999999999716e+00,-5.553667867012499482e-01
7.056000000000000050e+00,-5.515925219340758190e-01
7.057000000000000384e+00,-5.476408793346840831e-01
7.057999999999999829e+00,-5.435111801813004018e-01
7.059000000000000163e+00,-5.392028805204168718e-01
7.060000000000000497e+00,-5.347155724073746619e-01
7.060999999999999943e+00,-5.300489850540018866e-01
7.062000000000000277e+00,-5.252029858826560149e-01
7.062999999999999723e+00,-5.201775814854807667e-01
7.064000000000000057e+00,-5.149729184882049227e-01
7.065000000000000391e+00,-5.095892843177163289e-01
7.065999999999999837e+00,-5.040271078725152565e-01
7.067000000000000171e+00,-4.982869600955949219e-01
7.068000000000000504e+00,-4.923695544491029641e-01
7.068999999999999950e+00,-4.862757472901646505e-01
7.070000000000000284e+00,-4.800065381475351334e-01
7.070999999999999730e+00,-4.735630698986486031e-01
7.072000000000000064e+00,-4.669466288466536108e-01
7.073000000000000398e+00,-4.601586446973076061e-01
7.073999999999999844e+00,-4.532006904354533572e-01
7.075000000000000178e+00,-4.460744821009038907e-01
7.076000000000000512e+00,-4.387818784637984582e-01
7.076999999999999957e+00,-4.313248805993346036e-01
7.078000000000000291e+00,-4.237056313619169123e-01
7.078999999999999737e+00,-4.159264147590146510e-01
7.080000000000000071e+00,-4.079896552246990993e-01
7.081000000000000405e+00,-3.998979167933486289e-01
7.081999999999999851e+00,-3.916539021737347470e-01
7.083000000000000185e+00,-3.832604517238512587e-01
7.084000000000000519e+00,-3.747205423271064983e-01
7.084999999999999964e+00,-3.660372861702665404e-01
7.086000000000000298e+00,-3.572139294237600682e-01
7.086999999999999744e+00,-3.482538508251299958e-01
7.088000000000000078e+00,-3.391605601661868419e-01
7.089000000000000412e+00,-3.299376966847870629e-01
7.089999999999999858e+00,-3.205890273620159991e-01
7.091000000000000192e+00,-3.111184451257144046e-01
7.092000000000000526e+00,-3.015299669613502043e-01
7.092999999999999972e+00,-2.918277319312742035e-01
7.094000000000000306e+00,-2.820159991033466262e-01
7.094999999999999751e+00,-2.720991453903553459e-01
7.096000000000000085e+00,-2.620816633011838759e-01
7.097000000000000419e+00,-2.519681586051460975e-01
7.097999999999999865e+00,-2.417633479108739769e-01
7.099000000000000199e+00,-2.314720561609711624e-01
7.100000000000000533e+00,-2.210992140441739029e-01
7.100999999999999979e+00,-2.106498553262481088e-01
7.102000000000000313e+00,-2.001291141013496477e-01
7.102999999999999758e+00,-1.895422219655302776e-01
7.104000000000000092e+00,-1.788945051138048359e-01
7.105000000000000426e+00,-1.681913813628948540e-01
7.105999999999999872e+00,-1.574383571010412874e-01
7.107000000000000206e+00,-1.466410241669400816e-01
7.108000000000000540e+00,-1.358050566597448494e-01
7.108999999999999986e+00,-1.249362076817630701e-01
7.110000000000000320e+00,-1.140403060161530036e-01
7.110999999999999766e+00,-1.031232527414904232e-01
7.112000000000000099e+00,-9.219101778514947332e-02
7.113000000000000433e+00,-8.124963641792734559e-02
7.113999999999999879e+00,-7.030520569170112255e-02
7.115000000000000213e+00,-5.936388082251486259e-02
7.116000000000000547e+00,-4.843187152135695200e-02
7.116999999999999993e+00,-3.751543827471786469e-02
7.118000000000000327e+00,-2.662088857733055716e-02
7.118999999999999773e+00,-1.575457311953578493e-02
7.120000000000000107e+00,-4.922881931358058863e-03
7.121000000000000441e+00,5.867759513964011277e-03
7.121999999999999886e+00,1.661089423484490152e-02
7.123000000000000220e+00,2.730003771204006849e-02
7.124000000000000554e+00,3.792868189262496581e-02
7.125000000000000000e+00,4.849029922479457938e-02
7.126000000000000334e+00,5.897834672107211268e-02
7.126999999999999780e+00,6.938627004707872969e-02
7.128000000000000114e+00,7.970750763364349567e-02
7.129000000000000448e+00,8.993549480930639051e-02
7.129999999999999893e+00,1.000636679508740967e-01
7.131000000000000227e+00,1.100854686492904050e-01
7.132000000000000561e+00,1.199943478880706321e-01
7.133000000000000007e+00,1.297837702318534181e-01
7.134000000000000341e+00,1.394472180222874613e-01
7.134999999999999787e+00,1.489781955784720280e-01
7.136000000000000121e+00,1.583702333995538614e-01
7.137000000000000455e+00,1.676168923664137778e-01
7.137999999999999901e+00,1.767117679401515873e-01
7.139000000000000234e+00,1.856484943542650312e-01
7.140000000000000568e+00,1.944207487982319571e-01
7.141000000000000014e+00,2.030222555893960446e-01
7.142000000000000348e+00,2.114467903308583918e-01
7.142999999999999794e+00,2.196881840523040863e-01
7.144000000000000128e+00,2.277403273314473620e-01
7.145000000000000462e+00,2.355971743930912743e-01
7.145999999999999908e+00,2.432527471833728638e-01
7.147000000000000242e+00,2.507011394164816998e-01
7.148000000000000576e+00,2.579365205910789105e-01
7.149000000000000021e+00,2.649531399739963877e-01
7.150000000000000355e+00,2.717453305485235671e-01
7.150999999999999801e+00,2.783075129245567436e-01
7.152000000000000135e+00,2.846341992083190608e-01
7.153000000000000469e+00,2.907199968288705638e-01
7.153999999999999915e+00,2.965596123189060962e-01
7.155000000000000249e+00,3.021478550475369951e-01
7.156000000000000583e+00,3.074796409023033972e-01
7.157000000000000028e+00,3.125499959181772813e-01
7.158000000000000362e+00,3.173540598510846689e-01
7.158999999999999808e+00,3.218870896934800108e-01
7.160000000000000142e+00,3.261444631297646946e-01
7.161000000000000476e+00,3.301216819290783699e-01
7.161999999999999922e+00,3.338143752733327418e-01
7.163000000000000256e+00,3.372183030181200580e-01
7.164000000000000590e+00,3.403293588843389061e-01
7.165000000000000036e+00,3.431435735783649466e-01
7.166000000000000369e+00,3.456571178386823595e-01
7.166999999999999815e+00,3.478663054068387717e-01
7.168000000000000149e+00,3.497675959206225094e-01
7.169000000000000483e+00,3.513575977277099138e-01
7.169999999999999929e+00,3.526330706175411223e-01
7.171000000000000263e+00,3.535909284697358879e-01
7.171999999999999709e+00,3.542282418171056046e-01
7.173000000000000043e+00,3.545422403214967821e-01
7.174000000000000377e+00,3.545303151607332448e-01
7.174999999999999822e+00,3.541900213248747598e-01
7.176000000000000156e+00,3.535190798203925455e-01
7.177000000000000490e+00,3.525153797802661471e-01
7.177999999999999936e+00,3.511769804789756644e-01
7.179000000000000270e+00,3.495021132504874672e-01
7.179999999999999716e+00,3.474891833081065751e-01
7.181000000000000050e+00,3.451367714646718099e-01
7.182000000000000384e+00,3.424436357519626828e-01
7.182999999999999829e+00,3.394087129378520751e-01
7.184000000000000163e+00,3.360311199403896443e-01
7.185000000000000497e+00,3.323101551372684148e-01
7.185999999999999943e+00,3.282452995700969045e-01
7.187000000000000277e+00,3.238362180420674141e-01
7.187999999999999723e+00,3.190827601084976206e-01
7.189000000000000057e+00,3.139849609590221191e-01
7.190000000000000391e+00,3.085430421910360654e-01
7.190999999999999837e+00,3.027574124733100058e-01
7.192000000000000171e+00,2.966286680994034697e-01
7.193000000000000504e+00,2.901575934302009774e-01
7.193999999999999950e+00,2.833451612249912044e-01
7.195000000000000284e+00,2.761925328607028884e-01
7.195999999999999730e+00,2.687010584390683299e-01
7.197000000000000064e+00,2.608722767810298659e-01
7.198000000000000398e+00,2.527079153086728702e-01
7.198999999999999844e+00,2.442098898139795915e-01
7.200000000000000178e+00,2.353803041147259634e-01
7.201000000000000512e+00,2.262214495973394190e-01
7.201999999999999957e+00,2.167358046466720256e-01
7.203000000000000291e+00,2.069260339629025169e-01
7.203999999999999737e+00,1.967949877658657643e-01
7.205000000000000071e+00,1.863457008867215603e-01
7.206000000000000405e+00,1.755813917477077046e-01
7.206999999999999851e+00,1.645054612300631269e-01
7.208000000000000185e+00,1.531214914306356090e-01
7.209000000000000519e+00,1.414332443079075463e-01
7.209999999999999964e+00,1.294446602177445615e-01
7.211000000000000298e+00,1.171598563397362736e-01
7.211999999999999744e+00,1.045831249948717262e-01
7.213000000000000078e+00,9.171893185518505132e-02
7.214000000000000412e+00,7.857191404646403365e-02
7.214999999999999858e+00,6.514687814485176087e-02
7.216000000000000192e+00,5.144879806824814023e-02
7.217000000000000526e+00,3.748281286387254718e-02
7.217999999999999972e+00,2.325422439283620843e-02
7.219000000000000306e+00,8.768494913020209724e-03
7.219999999999999751e+00,-5.968755438322976940e-03
7.221000000000000085e+00,-2.095175126110380981e-02
7.222000000000000419e+00,-3.617456460665245677e-02
7.222999999999999865e+00,-5.163111778803462087e-02
7.224000000000000199e+00,-6.731518628527714820e-02
7.225000000000000533e+00,-8.322040174347683505e-02
7.225999999999999979e+00,-9.934025506255796112e-02
7.227000000000000313e+00,-1.156680995767369186e-01
7.227999999999999758e+00,-1.321971543220134548e-01
7.229000000000000092e+00,-1.489205073899375620e-01
7.230000000000000426e+00,-1.658311193656037963e-01
7.230999999999999872e+00,-1.829218268481903886e-01
7.232000000000000206e+00,-2.001853460520179318e-01
7.233000000000000540e+00,-2.176142764858082501e-01
7.233999999999999986e+00,-2.352011047085500739e-01
7.235000000000000320e+00,-2.529382081595075160e-01
7.235999999999999766e+00,-2.708178590602447477e-01
7.237000000000000099e+00,-2.888322283866587847e-01
7.238000000000000433e+00,-3.069733899083722517e-01
7.238999999999999879e+00,-3.252333242936095159e-01
7.240000000000000213e+00,-3.436039232769416696e-01
7.241000000000000547e+00,-3.620769938874829896e-01
7.241999999999999993e+00,-3.806442627353051056e-01
7.243000000000000327e+00,-3.992973803534742294e-01
7.243999999999999773e+00,-4.180279255930676174e-01
7.245000000000000107e+00,-4.368274100690842099e-01
7.246000000000000441e+00,-4.556872826539745125e-01
7.246999999999999886e+00,-4.745989340169037840e-01
7.248000000000000220e+00,-4.935537012056819273e-01
7.249000000000000554e+00,-5.125428722686347083e-01
7.250000000000000000e+00,-5.315576909141171980e-01
7.251000000000000334e+00,-5.505893612045819063e-01
7.251999999999999780e+00,-5.696290522825135927e-01
7.253000000000000114e+00,-5.886679031257538997e-01
7.254000000000000448e+00,-6.076970273289159508e-01
7.254999999999999893e+00,-6.267075179086417647e-01
7.256000000000000227e+00,-6.456904521294499766e-01
7.257000000000000561e+00,-6.646368963475128844e-01
7.258000000000000007e+00,-6.835379108694765726e-01
7.259000000000000341e+00,-7.023845548235992942e-01
7.259999999999999787e+00,-7.211678910399380582e-01
7.261000000000000121e+00,-7.398789909372720519e-01
7.262000000000000455e+00,-7.585089394132612517e-01
7.262999999999999901e+00,-7.770488397354228249e-01
7.264000000000000234e+00,-7.954898184298476727e-01
7.265000000000000568e+00,-8.138230301645972276e-01
7.266000000000000014e+00,-8.320396626251395089e-01
7.267000000000000348e+00,-8.501309413788541436e-01
7.267999999999999794e+00,-8.680881347255273717e-01
7.269000000000000128e+00,-8.859025585311877116e-01
7.270000000000000462e+00,-9.035655810422890122e-01
7.270999999999999908e+00,-9.210686276773343284e-01
7.272000000000000242e+00,-9.384031857931529608e-01
7.273000000000000576e+00,-9.555608094229401939e-01
7.274000000000000021e+00,-9.725331239831447316e-01
7.275000000000000355e+00,-9.893118309466947258e-01
7.275999999999999801e+00,-1.005888712479190872e+00
7.277000000000000135e+00,-1.022255636035950266e+00
7.278000000000000469e+00,-1.038404558916583564e+00
7.278999999999999915e+00,-1.054327532774675280e+00
7.280000000000000249e+00,-1.070016708079901457e+00
7.281000000000000583e+00,-1.085464338529482431e+00
7.282000000000000028e+00,-1.100662785406881117e+00
7.283000000000000362e+00,-1.115604521884687506e+00
7.283999999999999808e+00,-1.130282137269236653e+00
7.285000000000000142e+00,-1.144688341184531222e+00
7.286000000000000476e+00,-1.158815967692563342e+00
7.286999999999999922e+00,-1.172657979348027846e+00
7.288000000000000256e+00,-1.186207471184643980e+00
7.289000000000000590e+00,-1.199457674630610260e+00
7.290000000000000036e+00,-1.212401961351164292e+00
7.291000000000000369e+00,-1.225033847015595700e+00
7.291999999999999815e+00,-1.237346994986490145e+00
7.293000000000000149e+00,-1.249335219929143870e+00
7.294000000000000483e+00,-1.260992491338565502e+00
7.294999999999999929e+00,-1.272312936982410880e+00
7.296000000000000263e+00,-1.283290846257306939e+00
7.296999999999999709e+00,-1.293920673456745440e+00
7.298000000000000043e+00,-1.304197040948549269e+00
7.299000000000000377e+00,-1.314114742259775870e+00
7.299999999999999822e+00,-1.323668745067425156e+00
7.301000000000000156e+00,-1.332854194092953470e+00
7.302000000000000490e+00,-1.341666413898789934e+00
7.302999999999999936e+00,-1.350100911585240038e+00
7.304000000000000270e+00,-1.358153379386068949e+00
7.304999999999999716e+00,-1.365819697161081425e+00
7.306000000000000050e+00,-1.373095934784312355e+00
7.307000000000000384e+00,-1.379978354426180109e+00
7.307999999999999829e+00,-1.386463412728289990e+00
7.309000000000000163e+00,-1.392547762869521311e+00
7.310000000000000497e+00,-1.398228256522031643e+00
7.310999999999999943e+00,-1.403501945696080000e+00
7.312000000000000277e+00,-1.408366084472337132e+00
7.312999999999999723e+00,-1.412818130620807855e+00
7.314000000000000057e+00,-1.416855747105111085e+00
7.315000000000000391e+00,-1.420476803471325766e+00
7.315999999999999837e+00,-1.423679377120460110e+00
7.317000000000000171e+00,-1.426461754463674403e+00
7.318000000000000504e+00,-1.428822431959620110e+00
7.318999999999999950e+00,-1.430760117033073708e+00
7.320000000000000284e+00,-1.432273728874426721e+00
7.320999999999999730e+00,-1.433362399119315844e+00
7.322000000000000064e+00,-1.434025472408027690e+00
7.323000000000000398e+00,-1.434262506824344197e+00
7.323999999999999844e+00,-1.434073274213308657e+00
7.325000000000000178e+00,-1.433457760377915058e+00
7.326000000000000512e+00,-1.432416165154300369e+00
7.326999999999999957e+00,-1.430948902365526187e+00
7.328000000000000291e+00,-1.429056599653827586e+00
7.328999999999999737e+00,-1.426740098191338735e+00
7.330000000000000071e+00,-1.424000452269528871e+00
7.331000000000000405e+00,-1.420838928767408582e+00
7.331999999999999851e+00,-1.417257006498806371e+00
7.333000000000000185e+00,-1.413256375439160273e+00
7.334000000000000519e+00,-1.408838935831952632e+00
7.334999999999999964e+00,-1.404006797175661791e+00
7.336000000000000298e+00,-1.398762277091316397e+00
7.336999999999999744e+00,-1.393107900071754779e+00
7.338000000000000078e+00,-1.387046396112832980e+00
7.339000000000000412e+00,-1.380580699227676789e+00
7.339999999999999858e+00,-1.373713945844628137e+00
7.341000000000000192e+00,-1.366449473089869970e+00
7.342000000000000526e+00,-1.358790816955624425e+00
7.342999999999999972e+00,-1.350741710355105818e+00
7.344000000000000306e+00,-1.342306081065095524e+00
7.344999999999999751e+00,-1.333488049557645549e+00
7.346000000000000085e+00,-1.324291926721768098e+00
7.347000000000000419e+00,-1.314722211476834657e+00
7.347999999999999865e+00,-1.304783588278645157e+00
7.349000000000000199e+00,-1.294480924519901821e+00
7.350000000000000533e+00,-1.283819267826540100e+00
7.350999999999999979e+00,-1.272803843251342881e+00
7.352000000000000313e+00,-1.261440050366518184e+00
7.352999999999999758e+00,-1.249733460257153927e+00
7.354000000000000092e+00,-1.237689812416846058e+00
7.355000000000000426e+00,-1.225315011547785771e+00
7.355999999999999872e+00,-1.212615124266838151e+00
7.357000000000000206e+00,-1.199596375719578889e+00
7.358000000000000540e+00,-1.186265146104527934e+00
7.358999999999999986e+00,-1.172627967109193481e+00
7.360000000000000320e+00,-1.158691518260257958e+00
7.360999999999999766e+00,-1.144462623190186212e+00
7.362000000000000099e+00,-1.129948245821926545e+00
7.363000000000000433e+00,-1.115155486474588287e+00
7.363999999999999879e+00,-1.100091577891875616e+00
7.365000000000000213e+00,-1.084763881195716539e+00
7.366000000000000547e+00,-1.069179881767752471e+00
7.366999999999999993e+00,-1.053347185060661273e+00
7.368000000000000327e+00,-1.037273512342017812e+00
7.368999999999999773e+00,-1.020966696373259097e+00
7.370000000000000107e+00,-1.004434677026083245e+00
7.371000000000000441e+00,-9.876854968389321421e-01
7.371999999999999886e+00,-9.707272965163614709e-01
7.373000000000000220e+00,-9.535683103734999833e-01
7.374000000000000554e+00,-9.362168617288171291e-01
7.375000000000000000e+00,-9.186813582474918638e-01
7.376000000000000334e+00,-9.009702872381930572e-01
7.376999999999999780e+00,-8.830922109063064074e-01
7.378000000000000114e+00,-8.650557615660544597e-01
7.379000000000000448e+00,-8.468696368144613684e-01
7.379999999999999893e+00,-8.285425946701419075e-01
7.381000000000000227e+00,-8.100834486794051825e-01
7.382000000000000561e+00,-7.915010629930799846e-01
7.383000000000000007e+00,-7.728043474163851512e-01
7.384000000000000341e+00,-7.540022524352218980e-01
7.384999999999999787e+00,-7.351037642215023649e-01
7.386000000000000121e+00,-7.161178996206498670e-01
7.387000000000000455e+00,-6.970537011241652037e-01
7.387999999999999901e+00,-6.779202318301017494e-01
7.389000000000000234e+00,-6.587265703944686912e-01
7.390000000000000568e+00,-6.394818059767983787e-01
7.391000000000000014e+00,-6.201950331823279372e-01
7.392000000000000348e+00,-6.008753470042279554e-01
7.392999999999999794e+00,-5.815318377686413687e-01
7.394000000000000128e+00,-5.621735860854563116e-01
7.395000000000000462e+00,-5.428096578080425783e-01
7.395999999999999908e+00,-5.234490990045647107e-01
7.397000000000000242e+00,-5.041009309439299368e-01
7.398000000000000576e+00,-4.847741450996967960e-01
7.399000000000000021e+00,-4.654776981741244879e-01
7.400000000000000355e+00,-4.462205071460056405e-01
7.400999999999999801e+00,-4.270114443448868591e-01
7.402000000000000135e+00,-4.078593325542723136e-01
7.403000000000000469e+00,-3.887729401473956070e-01
7.403999999999999915e+00,-3.697609762576635206e-01
7.405000000000000249e+00,-3.508320859869839548e-01
7.406000000000000583e+00,-3.319948456548597049e-01
7.407000000000000028e+00,-3.132577580907931480e-01
7.408000000000000362e+00,-2.946292479727248836e-01
7.408999999999999808e+00,-2.761176572146475938e-01
7.410000000000000142e+00,-2.577312404054319939e-01
7.411000000000000476e+00,-2.394781603022307359e-01
7.411999999999999922e+00,-2.213664833805176757e-01
7.413000000000000256e+00,-2.034041754435970406e-01
7.414000000000000590e+00,-1.855990972942134776e-01
7.415000000000000036e+00,-1.679590004707274820e-01
7.416000000000000369e+00,-1.504915230500409595e-01
7.416999999999999815e+00,-1.332041855203408842e-01
7.418000000000000149e+00,-1.161043867252936207e-01
7.419000000000000483e+00,-9.919939988278150822e-02
7.419999999999999929e+00,-8.249636867984438959e-02
7.421000000000000263e+00,-6.600230344656525527e-02
7.422000000000000597e+00,-4.972407741081097399e-02
7.423000000000000043e+00,-3.366842303618580723e-02
7.424000000000000377e+00,-1.784192844506073822e-02
7.424999999999999822e+00,-2.251033929127755143e-03
7.426000000000000156e+00,1.309797145103398265e-02
7.427000000000000490e+00,2.819895317484849909e-02
7.427999999999999936e+00,4.304593447780875881e-02
7.429000000000000270e+00,5.763309947229381530e-02
7.429999999999999716e+00,7.195479617181185783e-02
7.431000000000000050e+00,8.600553941673734493e-02
7.432000000000000384e+00,9.978001369981605306e-02
7.432999999999999829e+00,1.132730758900810097e-01
7.434000000000000163e+00,1.264797578534760381e-01
7.435000000000000497e+00,1.393952689686117075e-01
7.435999999999999943e+00,1.520149985365356893e-01
7.437000000000000277e+00,1.643345180829624552e-01
7.437999999999999723e+00,1.763495835516002974e-01
7.439000000000000057e+00,1.880561373877306930e-01
7.440000000000000391e+00,1.994503105104187268e-01
7.440999999999999837e+00,2.105284241726348704e-01
7.442000000000000171e+00,2.212869917081949356e-01
7.443000000000000504e+00,2.317227201643621559e-01
7.443999999999999950e+00,2.418325118195916446e-01
7.445000000000000284e+00,2.516134655853456414e-01
7.445999999999999730e+00,2.610628782912856605e-01
7.447000000000000064e+00,2.701782458533925624e-01
7.448000000000000398e+00,2.789572643240457173e-01
7.448999999999999844e+00,2.873978308239253376e-01
7.450000000000000178e+00,2.954980443550629388e-01
7.451000000000000512e+00,3.032562064946959790e-01
7.451999999999999957e+00,3.106708219696492912e-01
7.453000000000000291e+00,3.177405991110915373e-01
7.453999999999999737e+00,3.244644501893100830e-01
7.455000000000000071e+00,3.308414916286399055e-01
7.456000000000000405e+00,3.368710441023491931e-01
7.456999999999999851e+00,3.425526325076576617e-01
7.458000000000000185e+00,3.478859858210033296e-01
7.459000000000000519e+00,3.528710368336848147e-01
7.459999999999999964e+00,3.575079217682202715e-01
7.461000000000000298e+00,3.617969797758109340e-01
7.461999999999999744e+00,3.657387523151711117e-01
7.463000000000000078e+00,3.693339824134553862e-01
7.464000000000000412e+00,3.725836138095522942e-01
7.464999999999999858e+00,3.754887899806688134e-01
7.466000000000000192e+00,3.780508530526729416e-01
7.467000000000000526e+00,3.802713425951137483e-01
7.467999999999999972e+00,3.821519943016974397e-01
7.469000000000000306e+00,3.836947385571334856e-01
7.469999999999999751e+00,3.849016988913313009e-01
7.471000000000000085e+00,3.857751903220324463e-01
7.472000000000000419e+00,3.863177175868748314e-01
7.472999999999999865e+00,3.865319732662725882e-01
7.474000000000000199e+00,3.864208357981016029e-01
7.475000000000000533e+00,3.859873673857012188e-01
7.475999999999999979e+00,3.852348118004680355e-01
7.477000000000000313e+00,3.841665920804990808e-01
7.477999999999999758e+00,3.827863081267721124e-01
7.479000000000000092e+00,3.810977341984300160e-01
7.480000000000000426e+00,3.791048163087833989e-01
7.480999999999999872e+00,3.768116695237051506e-01
7.482000000000000206e+00,3.742225751641392040e-01
7.483000000000000540e+00,3.713419779145434862e-01
7.483999999999999986e+00,3.681744828390960400e-01
7.485000000000000320e+00,3.647248523075204973e-01
7.485999999999999766e+00,3.609980028325741053e-01
7.487000000000000099e+00,3.569990018211807725e-01
7.488000000000000433e+00,3.527330642411160011e-01
7.488999999999999879e+00,3.482055492056553847e-01
7.490000000000000213e+00,3.434219564779719125e-01
7.491000000000000547e+00,3.383879228978343701e-01
7.491999999999999993e+00,3.331092187325741527e-01
7.493000000000000327e+00,3.275917439547368359e-01
7.493999999999999773e+00,3.218415244488350146e-01
7.495000000000000107e+00,3.158647081493116127e-01
7.496000000000000441e+00,3.096675611124577454e-01
7.496999999999999886e+00,3.032564635244677231e-01
7.498000000000000220e+00,2.966379056482067456e-01
7.499000000000000554e+00,2.898184837113566559e-01
7.500000000000000000e+00,2.828048957381807949e-01
7.501000000000000334e+00,2.756039373278305615e-01
7.501999999999999780e+00,2.682224973815982016e-01
7.503000000000000114e+00,2.606675537818137212e-01
7.504000000000000448e+00,2.529461690250922046e-01
7.504999999999999893e+00,2.450654858126097013e-01
7.506000000000000227e+00,2.370327226000709386e-01
7.507000000000000561e+00,2.288551691102659047e-01
7.508000000000000007e+00,2.205401818107847189e-01
7.509000000000000341e+00,2.120951793597937729e-01
7.509999999999999787e+00,2.035276380226755943e-01
7.511000000000000121e+00,1.948450870622887299e-01
7.512000000000000455e+00,1.860551041056890120e-01
7.512999999999999901e+00,1.771653104902005671e-01
7.514000000000000234e+00,1.681833665915844767e-01
7.515000000000000568e+00,1.591169671372688332e-01
7.516000000000000014e+00,1.499738365074536339e-01
7.517000000000000348e+00,1.407617240269470604e-01
7.517999999999999794e+00,1.314883992505662402e-01
7.519000000000000128e+00,1.221616472450839513e-01
7.520000000000000462e+00,1.127892638705111084e-01
7.520999999999999908e+00,1.033790510635701487e-01
7.522000000000000242e+00,9.393881212619444032e-02
7.523000000000000576e+00,8.447634702210353452e-02
7.524000000000000021e+00,7.499944768399920136e-02
7.525000000000000355e+00,6.551589333441636132e-02
7.525999999999999801e+00,5.603344582312768524e-02
7.527000000000000135e+00,4.655984498358196888e-02
7.528000000000000469e+00,3.710280401162446839e-02
7.528999999999999915e+00,2.767000486885061103e-02
7.530000000000000249e+00,1.826909371367236787e-02
7.531000000000000583e+00,8.907676362668865214e-03
7.532000000000000028e+00,-4.066862149944432711e-04
7.533000000000000362e+00,-9.666482367449828056e-03
7.533999999999999808e+00,-1.886425419143906643e-02
7.535000000000000142e+00,-2.799260192281169055e-02
7.536000000000000476e+00,-3.704418828305756223e-02
7.536999999999999922e+00,-4.601174277977336524e-02
7.538000000000000256e+00,-5.488806595827788043e-02
7.539000000000000590e+00,-6.366603360177433557e-02
7.540000000000000036e+00,-7.233860087774772463e-02
7.541000000000000369e+00,-8.089880642817495748e-02
7.541999999999999815e+00,-8.933977640081232352e-02
7.543000000000000149e+00,-9.765472841966714446e-02
7.544000000000000483e+00,-1.058369754918652150e-01
7.544999999999999929e+00,-1.138799298488889916e-01
7.546000000000000263e+00,-1.217771067199633905e-01
7.547000000000000597e+00,-1.295221280351364912e-01
7.548000000000000043e+00,-1.371087260561349719e-01
7.549000000000000377e+00,-1.445307469328449002e-01
7.549999999999999822e+00,-1.517821541831866072e-01
7.551000000000000156e+00,-1.588570320946955938e-01
7.552000000000000490e+00,-1.657495890454066811e-01
7.552999999999999936e+00,-1.724541607426462453e-01
7.554000000000000270e+00,-1.789652133773416975e-01
7.554999999999999716e+00,-1.852773466925837220e-01
7.556000000000000050e+00,-1.913852969642207968e-01
7.557000000000000384e+00,-1.972839398920746279e-01
7.557999999999999829e+00,-2.029682934001607320e-01
7.559000000000000163e+00,-2.084335203441169126e-01
7.560000000000000497e+00,-2.136749311245774441e-01
7.560999999999999943e+00,-2.186879862049067591e-01
7.562000000000000277e+00,-2.234682985318312831e-01
7.562999999999999723e+00,-2.280116358579545865e-01
7.564000000000000057e+00,-2.323139229644255455e-01
7.565000000000000391e+00,-2.363712437829586788e-01
7.565999999999999837e+00,-2.401798434158508022e-01
7.567000000000000171e+00,-2.437361300530190011e-01
7.568000000000000504e+00,-2.470366767849752343e-01
7.568999999999999950e+00,-2.500782233108653219e-01
7.570000000000000284e+00,-2.528576775406597976e-01
7.570999999999999730e+00,-2.553721170906401161e-01
7.572000000000000064e+00,-2.576187906716039810e-01
7.573000000000000398e+00,-2.595951193689238212e-01
7.573999999999999844e+00,-2.612986978139233418e-01
7.575000000000000178e+00,-2.627272952461479072e-01
7.576000000000000512e+00,-2.638788564658636204e-01
7.576999999999999957e+00,-2.647515026764896140e-01
7.578000000000000291e+00,-2.653435322167401189e-01
7.578999999999999737e+00,-2.656534211819419622e-01
7.580000000000000071e+00,-2.656798239346805368e-01
7.581000000000000405e+00,-2.654215735043064517e-01
7.581999999999999851e+00,-2.648776818755483320e-01
7.583000000000000185e+00,-2.640473401660741182e-01
7.584000000000000519e+00,-2.629299186931532417e-01
7.584999999999999964e+00,-2.615249669294942292e-01
7.586000000000000298e+00,-2.598322133486878349e-01
7.586999999999999744e+00,-2.578515651602515391e-01
7.588000000000000078e+00,-2.555831079349861756e-01
7.589000000000000412e+00,-2.530271051206796629e-01
7.589999999999999858e+00,-2.501839974491102958e-01
7.591000000000000192e+00,-2.470544022344249024e-01
7.592000000000000526e+00,-2.436391125640426092e-01
7.592999999999999972e+00,-2.399390963823112288e-01
7.594000000000000306e+00,-2.359554954680019023e-01
7.594999999999999751e+00,-2.316896243063619187e-01
7.596000000000000085e+00,-2.271429688566458105e-01
7.597000000000000419e+00,-2.223171852160099604e-01
7.597999999999999865e+00,-2.172140981810264104e-01
7.599000000000000199e+00,-2.118356997074557768e-01
7.600000000000000533e+00,-2.061841472701065325e-01
7.600999999999999979e+00,-2.002617621232610223e-01
7.602000000000000313e+00,-1.940710274635250310e-01
7.602999999999999758e+00,-1.876145864960778176e-01
7.604000000000000092e+00,-1.808952404058959962e-01
7.605000000000000426e+00,-1.739159462353399854e-01
7.605999999999999872e+00,-1.666798146696812644e-01
7.607000000000000206e+00,-1.591901077318873536e-01
7.608000000000000540e+00,-1.514502363887376690e-01
7.608999999999999986e+00,-1.434637580694670400e-01
7.610000000000000320e+00,-1.352343740989632448e-01
7.610999999999999766e+00,-1.267659270472601130e-01
7.612000000000000099e+00,-1.180623979969525617e-01
7.613000000000000433e+00,-1.091279037307512217e-01
7.613999999999999879e+00,-9.996669384078474274e-02
7.615000000000000213e+00,-9.058314776176554228e-02
7.616000000000000547e+00,-8.098177173010202845e-02
7.616999999999999993e+00,-7.116719567083611142e-02
7.618000000000000327e+00,-6.114417001472707835e-02
7.618999999999999773e+00,-5.091756244744663484e-02
7.620000000000000107e+00,-4.049235459313807461e-02
7.621000000000000441e+00,-2.987363863465123531e-02
7.621999999999999886e+00,-1.906661387252672410e-02
7.623000000000000220e+00,-8.076583225194437776e-03
7.624000000000000554e+00,3.091050327313475937e-03
7.625000000000000000e+00,1.443078735385444275e-02
7.626000000000000334e+00,2.593703563441188825e-02
7.626999999999999780e+00,3.760411387160060570e-02
7.628000000000000114e+00,4.942625544914850538e-02
7.629000000000000448e+00,6.139761223462554540e-02
7.629999999999999893e+00,7.351225842427995538e-02
7.631000000000000227e+00,8.576419442695357165e-02
7.632000000000000561e+00,9.814735078511679922e-02
7.633000000000000007e+00,1.106555921298716799e-01
7.634000000000000341e+00,1.232827211678318574e-01
7.634999999999999787e+00,1.360224826968691181e-01
7.636000000000000121e+00,1.488685676485122233e-01
7.637000000000000455e+00,1.618146171538925593e-01
7.637999999999999901e+00,1.748542266310664783e-01
7.639000000000000234e+00,1.879809498907643872e-01
7.640000000000000568e+00,2.011883032579464547e-01
7.641000000000000014e+00,2.144697697065555964e-01
7.642000000000000348e+00,2.278188030049212720e-01
7.642999999999999794e+00,2.412288318686964250e-01
7.644000000000000128e+00,2.546932641192748425e-01
7.645000000000000462e+00,2.682054908444324592e-01
7.645999999999999908e+00,2.817588905589435977e-01
7.647000000000000242e+00,2.953468333622725761e-01
7.648000000000000576e+00,3.089626850906608269e-01
7.649000000000000021e+00,3.225998114611539624e-01
7.650000000000000355e+00,3.362515822048031122e-01
7.650999999999999801e+00,3.499113751861768762e-01
7.652000000000000135e+00,3.635725805071184924e-01
7.653000000000000469e+00,3.772286045914569064e-01
7.653999999999999915e+00,3.908728742486514141e-01
7.655000000000000249e+00,4.044988407135103881e-01
7.656000000000000583e+00,4.180999836593286556e-01
7.657000000000000028e+00,4.316698151822281893e-01
7.658000000000000362e+00,4.452018837539529206e-01
7.658999999999999808e+00,4.586897781405652741e-01
7.660000000000000142e+00,4.721271312848827062e-01
7.661000000000000476e+00,4.855076241498414991e-01
7.661999999999999922e+00,4.988249895206292583e-01
7.663000000000000256e+00,5.120730157631944168e-01
7.664000000000000590e+00,5.252455505365689614e-01
7.665000000000000036e+00,5.383365044569581315e-01
7.666000000000000369e+00,5.513398547111797443e-01
7.666999999999999815e+00,5.642496486171113546e-01
7.668000000000000149e+00,5.770600071292130151e-01
7.669000000000000483e+00,5.897651282866048783e-01
7.669999999999999929e+00,6.023592906018685467e-01
7.671000000000000263e+00,6.148368563883560567e-01
7.672000000000000597e+00,6.271922750238627664e-01
7.673000000000000043e+00,6.394200861488980037e-01
7.674000000000000377e+00,6.515149227973321411e-01
7.674999999999999822e+00,6.634715144577466583e-01
7.676000000000000156e+00,6.752846900634537075e-01
7.677000000000000490e+00,6.869493809094002756e-01
7.677999999999999936e+00,6.984606234942865033e-01
7.679000000000000270e+00,7.098135622861184713e-01
7.679999999999999716e+00,7.210034524094434127e-01
7.681000000000000050e+00,7.320256622528557022e-01
7.682000000000000384e+00,7.428756759950364552e-01
7.682999999999999829e+00,7.535490960479164224e-01
7.684000000000000163e+00,7.640416454155635195e-01
7.685000000000000497e+00,7.743491699672200301e-01
7.685999999999999943e+00,7.844676406234059041e-01
7.687000000000000277e+00,7.943931554536525219e-01
7.687999999999999723e+00,8.041219416846676626e-01
7.689000000000000057e+00,8.136503576178756303e-01
7.690000000000000391e+00,8.229748944551203982e-01
7.690999999999999837e+00,8.320921780315588823e-01
7.692000000000000171e+00,8.409989704548794798e-01
7.693000000000000504e+00,8.496921716496615984e-01
7.693999999999999950e+00,8.581688208063608103e-01
7.695000000000000284e+00,8.664260977339526271e-01
7.695999999999999730e+00,8.744613241154578498e-01
7.697000000000000064e+00,8.822719646659874515e-01
7.698000000000000398e+00,8.898556281923387656e-01
7.698999999999999844e+00,8.972100685539298182e-01
7.700000000000000178e+00,9.043331855245305695e-01
7.701000000000000512e+00,9.112230255542256296e-01
7.701999999999999957e+00,9.178777824316166623e-01
7.703000000000000291e+00,9.242957978457091439e-01
7.703999999999999737e+00,9.304755618474019885e-01
7.705000000000000071e+00,9.364157132105683790e-01
7.706000000000000405e+00,9.421150396924140580e-01
7.706999999999999851e+00,9.475724781933818619e-01
7.708000000000000185e+00,9.527871148165264481e-01
7.709000000000000519e+00,9.577581848265195319e-01
7.709999999999999964e+00,9.624850725084803660e-01
7.711000000000000298e+00,9.669673109270189304e-01
7.711999999999999744e+00,9.712045815856173991e-01
7.713000000000000078e+00,9.751967139869853751e-01
7.714000000000000412e+00,9.789436850946396929e-01
7.714999999999999858e+00,9.824456186964053428e-01
7.716000000000000192e+00,9.857027846703643181e-01
7.717000000000000526e+00,9.887155981539025307e-01
7.717999999999999972e+00,9.914846186165467978e-01
7.719000000000000306e+00,9.940105488375333698e-01
7.719999999999999751e+00,9.962942337887157329e-01
7.721000000000000085e+00,9.983366594239618808e-01
7.722000000000000419e+00,1.000138951375785901e+00
7.722999999999999865e+00,1.001702373560493298e+00
7.724000000000000199e+00,1.003028326692601668e+00
7.725000000000000533e+00,1.004118346710109799e+00
7.725999999999999979e+00,1.004974103111364592e+00
7.727000000000000313e+00,1.005597397205173049e+00
7.727999999999999758e+00,1.005990160275223699e+00
7.729000000000000092e+00,1.006154451660354443e+00
7.730000000000000426e+00,1.006092456751959130e+00
7.730999999999999872e+00,1.005806484910201082e+00
7.732000000000000206e+00,1.005298967300279012e+00
7.733000000000000540e+00,1.004572454650725533e+00
7.733999999999999986e+00,1.003629614934978154e+00
7.735000000000000320e+00,1.002473230978210950e+00
7.735999999999999766e+00,1.001106197990975888e+00
7.737000000000000099e+00,9.995315210315544041e-01
7.738000000000000433e+00,9.977523123987463993e-01
7.738999999999999879e+00,9.957717889571071623e-01
7.740000000000000213e+00,9.935932693963416273e-01
7.741000000000000547e+00,9.912201714270356678e-01
7.741999999999999993e+00,9.886560089145881580e-01
7.743000000000000327e+00,9.859043889534138128e-01
7.743999999999999773e+00,9.829690088834992512e-01
7.745000000000000107e+00,9.798536532514188213e-01
7.746000000000000441e+00,9.765621907180206396e-01
7.746999999999999886e+00,9.730985709147497165e-01
7.748000000000000220e+00,9.694668212511817762e-01
7.749000000000000554e+00,9.656710436756831273e-01
7.750000000000000000e+00,9.617154113916254188e-01
7.751000000000000334e+00,9.576041655314494472e-01
7.751999999999999780e+00,9.533416117908822818e-01
7.753000000000000114e+00,9.489321170256441729e-01
7.754000000000000448e+00,9.443801058131473525e-01
7.754999999999999893e+00,9.396900569813140258e-01
7.756000000000000227e+00,9.348665001072699043e-01
7.757000000000000561e+00,9.299140119881071920e-01
7.758000000000000007e+00,9.248372130862587692e-01
7.759000000000000341e+00,9.196407639519520449e-01
7.759999999999999787e+00,9.143293616252708977e-01
7.761000000000000121e+00,9.089077360201049949e-01
7.762000000000000455e+00,9.033806462928937187e-01
7.762999999999999901e+00,8.977528771982601352e-01
7.764000000000000234e+00,8.920292354343155594e-01
7.765000000000000568e+00,8.862145459800671032e-01
7.766000000000000014e+00,8.803136484274953766e-01
7.767000000000000348e+00,8.743313933107779157e-01
7.767999999999999794e+00,8.682726384353350868e-01
7.769000000000000128e+00,8.621422452089092525e-01
7.770000000000000462e+00,8.559450749777354206e-01
7.770999999999999908e+00,8.496859853697165121e-01
7.772000000000000242e+00,8.433698266476110650e-01
7.773000000000000576e+00,8.370014380744724702e-01
7.774000000000000021e+00,8.305856442939928419e-01
7.775000000000000355e+00,8.241272517280113785e-01
7.775999999999999801e+00,8.176310449940331626e-01
7.777000000000000135e+00,8.111017833448980197e-01
7.778000000000000469e+00,8.045441971330761222e-01
7.778999999999999915e+00,7.979629843022963964e-01
7.780000000000000249e+00,7.913628069085352212e-01
7.781000000000000583e+00,7.847482876730333956e-01
7.782000000000000028e+00,7.781240065696554131e-01
7.783000000000000362e+00,7.714944974486571683e-01
7.783999999999999808e+00,7.648642446997774291e-01
7.785000000000000142e+00,7.582376799562052794e-01
7.786000000000000476e+00,7.516191788422942333e-01
7.786999999999999922e+00,7.450130577669326071e-01
7.788000000000000256e+00,7.384235707647868185e-01
7.789000000000000590e+00,7.318549063877758387e-01
7.790000000000000036e+00,7.253111846486445247e-01
7.791000000000000369e+00,7.187964540189200058e-01
7.791999999999999815e+00,7.123146884832889381e-01
7.793000000000000149e+00,7.058697846522580255e-01
7.794000000000000483e+00,6.994655589353530045e-01
7.794999999999999929e+00,6.931057447764947810e-01
7.796000000000000263e+00,6.867939899536620318e-01
7.797000000000000597e+00,6.805338539446390556e-01
7.798000000000000043e+00,6.743288053605929200e-01
7.799000000000000377e+00,6.681822194492882394e-01
7.799999999999999822e+00,6.620973756696850732e-01
7.801000000000000156e+00,6.560774553395366526e-01
7.802000000000000490e+00,6.501255393576080843e-01
7.802999999999999936e+00,6.442446060021119747e-01
7.804000000000000270e+00,6.384375288068340204e-01
7.805000000000000604e+00,6.327070745164451449e-01
7.806000000000000050e+00,6.270559011223890700e-01
7.807000000000000384e+00,6.214865559806903583e-01
7.807999999999999829e+00,6.160014740130198563e-01
7.809000000000000163e+00,6.106029759922070310e-01
7.810000000000000497e+00,6.052932669134050148e-01
7.810999999999999943e+00,6.000744344520847484e-01
7.812000000000000277e+00,5.949484475097810421e-01
7.812999999999999723e+00,5.899171548488431061e-01
7.814000000000000057e+00,5.849822838168311501e-01
7.815000000000000391e+00,5.801454391617386630e-01
7.815999999999999837e+00,5.754081019386556584e-01
7.817000000000000171e+00,5.707716285087689467e-01
7.818000000000000504e+00,5.662372496313174963e-01
7.818999999999999950e+00,5.618060696492017669e-01
7.820000000000000284e+00,5.574790657687727080e-01
7.820999999999999730e+00,5.532570874343800682e-01
7.822000000000000064e+00,5.491408557980541616e-01
7.823000000000000398e+00,5.451309632847571862e-01
7.823999999999999844e+00,5.412278732535021897e-01
7.825000000000000178e+00,5.374319197546247873e-01
7.826000000000000512e+00,5.337433073833310893e-01
7.826999999999999957e+00,5.301621112297829619e-01
7.828000000000000291e+00,5.266882769255435415e-01
7.828999999999999737e+00,5.233216207866946412e-01
7.830000000000000071e+00,5.200618300532809934e-01
7.831000000000000405e+00,5.169084632250755540e-01
7.831999999999999851e+00,5.138609504934997796e-01
7.833000000000000185e+00,5.109185942692614502e-01
7.834000000000000519e+00,5.080805698056779507e-01
7.834999999999999964e+00,5.053459259169231776e-01
7.836000000000000298e+00,5.027135857910502992e-01
7.836999999999999744e+00,5.001823478971497705e-01
7.838000000000000078e+00,4.977508869859418872e-01
7.839000000000000412e+00,4.954177551834346716e-01
7.839999999999999858e+00,4.931813831766032608e-01
7.841000000000000192e+00,4.910400814905818700e-01
7.842000000000000526e+00,4.889920418564128179e-01
7.842999999999999972e+00,4.870353386684264096e-01
7.844000000000000306e+00,4.851679305303919776e-01
7.844999999999999751e+00,4.833876618893183652e-01
7.846000000000000085e+00,4.816922647558912751e-01
7.847000000000000419e+00,4.800793605104064499e-01
7.847999999999999865e+00,4.785464617929670039e-01
7.849000000000000199e+00,4.770909744766571592e-01
7.850000000000000533e+00,4.757101997225510748e-01
7.850999999999999979e+00,4.744013361149450048e-01
7.852000000000000313e+00,4.731614818756195717e-01
7.852999999999999758e+00,4.719876371554834193e-01
7.854000000000000092e+00,4.708767064021843196e-01
7.855000000000000426e+00,4.698255008020528756e-01
7.855999999999999872e+00,4.688307407947272520e-01
7.857000000000000206e+00,4.678890586589041778e-01
7.858000000000000540e+00,4.669970011672504584e-01
7.858999999999999986e+00,4.661510323089536612e-01
7.860000000000000320e+00,4.653475360779311676e-01
7.860999999999999766e+00,4.645828193248273119e-01
7.862000000000000099e+00,4.638531146709866104e-01
7.863000000000000433e+00,4.631545834823687091e-01
7.863999999999999879e+00,4.624833189013147772e-01
7.865000000000000213e+00,4.618353489344097507e-01
7.866000000000000547e+00,4.612066395940127017e-01
7.866999999999999993e+00,4.605930980916049244e-01
7.868000000000000327e+00,4.599905760806557442e-01
7.868999999999999773e+00,4.593948729468728676e-01
7.870000000000000107e+00,4.588017391436208237e-01
7.871000000000000441e+00,4.582068795701992880e-01
7.871999999999999886e+00,4.576059569907879876e-01
7.873000000000000220e+00,4.569945954916257436e-01
7.874000000000000554e+00,4.563683839742131987e-01
7.875000000000000000e+00,4.557228796820656513e-01
7.876000000000000334e+00,4.550536117586119200e-01
7.876999999999999780e+00,4.543560848340641445e-01
7.878000000000000114e+00,4.536257826382625868e-01
7.879000000000000448e+00,4.528581716378513589e-01
7.879999999999999893e+00,4.520487046945246834e-01
7.881000000000000227e+00,4.511928247423019900e-01
7.882000000000000561e+00,4.502859684812540730e-01
7.883000000000000007e+00,4.493235700850340408e-01
7.884000000000000341e+00,4.483010649197871622e-01
7.884999999999999787e+00,4.472138932719192939e-01
7.886000000000000121e+00,4.460575040820249915e-01
7.887000000000000455e+00,4.448273586825867709e-01
7.887999999999999901e+00,4.435189345368036329e-01
7.889000000000000234e+00,4.421277289759225071e-01
7.890000000000000568e+00,4.406492629326476118e-01
7.891000000000000014e+00,4.390790846679695769e-01
7.892000000000000348e+00,4.374127734886866792e-01
7.892999999999999794e+00,4.356459434535113751e-01
7.894000000000000128e+00,4.337742470646948623e-01
7.895000000000000462e+00,4.317933789428378133e-01
7.895999999999999908e+00,4.296990794824652737e-01
7.897000000000000242e+00,4.274871384855923329e-01
7.898000000000000576e+00,4.251533987709052442e-01
7.899000000000000021e+00,4.226937597559909388e-01
7.900000000000000355e+00,4.201041810101778795e-01
7.900999999999999801e+00,4.173806857753663002e-01
7.902000000000000135e+00,4.145193644526928289e-01
7.903000000000000469e+00,4.115163780521021164e-01
7.903999999999999915e+00,4.083679616029455284e-01
7.905000000000000249e+00,4.050704275227963169e-01
7.906000000000000583e+00,4.016201689423734011e-01
7.907000000000000028e+00,3.980136629839520768e-01
7.908000000000000362e+00,3.942474739913664483e-01
7.908999999999999808e+00,3.903182567087812305e-01
7.910000000000000142e+00,3.862227594064824854e-01
7.911000000000000476e+00,3.819578269510928159e-01
7.911999999999999922e+00,3.775204038182248256e-01
7.913000000000000256e+00,3.729075370452906713e-01
7.914000000000000590e+00,3.681163791224907333e-01
7.915000000000000036e+00,3.631441908197099444e-01
7.916000000000000369e+00,3.579883439474537687e-01
7.916999999999999815e+00,3.526463240497632046e-01
7.918000000000000149e+00,3.471157330270379648e-01
7.919000000000000483e+00,3.413942916870543187e-01
7.919999999999999929e+00,3.354798422221976217e-01
7.921000000000000263e+00,3.293703506108818790e-01
7.922000000000000597e+00,3.230639089419554133e-01
7.923000000000000043e+00,3.165587376596167846e-01
7.924000000000000377e+00,3.098531877277256319e-01
7.924999999999999822e+00,3.029457427117037693e-01
7.926000000000000156e+00,2.958350207762594497e-01
7.927000000000000490e+00,2.885197765977864925e-01
7.927999999999999936e+00,2.809989031896033551e-01
7.929000000000000270e+00,2.732714336387962462e-01
7.930000000000000604e+00,2.653365427533386223e-01
7.931000000000000050e+00,2.571935486181036179e-01
7.932000000000000384e+00,2.488419140584494926e-01
7.932999999999999829e+00,2.402812480104521420e-01
7.934000000000000163e+00,2.315113067962699112e-01
7.935000000000000497e+00,2.225319953040447996e-01
7.935999999999999943e+00,2.133433680708637648e-01
7.937000000000000277e+00,2.039456302681224853e-01
7.937999999999999723e+00,1.943391385883627420e-01
7.939000000000000057e+00,1.845244020327247991e-01
7.940000000000000391e+00,1.745020825982337986e-01
7.940999999999999837e+00,1.642729958643106281e-01
7.942000000000000171e+00,1.538381114777576664e-01
7.943000000000000504e+00,1.431985535358579198e-01
7.943999999999999950e+00,1.323556008667806372e-01
7.945000000000000284e+00,1.213106872072640258e-01
7.945999999999999730e+00,1.100654012767660478e-01
7.947000000000000064e+00,9.862148674817362848e-02
7.948000000000000398e+00,8.698084211462078774e-02
7.948999999999999844e+00,7.514552045230553368e-02
7.950000000000000178e+00,6.311772907913519581e-02
7.951000000000000512e+00,5.089982910941359684e-02
7.951999999999999957e+00,3.849433490424351845e-02
7.953000000000000291e+00,2.590391341809462553e-02
7.953999999999999737e+00,1.313138344145873410e-02
7.955000000000000071e+00,1.797147399622298167e-04
7.956000000000000405e+00,-1.294797290974549972e-02
7.956999999999999851e+00,-2.624841078704610864e-02
7.958000000000000185e+00,-3.971818239691471408e-02
7.959000000000000519e+00,-5.335372474123169229e-02
7.959999999999999964e+00,-6.715132969169512744e-02
7.961000000000000298e+00,-8.110714546330845265e-02
7.961999999999999744e+00,-9.521717818788311138e-02
7.963000000000000078e+00,-1.094772935869218478e-01
7.964000000000000412e+00,-1.238832187427155868e-01
7.964999999999999858e+00,-1.384305439670926730e-01
7.966000000000000192e+00,-1.531147247667038469e-01
7.967000000000000526e+00,-1.679310839036579073e-01
7.967999999999999972e+00,-1.828748135507362038e-01
7.969000000000000306e+00,-1.979409775398439375e-01
7.969999999999999751e+00,-2.131245137023281833e-01
7.971000000000000085e+00,-2.284202363003391967e-01
7.972000000000000419e+00,-2.438228385473223681e-01
7.972999999999999865e+00,-2.593268952166897234e-01
7.974000000000000199e+00,-2.749268653371083615e-01
7.975000000000000533e+00,-2.906170949726384345e-01
7.975999999999999979e+00,-3.063918200864834129e-01
7.977000000000000313e+00,-3.222451694866386163e-01
7.977999999999999758e+00,-3.381711678514646158e-01
7.979000000000000092e+00,-3.541637388340315717e-01
7.980000000000000426e+00,-3.702167082427371692e-01
7.980999999999999872e+00,-3.863238072969905068e-01
7.982000000000000206e+00,-4.024786759556698290e-01
7.983000000000000540e+00,-4.186748663165338891e-01
7.983999999999999986e+00,-4.349058460846316754e-01
7.985000000000000320e+00,-4.511650021076928918e-01
7.985999999999999766e+00,-4.674456439761861537e-01
7.987000000000000099e+00,-4.837410076863381536e-01
7.988000000000000433e+00,-5.000442593634466526e-01
7.988999999999999879e+00,-5.163484990437076094e-01
7.990000000000000213e+00,-5.326467645120422922e-01
7.991000000000000547e+00,-5.489320351936833875e-01
7.991999999999999993e+00,-5.651972360972479237e-01
7.993000000000000327e+00,-5.814352418068778894e-01
7.993999999999999773e+00,-5.976388805210290922e-01
7.995000000000000107e+00,-6.138009381355683525e-01
7.996000000000000441e+00,-6.299141623685161617e-01
7.996999999999999886e+00,-6.459712669241735039e-01
7.998000000000000220e+00,-6.619649356939992790e-01
7.999000000000000554e+00,-6.778878269915039612e-01
8.000000000000000000e+00,-6.937325778189350478e-01
8.000999999999999446e+00,-7.094918081629043582e-01
8.002000000000000668e+00,-7.251581253163507101e-01
8.003000000000000114e+00,-7.407241282241300295e-01
8.003999999999999559e+00,-7.561824118499352876e-01
8.005000000000000782e+00,-7.715255715613306142e-01
8.006000000000000227e+00,-7.867462075304451075e-01
8.006999999999999673e+00,-8.018369291478093519e-01
8.008000000000000895e+00,-8.167903594462564421e-01
8.009000000000000341e+00,-8.315991395322576141e-01
8.009999999999999787e+00,-8.462559330221681719e-01
8.011000000000001009e+00,-8.607534304803040603e-01
8.012000000000000455e+00,-8.750843538561535739e-01
8.012999999999999901e+00,-8.892414609183186824e-01
8.013999999999999346e+00,-9.032175496818325433e-01
8.015000000000000568e+00,-9.170054628265718044e-01
8.016000000000000014e+00,-9.305980921036092202e-01
8.016999999999999460e+00,-9.439883827272577133e-01
8.018000000000000682e+00,-9.571693377494528976e-01
8.019000000000000128e+00,-9.701340224140093671e-01
8.019999999999999574e+00,-9.828755684882415355e-01
8.021000000000000796e+00,-9.953871785687046225e-01
8.022000000000000242e+00,-1.007662130358665253e+00
8.022999999999999687e+00,-1.019693780914626924e+00
8.024000000000000909e+00,-1.031475570859022417e+00
8.025000000000000355e+00,-1.043001028556372445e+00
8.025999999999999801e+00,-1.054263774250678409e+00
8.027000000000001023e+00,-1.065257524160795999e+00
8.028000000000000469e+00,-1.075976094531515770e+00
8.028999999999999915e+00,-1.086413405637920437e+00
8.029999999999999361e+00,-1.096563485739995958e+00
8.031000000000000583e+00,-1.106420474985357005e+00
8.032000000000000028e+00,-1.115978629257265098e+00
8.032999999999999474e+00,-1.125232323965857706e+00
8.034000000000000696e+00,-1.134176057779644031e+00
8.035000000000000142e+00,-1.142804456295200222e+00
8.035999999999999588e+00,-1.151112275642579785e+00
8.037000000000000810e+00,-1.159094406024101742e+00
8.038000000000000256e+00,-1.166745875184120429e+00
8.038999999999999702e+00,-1.174061851807663981e+00
8.040000000000000924e+00,-1.181037648845584931e+00
8.041000000000000369e+00,-1.187668726764029126e+00
8.041999999999999815e+00,-1.193950696716283399e+00
8.043000000000001037e+00,-1.199879323634591488e+00
8.044000000000000483e+00,-1.205450529240087665e+00
8.044999999999999929e+00,-1.210660394968869680e+00
8.045999999999999375e+00,-1.215505164812096028e+00
8.047000000000000597e+00,-1.219981248068352953e+00
8.048000000000000043e+00,-1.224085222006295437e+00
8.048999999999999488e+00,-1.227813834435966811e+00
8.050000000000000711e+00,-1.231164006186844073e+00
8.051000000000000156e+00,-1.234132833490942494e+00
8.051999999999999602e+00,-1.236717590269537093e+00
8.053000000000000824e+00,-1.238915730321638264e+00
8.054000000000000270e+00,-1.240724889412958332e+00
8.054999999999999716e+00,-1.242142887263729012e+00
8.056000000000000938e+00,-1.243167729434026647e+00
8.057000000000000384e+00,-1.243797609105282698e+00
8.057999999999999829e+00,-1.244030908756715625e+00
8.059000000000001052e+00,-1.243866201735390309e+00
8.060000000000000497e+00,-1.243302253718800543e+00
8.060999999999999943e+00,-1.242338024068980307e+00
8.061999999999999389e+00,-1.240972667076859270e+00
8.063000000000000611e+00,-1.239205533096229273e+00
8.064000000000000057e+00,-1.237036169566202215e+00
8.064999999999999503e+00,-1.234464321921408647e+00
8.066000000000000725e+00,-1.231489934389193186e+00
8.067000000000000171e+00,-1.228113150673167064e+00
8.067999999999999616e+00,-1.224334314522284695e+00
8.069000000000000838e+00,-1.220153970185205772e+00
8.070000000000000284e+00,-1.215572862749253691e+00
8.070999999999999730e+00,-1.210591938363566822e+00
8.072000000000000952e+00,-1.205212344346225706e+00
8.073000000000000398e+00,-1.199435429174962486e+00
8.073999999999999844e+00,-1.193262742361286710e+00
8.074999999999999289e+00,-1.186696034207953110e+00
8.076000000000000512e+00,-1.179737255449663902e+00
8.076999999999999957e+00,-1.172388556777027580e+00
8.077999999999999403e+00,-1.164652288243875233e+00
8.079000000000000625e+00,-1.156530998557995238e+00
8.080000000000000071e+00,-1.148027434255782131e+00
8.080999999999999517e+00,-1.139144538760704206e+00
8.082000000000000739e+00,-1.129885451326289258e+00
8.083000000000000185e+00,-1.120253505864030164e+00
8.083999999999999631e+00,-1.110252229656383927e+00
8.085000000000000853e+00,-1.099885341955958218e+00
8.086000000000000298e+00,-1.089156752471205358e+00
8.086999999999999744e+00,-1.078070559739343848e+00
8.088000000000000966e+00,-1.066631049387450236e+00
8.089000000000000412e+00,-1.054842692282625505e+00
8.089999999999999858e+00,-1.042710142571718013e+00
8.090999999999999304e+00,-1.030238235612285447e+00
8.092000000000000526e+00,-1.017431985795270499e+00
8.092999999999999972e+00,-1.004296584260951697e+00
8.093999999999999417e+00,-9.908373965088852486e-01
8.095000000000000639e+00,-9.770599599036764449e-01
8.096000000000000085e+00,-9.629699810774591251e-01
8.096999999999999531e+00,-9.485733332305730237e-01
8.098000000000000753e+00,-9.338760533320831225e-01
8.099000000000000199e+00,-9.188843392215410022e-01
8.099999999999999645e+00,-9.036045466132694992e-01
8.101000000000000867e+00,-8.880431860054381898e-01
8.102000000000000313e+00,-8.722069194951086457e-01
8.102999999999999758e+00,-8.561025575010355881e-01
8.104000000000000981e+00,-8.397370553964108586e-01
8.105000000000000426e+00,-8.231175100531220590e-01
8.105999999999999872e+00,-8.062511562993560643e-01
8.106999999999999318e+00,-7.891453632927978301e-01
8.108000000000000540e+00,-7.718076308113502870e-01
8.108999999999999986e+00,-7.542455854634878554e-01
8.109999999999999432e+00,-7.364669768200999833e-01
8.111000000000000654e+00,-7.184796734705456434e-01
8.112000000000000099e+00,-7.002916590047442158e-01
8.112999999999999545e+00,-6.819110279235115479e-01
8.114000000000000767e+00,-6.633459814798543519e-01
8.115000000000000213e+00,-6.446048234534486054e-01
8.115999999999999659e+00,-6.256959558602799287e-01
8.117000000000000881e+00,-6.066278746005487887e-01
8.118000000000000327e+00,-5.874091650471644499e-01
8.118999999999999773e+00,-5.680484975767252642e-01
8.120000000000000995e+00,-5.485546230465211393e-01
8.121000000000000441e+00,-5.289363682196105421e-01
8.121999999999999886e+00,-5.092026311404818095e-01
8.122999999999999332e+00,-4.893623764643869611e-01
8.124000000000000554e+00,-4.694246307426551135e-01
8.125000000000000000e+00,-4.493984776671429704e-01
8.125999999999999446e+00,-4.292930532759555717e-01
8.127000000000000668e+00,-4.091175411238093251e-01
8.128000000000000114e+00,-3.888811674196922530e-01
8.128999999999999559e+00,-3.685931961342029384e-01
8.130000000000000782e+00,-3.482629240799898218e-01
8.131000000000000227e+00,-3.278996759680704587e-01
8.131999999999999673e+00,-3.075127994423191846e-01
8.133000000000000895e+00,-2.871116600958028009e-01
8.134000000000000341e+00,-2.667056364715899575e-01
8.134999999999999787e+00,-2.463041150503890164e-01
8.136000000000001009e+00,-2.259164852289552994e-01
8.137000000000000455e+00,-2.055521342915220540e-01
8.137999999999999901e+00,-1.852204423771088571e-01
8.138999999999999346e+00,-1.649307774462961673e-01
8.140000000000000568e+00,-1.446924902496429799e-01
8.141000000000000014e+00,-1.245149093014215613e-01
8.141999999999999460e+00,-1.044073358608737651e-01
8.143000000000000682e+00,-8.437903892460577038e-02
8.144000000000000128e+00,-6.443925023281782405e-02
8.144999999999999574e+00,-4.459715929186846423e-02
8.146000000000000796e+00,-2.486190841694531362e-02
8.147000000000000242e+00,-5.242587797143893370e-03
8.147999999999999687e+00,1.425176941422350539e-02
8.149000000000000909e+00,3.361219198060171748e-02
8.150000000000000355e+00,5.282977543206391485e-02
8.150999999999999801e+00,7.189568688121746043e-02
8.152000000000001023e+00,9.080116980206147381e-02
8.153000000000000469e+00,1.095375487690180560e-01
8.153999999999999915e+00,1.280962341536610594e-01
8.154999999999999361e+00,1.464687267759262335e-01
8.156000000000000583e+00,1.646466225073516254e-01
8.157000000000000028e+00,1.826216168233820158e-01
8.157999999999999474e+00,2.003855093026035428e-01
8.159000000000000696e+00,2.179302080694300037e-01
8.160000000000000142e+00,2.352477341781346598e-01
8.160999999999999588e+00,2.523302259357936284e-01
8.162000000000000810e+00,2.691699431610750648e-01
8.163000000000000256e+00,2.857592713765137460e-01
8.163999999999999702e+00,3.020907259323049043e-01
8.165000000000000924e+00,3.181569560583719092e-01
8.166000000000000369e+00,3.339507488427543302e-01
8.166999999999999815e+00,3.494650331340982685e-01
8.168000000000001037e+00,3.646928833655416757e-01
8.169000000000000483e+00,3.796275232979186565e-01
8.169999999999999929e+00,3.942623296802808541e-01
8.170999999999999375e+00,4.085908358251107986e-01
8.172000000000000597e+00,4.226067350965359015e-01
8.173000000000000043e+00,4.363038843090789043e-01
8.173999999999999488e+00,4.496763070354359293e-01
8.175000000000000711e+00,4.627181968208378127e-01
8.176000000000000156e+00,4.754239203021909943e-01
8.176999999999999602e+00,4.877880202305305835e-01
8.178000000000000824e+00,4.998052183944354798e-01
8.179000000000000270e+00,5.114704184429911260e-01
8.179999999999999716e+00,5.227787086066787436e-01
8.181000000000000938e+00,5.337253643143606840e-01
8.182000000000000384e+00,5.443058507048771366e-01
8.182999999999999829e+00,5.545158250319824900e-01
8.184000000000001052e+00,5.643511389608167894e-01
8.185000000000000497e+00,5.738078407547900772e-01
8.185999999999999943e+00,5.828821773517061100e-01
8.186999999999999389e+00,5.915705963274914270e-01
8.188000000000000611e+00,5.998697477467631600e-01
8.189000000000000057e+00,6.077764858988607966e-01
8.189999999999999503e+00,6.152878709186071493e-01
8.191000000000000725e+00,6.224011702904598264e-01
8.192000000000000171e+00,6.291138602354535703e-01
8.192999999999999616e+00,6.354236269801053494e-01
8.194000000000000838e+00,6.413283679063017662e-01
8.195000000000000284e+00,6.468261925817041513e-01
8.195999999999999730e+00,6.519154236700701599e-01
8.197000000000000952e+00,6.565945977207443551e-01
8.198000000000000398e+00,6.608624658370851890e-01
8.198999999999999844e+00,6.647179942233318872e-01
8.199999999999999289e+00,6.681603646095990445e-01
8.201000000000000512e+00,6.711889745547157116e-01
8.201999999999999957e+00,6.738034376268239312e-01
8.202999999999999403e+00,6.760035834615986117e-01
8.204000000000000625e+00,6.777894576979838215e-01
8.205000000000000071e+00,6.791613217916174783e-01
8.205999999999999517e+00,6.801196527059749641e-01
8.207000000000000739e+00,6.806651424814748053e-01
8.208000000000000185e+00,6.807986976827461456e-01
8.208999999999999631e+00,6.805214387244575835e-01
8.210000000000000853e+00,6.798346990761179320e-01
8.211000000000000298e+00,6.787400243462570204e-01
8.211999999999999744e+00,6.772391712466208080e-01
8.213000000000000966e+00,6.753341064369869917e-01
8.214000000000000412e+00,6.730270052512733470e-01
8.214999999999999858e+00,6.703202503056842065e-01
8.215999999999999304e+00,6.672164299898246664e-01
8.217000000000000526e+00,6.637183368416172957e-01
8.217999999999999972e+00,6.598289658070132235e-01
8.218999999999999417e+00,6.555515123854936954e-01
8.220000000000000639e+00,6.508893706626358577e-01
8.221000000000000085e+00,6.458461312307335334e-01
8.221999999999999531e+00,6.404255789987860492e-01
8.223000000000000753e+00,6.346316908932724266e-01
8.224000000000000199e+00,6.284686334509386185e-01
8.224999999999999645e+00,6.219407603051104738e-01
8.226000000000000867e+00,6.150526095670569848e-01
8.227000000000000313e+00,6.078089011039394807e-01
8.227999999999999758e+00,6.002145337149789039e-01
8.229000000000000981e+00,5.922745822075238253e-01
8.230000000000000426e+00,5.839942943748909210e-01
8.230999999999999872e+00,5.753790878775312256e-01
8.231999999999999318e+00,5.664345470296184848e-01
8.233000000000000540e+00,5.571664194928971359e-01
8.233999999999999986e+00,5.475806128798711425e-01
8.234999999999999432e+00,5.376831912680094527e-01
8.236000000000000654e+00,5.274803716275471288e-01
8.237000000000000099e+00,5.169785201647921768e-01
8.237999999999999545e+00,5.061841485828548759e-01
8.239000000000000767e+00,4.951039102625342525e-01
8.240000000000000213e+00,4.837445963653531633e-01
8.240999999999999659e+00,4.721131318609951832e-01
8.242000000000000881e+00,4.602165714817424425e-01
8.243000000000000327e+00,4.480620956062429383e-01
8.243999999999999773e+00,4.356570060748380380e-01
8.245000000000000995e+00,4.230087219393703912e-01
8.246000000000000441e+00,4.101247751497402727e-01
8.246999999999999886e+00,3.970128061796127650e-01
8.247999999999999332e+00,3.836805595943972857e-01
8.249000000000000554e+00,3.701358795635412702e-01
8.250000000000000000e+00,3.563867053204034518e-01
8.250999999999999446e+00,3.424410665717592117e-01
8.252000000000000668e+00,3.283070788602584500e-01
8.253000000000000114e+00,3.139929388823750611e-01
8.253999999999999559e+00,2.995069197643852044e-01
8.255000000000000782e+00,2.848573662995746991e-01
8.256000000000000227e+00,2.700526901493724430e-01
8.256999999999999673e+00,2.551013650110314779e-01
8.258000000000000895e+00,2.400119217550824857e-01
8.259000000000000341e+00,2.247929435353631933e-01
8.259999999999999787e+00,2.094530608740669542e-01
8.261000000000001009e+00,1.940009467254932007e-01
8.262000000000000455e+00,1.784453115209570229e-01
8.262999999999999901e+00,1.627948981976067855e-01
8.263999999999999346e+00,1.470584772146652230e-01
8.265000000000000568e+00,1.312448415595962592e-01
8.266000000000000014e+00,1.153628017473572742e-01
8.266999999999999460e+00,9.942118081542175578e-02
8.268000000000000682e+00,8.342880931799354083e-02
8.269000000000000128e+00,6.739452032203026299e-02
8.269999999999999574e+00,5.132714440794373251e-02
8.271000000000000796e+00,3.523550467831383648e-02
8.272000000000000242e+00,1.912841177728962644e-02
8.272999999999999687e+00,3.014658923437392012e-03
8.274000000000000909e+00,-1.309698304056012945e-02
8.275000000000000355e+00,-2.919777057870474868e-02
8.275999999999999801e+00,-4.527899237032272789e-02
8.277000000000001023e+00,-6.133197419325370908e-02
8.278000000000000469e+00,-7.734808377874843877e-02
8.278999999999999915e+00,-9.331873563573181429e-02
8.279999999999999361e+00,-1.092353958409105208e-01
8.281000000000000583e+00,-1.250895867924206040e-01
8.282000000000000028e+00,-1.408728919239053134e-01
8.282999999999999474e+00,-1.565769603766614948e-01
8.284000000000000696e+00,-1.721935116267391819e-01
8.285000000000000142e+00,-1.877143400643535298e-01
8.285999999999999588e+00,-2.031313195232760938e-01
8.287000000000000810e+00,-2.184364077571650520e-01
8.288000000000000256e+00,-2.336216508602536601e-01
8.288999999999999702e+00,-2.486791876303950932e-01
8.290000000000000924e+00,-2.636012538710990061e-01
8.291000000000000369e+00,-2.783801866305468664e-01
8.291999999999999815e+00,-2.930084283753136565e-01
8.293000000000001037e+00,-3.074785310958182971e-01
8.294000000000000483e+00,-3.217831603415693409e-01
8.294999999999999929e+00,-3.359150991839052747e-01
8.295999999999999375e+00,-3.498672521035650629e-01
8.297000000000000597e+00,-3.636326488012789349e-01
8.298000000000000043e+00,-3.772044479288863550e-01
8.298999999999999488e+00,-3.905759407391186100e-01
8.300000000000000711e+00,-4.037405546517903177e-01
8.301000000000000156e+00,-4.166918567342443591e-01
8.301999999999999602e+00,-4.294235570945464930e-01
8.303000000000000824e+00,-4.419295121849499686e-01
8.304000000000000270e+00,-4.542037280139796240e-01
8.304999999999999716e+00,-4.662403632656849095e-01
8.306000000000000938e+00,-4.780337323236492630e-01
8.307000000000000384e+00,-4.895783081984689256e-01
8.307999999999999829e+00,-5.008687253571977305e-01
8.309000000000001052e+00,-5.118997824527745655e-01
8.310000000000000497e+00,-5.226664449521385425e-01
8.310999999999999943e+00,-5.331638476618232314e-01
8.311999999999999389e+00,-5.433872971491222614e-01
8.313000000000000611e+00,-5.533322740579922350e-01
8.314000000000000057e+00,-5.629944353180973415e-01
8.314999999999999503e+00,-5.723696162461339165e-01
8.316000000000000725e+00,-5.814538325379354777e-01
8.317000000000000171e+00,-5.902432821506281568e-01
8.317999999999999616e+00,-5.987343470737309659e-01
8.319000000000000838e+00,-6.069235949882179071e-01
8.320000000000000284e+00,-6.148077808127221378e-01
8.320999999999999730e+00,-6.223838481362975461e-01
8.322000000000000952e+00,-6.296489305366622657e-01
8.323000000000000398e+00,-6.366003527836087139e-01
8.323999999999999844e+00,-6.432356319269008083e-01
8.324999999999999289e+00,-6.495524782680697218e-01
8.326000000000000512e+00,-6.555487962158275117e-01
8.326999999999999957e+00,-6.612226850245914722e-01
8.327999999999999403e+00,-6.665724394160856825e-01
8.329000000000000625e+00,-6.715965500834720769e-01
8.330000000000000071e+00,-6.762937040780939713e-01
8.330999999999999517e+00,-6.806627850787737577e-01
8.332000000000000739e+00,-6.847028735435287672e-01
8.333000000000000185e+00,-6.884132467438263125e-01
8.333999999999999631e+00,-6.917933786816976571e-01
8.335000000000000853e+00,-6.948429398896102116e-01
8.336000000000000298e+00,-6.975617971136587325e-01
8.336999999999999744e+00,-6.999500128803017862e-01
8.338000000000000966e+00,-7.020078449471324200e-01
8.339000000000000412e+00,-7.037357456380705090e-01
8.339999999999999858e+00,-7.051343610637890169e-01
8.340999999999999304e+00,-7.062045302277062397e-01
8.342000000000000526e+00,-7.069472840184761742e-01
8.342999999999999972e+00,-7.073638440896901081e-01
8.343999999999999417e+00,-7.074556216275871279e-01
8.345000000000000639e+00,-7.072242160077889528e-01
8.346000000000000085e+00,-7.066714133419357280e-01
8.346999999999999531e+00,-7.057991849153153474e-01
8.348000000000000753e+00,-7.046096855166203987e-01
8.349000000000000199e+00,-7.031052516609892500e-01
8.349999999999999645e+00,-7.012883997075106679e-01
8.351000000000000867e+00,-6.991618238726564627e-01
8.352000000000000313e+00,-6.967283941408437542e-01
8.352999999999999758e+00,-6.939911540736000140e-01
8.354000000000000981e+00,-6.909533185189172810e-01
8.355000000000000426e+00,-6.876182712221918791e-01
8.355999999999999872e+00,-6.839895623404866898e-01
8.356999999999999318e+00,-6.800709058616860592e-01
8.358000000000000540e+00,-6.758661769303614397e-01
8.358999999999999986e+00,-6.713794090819851235e-01
8.359999999999999432e+00,-6.666147913874752584e-01
8.361000000000000654e+00,-6.615766655098392901e-01
8.362000000000000099e+00,-6.562695226749974964e-01
8.362999999999999545e+00,-6.506980005584891424e-01
8.364000000000000767e+00,-6.448668800904493459e-01
8.365000000000000213e+00,-6.387810821807584638e-01
8.365999999999999659e+00,-6.324456643663641797e-01
8.367000000000000881e+00,-6.258658173832470917e-01
8.368000000000000327e+00,-6.190468616650536271e-01
8.368999999999999773e+00,-6.119942437706958893e-01
8.370000000000000995e+00,-6.047135327431576446e-01
8.371000000000000441e+00,-5.972104164020775041e-01
8.371999999999999886e+00,-5.894906975721594389e-01
8.372999999999999332e+00,-5.815602902501119109e-01
8.374000000000000554e+00,-5.734252157123913562e-01
8.375000000000000000e+00,-5.650915985663959029e-01
8.375999999999999446e+00,-5.565656627473583029e-01
8.377000000000000668e+00,-5.478537274637882426e-01
8.378000000000000114e+00,-5.389622030939540398e-01
8.378999999999999559e+00,-5.298975870357738316e-01
8.380000000000000782e+00,-5.206664595130732209e-01
8.381000000000000227e+00,-5.112754793407870979e-01
8.381999999999999673e+00,-5.017313796514942803e-01
8.383000000000000895e+00,-4.920409635863857156e-01
8.384000000000000341e+00,-4.822110999531838971e-01
8.384999999999999787e+00,-4.722487188536322877e-01
8.386000000000001009e+00,-4.621608072835496905e-01
8.387000000000000455e+00,-4.519544047080997773e-01
8.387999999999999901e+00,-4.416365986148513834e-01
8.388999999999999346e+00,-4.312145200478111340e-01
8.390000000000000568e+00,-4.206953391248594021e-01
8.391000000000000014e+00,-4.100862605416585871e-01
8.391999999999999460e+00,-3.993945190644836440e-01
8.393000000000000682e+00,-3.886273750152180462e-01
8.394000000000000128e+00,-3.777921097510616444e-01
8.394999999999999574e+00,-3.668960211416407158e-01
8.396000000000000796e+00,-3.559464190466531397e-01
8.397000000000000242e+00,-3.449506207966463456e-01
8.397999999999999687e+00,-3.339159466796576270e-01
8.399000000000000909e+00,-3.228497154366668509e-01
8.400000000000000355e+00,-3.117592397685962080e-01
8.400999999999999801e+00,-3.006518218575004453e-01
8.402000000000001023e+00,-2.895347489048420986e-01
8.403000000000000469e+00,-2.784152886896463230e-01
8.403999999999999915e+00,-2.673006851489296287e-01
8.404999999999999361e+00,-2.561981539835265775e-01
8.406000000000000583e+00,-2.451148782917227931e-01
8.407000000000000028e+00,-2.340580042335698441e-01
8.407999999999999474e+00,-2.230346367281218212e-01
8.409000000000000696e+00,-2.120518351867851092e-01
8.410000000000000142e+00,-2.011166092849933085e-01
8.410999999999999588e+00,-1.902359147746990609e-01
8.412000000000000810e+00,-1.794166493406071372e-01
8.413000000000000256e+00,-1.686656485023050600e-01
8.413999999999999702e+00,-1.579896815648554054e-01
8.415000000000000924e+00,-1.473954476203848118e-01
8.416000000000000369e+00,-1.368895716030081033e-01
8.416999999999999815e+00,-1.264786003993439156e-01
8.418000000000001037e+00,-1.161689990171861225e-01
8.419000000000000483e+00,-1.059671468144632589e-01
8.419999999999999929e+00,-9.587933379065879946e-02
8.420999999999999375e+00,-8.591175694312644384e-02
8.422000000000000597e+00,-7.607051669024487983e-02
8.423000000000000043e+00,-6.636161336380379250e-02
8.423999999999999488e+00,-5.679094377217680512e-02
8.425000000000000711e+00,-4.736429783692679141e-02
8.426000000000000156e+00,-3.808735530448095069e-02
8.426999999999999602e+00,-2.896568253470117177e-02
8.428000000000000824e+00,-2.000472936848702796e-02
8.429000000000000270e+00,-1.120982607618042567e-02
8.429999999999999716e+00,-2.586180388238558045e-03
8.431000000000000938e+00,5.861125389641517851e-03
8.432000000000000384e+00,1.412713717560450978e-02
8.432999999999999829e+00,2.220703182335909132e-02
8.434000000000001052e+00,3.009611974470774096e-02
8.435000000000000497e+00,3.778984744161350412e-02
8.435999999999999943e+00,4.528379994651522689e-02
8.436999999999999389e+00,5.257370316909287106e-02
8.438000000000000611e+00,5.965542614862934939e-02
8.439000000000000057e+00,6.652498321038234630e-02
8.439999999999999503e+00,7.317853602511083244e-02
8.441000000000000725e+00,7.961239557026043856e-02
8.442000000000000171e+00,8.582302399210205157e-02
8.442999999999999616e+00,9.180703636767692521e-02
8.444000000000000838e+00,9.756120236552227876e-02
8.445000000000000284e+00,1.030824478045426207e-01
8.445999999999999730e+00,1.083678561100629573e-01
8.447000000000000952e+00,1.134146696664283804e-01
8.448000000000000398e+00,1.182202910653993300e-01
8.448999999999999844e+00,1.227822842498686173e-01
8.449999999999999289e+00,1.270983755522658298e-01
8.451000000000000512e+00,1.311664546272225673e-01
8.451999999999999957e+00,1.349845752781125563e-01
8.452999999999999403e+00,1.385509561772588216e-01
8.454000000000000625e+00,1.418639814792682918e-01
8.455000000000000071e+00,1.449222013276049992e-01
8.455999999999999517e+00,1.477243322541268999e-01
8.457000000000000739e+00,1.502692574715798202e-01
8.458000000000000185e+00,1.525560270589502720e-01
8.458999999999999631e+00,1.545838580401089901e-01
8.460000000000000853e+00,1.563521343554306609e-01
8.461000000000000298e+00,1.578604067269389344e-01
8.461999999999999744e+00,1.591083924171658448e-01
8.463000000000000966e+00,1.600959748820638406e-01
8.464000000000000412e+00,1.608232033184976706e-01
8.464999999999999858e+00,1.612902921066012019e-01
8.465999999999999304e+00,1.614976201478026674e-01
8.467000000000000526e+00,1.614457300989672606e-01
8.467999999999999972e+00,1.611353275034185795e-01
8.468999999999999417e+00,1.605672798195280082e-01
8.470000000000000639e+00,1.597426153478830602e-01
8.471000000000000085e+00,1.586625220576229622e-01
8.471999999999999531e+00,1.573283463131013582e-01
8.473000000000000753e+00,1.557415915018996455e-01
8.474000000000000199e+00,1.539039165650064045e-01
8.474999999999999645e+00,1.518171344306733783e-01
8.476000000000000867e+00,1.494832103528418166e-01
8.477000000000000313e+00,1.469042601554944871e-01
8.477999999999999758e+00,1.440825483842628763e-01
8.479000000000000981e+00,1.410204863666026931e-01
8.480000000000000426e+00,1.377206301820606549e-01
8.480999999999999872e+00,1.341856785440014577e-01
8.481999999999999318e+00,1.304184705943643996e-01
8.483000000000000540e+00,1.264219836131042773e-01
8.483999999999999986e+00,1.221993306439099897e-01
8.484999999999999432e+00,1.177537580378163334e-01
8.486000000000000654e+00,1.130886429165722101e-01
8.487000000000000099e+00,1.082074905576162621e-01
8.487999999999999545e+00,1.031139317022516794e-01
8.489000000000000767e+00,9.781171978911853970e-02
8.490000000000000213e+00,9.230472811494655483e-02
8.490999999999999659e+00,8.659694692428018814e-02
8.492000000000000881e+00,8.069248043045440522e-02
8.493000000000000327e+00,7.459554376998817071e-02
8.493999999999999773e+00,6.831045989200497381e-02
8.495000000000000995e+00,6.184165638539284443e-02
8.496000000000000441e+00,5.519366224559041356e-02
8.496999999999999886e+00,4.837110458310810157e-02
8.497999999999999332e+00,4.137870527644852553e-02
8.499000000000000554e+00,3.422127757122589431e-02
8.500000000000000000e+00,2.690372262818105722e-02
8.500999999999999446e+00,1.943102602223042638e-02
8.502000000000000668e+00,1.180825419491515413e-02
8.503000000000000114e+00,4.040550862852691598e-03
8.503999999999999559e+00,-3.866866615579721798e-03
8.505000000000000782e+00,-1.190871091285524916e-02
8.506000000000000227e+00,-2.007962844152911749e-02
8.506999999999999673e+00,-2.837420309800255808e-02
8.508000000000000895e+00,-3.678696003779789031e-02
8.509000000000000341e+00,-4.531236948016079125e-02
8.509999999999999787e+00,-5.394485053944302055e-02
8.511000000000001009e+00,-6.267877508045163748e-02
8.512000000000000455e+00,-7.150847159542451925e-02
8.512999999999999901e+00,-8.042822909996903691e-02
8.513999999999999346e+00,-8.943230104539896808e-02
8.515000000000000568e+00,-9.851490924475909960e-02
8.516000000000000014e+00,-1.076702478100435012e-01
8.516999999999999460e+00,-1.168924870980419528e-01
8.518000000000000682e+00,-1.261757776620137106e-01
8.519000000000000128e+00,-1.355142542066494205e-01
8.519999999999999574e+00,-1.449020395439999664e-01
8.521000000000000796e+00,-1.543332485471609616e-01
8.522000000000000242e+00,-1.638019920996228451e-01
8.522999999999999687e+00,-1.733023810375705631e-01
8.524000000000000909e+00,-1.828285300823895010e-01
8.525000000000000355e+00,-1.923745617608143832e-01
8.525999999999999801e+00,-2.019346103104354417e-01
8.527000000000001023e+00,-2.115028255676253965e-01
8.528000000000000469e+00,-2.210733768355007955e-01
8.528999999999999915e+00,-2.306404567295368691e-01
8.529999999999999361e+00,-2.401982849980004719e-01
8.531000000000000583e+00,-2.497411123150950207e-01
8.532000000000000028e+00,-2.592632240439244895e-01
8.532999999999999474e+00,-2.687589439672506408e-01
8.534000000000000696e+00,-2.782226379833269703e-01
8.535000000000000142e+00,-2.876487177644020399e-01
8.535999999999999588e+00,-2.970316443758696523e-01
8.537000000000000810e+00,-3.063659318532957476e-01
8.538000000000000256e+00,-3.156461507351123186e-01
8.538999999999999702e+00,-3.248669315490526066e-01
8.540000000000000924e+00,-3.340229682495697294e-01
8.541000000000000369e+00,-3.431090216042578245e-01
8.541999999999999815e+00,-3.521199225273112243e-01
8.543000000000001037e+00,-3.610505753574402843e-01
8.544000000000000483e+00,-3.698959610784505747e-01
8.544999999999999929e+00,-3.786511404804345782e-01
8.545999999999999375e+00,-3.873112572593299108e-01
8.547000000000000597e+00,-3.958715410531196133e-01
8.548000000000000043e+00,-4.043273104125147399e-01
8.548999999999999488e+00,-4.126739757044976531e-01
8.550000000000000711e+00,-4.209070419466229840e-01
8.551000000000000156e+00,-4.290221115703641286e-01
8.551999999999999602e+00,-4.370148871119399758e-01
8.553000000000000824e+00,-4.448811738286397865e-01
8.554000000000000270e+00,-4.526168822391246627e-01
8.554999999999999716e+00,-4.602180305863050047e-01
8.556000000000000938e+00,-4.676807472208593941e-01
8.557000000000000384e+00,-4.750012729042463189e-01
8.557999999999999829e+00,-4.821759630296648669e-01
8.559000000000001052e+00,-4.892012897595073295e-01
8.560000000000000497e+00,-4.960738440781156111e-01
8.560999999999999943e+00,-5.027903377585398736e-01
8.561999999999999389e+00,-5.093476052420341516e-01
8.563000000000000611e+00,-5.157426054292150175e-01
8.564000000000000057e+00,-5.219724233817314429e-01
8.564999999999999503e+00,-5.280342719335896495e-01
8.566000000000000725e+00,-5.339254932109047669e-01
8.567000000000000171e+00,-5.396435600593584292e-01
8.567999999999999616e+00,-5.451860773785749403e-01
8.569000000000000838e+00,-5.505507833624210257e-01
8.570000000000000284e+00,-5.557355506446768345e-01
8.570999999999999730e+00,-5.607383873494576898e-01
8.572000000000000952e+00,-5.655574380456785955e-01
8.573000000000000398e+00,-5.701909846050617903e-01
8.573999999999999844e+00,-5.746374469633573900e-01
8.575000000000001066e+00,-5.788953837842197858e-01
8.576000000000000512e+00,-5.829634930254722347e-01
8.576999999999999957e+00,-5.868406124075843389e-01
8.577999999999999403e+00,-5.905257197840169114e-01
8.579000000000000625e+00,-5.940179334134111366e-01
8.580000000000000071e+00,-5.973165121334692573e-01
8.580999999999999517e+00,-6.004208554366645689e-01
8.582000000000000739e+00,-6.033305034476643680e-01
8.583000000000000185e+00,-6.060451368027410801e-01
8.583999999999999631e+00,-6.085645764313026840e-01
8.585000000000000853e+00,-6.108887832398246509e-01
8.586000000000000298e+00,-6.130178576984545158e-01
8.586999999999999744e+00,-6.149520393307980060e-01
8.588000000000000966e+00,-6.166917061071910400e-01
8.589000000000000412e+00,-6.182373737421075210e-01
8.589999999999999858e+00,-6.195896948962219541e-01
8.590999999999999304e+00,-6.207494582837521646e-01
8.592000000000000526e+00,-6.217175876858525019e-01
8.592999999999999972e+00,-6.224951408707711797e-01
8.593999999999999417e+00,-6.230833084216610418e-01
8.595000000000000639e+00,-6.234834124728867444e-01
8.596000000000000085e+00,-6.236969053558006904e-01
8.596999999999999531e+00,-6.237253681550137818e-01
8.598000000000000753e+00,-6.235705091762313579e-01
8.599000000000000199e+00,-6.232341623267524389e-01
8.599999999999999645e+00,-6.227182854099191367e-01
8.601000000000000867e+00,-6.220249583346156852e-01
8.602000000000000313e+00,-6.211563812412723706e-01
8.602999999999999758e+00,-6.201148725456141486e-01
8.604000000000000981e+00,-6.189028669016577444e-01
8.605000000000000426e+00,-6.175229130853395754e-01
8.605999999999999872e+00,-6.159776718003941998e-01
8.606999999999999318e+00,-6.142699134079471213e-01
8.608000000000000540e+00,-6.124025155815140398e-01
8.608999999999999986e+00,-6.103784608890860941e-01
8.609999999999999432e+00,-6.082008343039261300e-01
8.611000000000000654e+00,-6.058728206459335075e-01
8.612000000000000099e+00,-6.033977019554491728e-01
8.612999999999999545e+00,-6.007788548011101515e-01
8.614000000000000767e+00,-5.980197475239378280e-01
8.615000000000000213e+00,-5.951239374194312592e-01
8.615999999999999659e+00,-5.920950678596933470e-01
8.617000000000000881e+00,-5.889368653576314561e-01
8.618000000000000327e+00,-5.856531365752621898e-01
8.618999999999999773e+00,-5.822477652782341861e-01
8.620000000000000995e+00,-5.787247092386799130e-01
8.621000000000000441e+00,-5.750879970886701997e-01
8.621999999999999886e+00,-5.713417251261982965e-01
8.622999999999999332e+00,-5.674900540763344603e-01
8.624000000000000554e+00,-5.635372058094161307e-01
8.625000000000000000e+00,-5.594874600188483038e-01
8.625999999999999446e+00,-5.553451508605984355e-01
8.627000000000000668e+00,-5.511146635569337260e-01
8.628000000000000114e+00,-5.468004309666645302e-01
8.628999999999999559e+00,-5.424069301242355756e-01
8.630000000000000782e+00,-5.379386787501772016e-01
8.631000000000000227e+00,-5.334002317352765088e-01
8.631999999999999673e+00,-5.287961776009183490e-01
8.633000000000000895e+00,-5.241311349380129991e-01
8.634000000000000341e+00,-5.194097488271980367e-01
8.634999999999999787e+00,-5.146366872424018579e-01
8.636000000000001009e+00,-5.098166374406540857e-01
8.637000000000000455e+00,-5.049543023404919895e-01
8.637999999999999901e+00,-5.000543968913457871e-01
8.638999999999999346e+00,-4.951216444366561831e-01
8.640000000000000568e+00,-4.901607730731361579e-01
8.641000000000000014e+00,-4.851765120086970473e-01
8.641999999999999460e+00,-4.801735879214794056e-01
8.643000000000000682e+00,-4.751567213227445019e-01
8.644000000000000128e+00,-4.701306229258729319e-01
8.644999999999999574e+00,-4.650999900243109053e-01
8.646000000000000796e+00,-4.600695028805528164e-01
8.647000000000000242e+00,-4.550438211291131796e-01
8.647999999999999687e+00,-4.500275801956222788e-01
8.649000000000000909e+00,-4.450253877347885578e-01
8.650000000000000355e+00,-4.400418200895309107e-01
8.650999999999999801e+00,-4.350814187738070715e-01
8.652000000000001023e+00,-4.301486869815901448e-01
8.653000000000000469e+00,-4.252480861244350430e-01
8.653999999999999915e+00,-4.203840323999026851e-01
8.654999999999999361e+00,-4.155608933934442084e-01
8.656000000000000583e+00,-4.107829847159120140e-01
8.657000000000000028e+00,-4.060545666792713115e-01
8.657999999999999474e+00,-4.013798410124483906e-01
8.659000000000000696e+00,-3.967629476200399408e-01
8.660000000000000142e+00,-3.922079613858482361e-01
8.660999999999999588e+00,-3.877188890235670482e-01
8.662000000000000810e+00,-3.832996659767901049e-01
8.663000000000000256e+00,-3.789541533706661802e-01
8.663999999999999702e+00,-3.746861350169796712e-01
8.665000000000000924e+00,-3.704993144751323464e-01
8.666000000000000369e+00,-3.663973121709314107e-01
8.666999999999999815e+00,-3.623836625750356255e-01
8.668000000000001037e+00,-3.584618114434034442e-01
8.669000000000000483e+00,-3.546351131214041108e-01
8.669999999999999929e+00,-3.509068279135066359e-01
8.670999999999999375e+00,-3.472801195205739710e-01
8.672000000000000597e+00,-3.437580525463948544e-01
8.673000000000000043e+00,-3.403435900753109533e-01
8.673999999999999488e+00,-3.370395913226823525e-01
8.675000000000000711e+00,-3.338488093596959083e-01
8.676000000000000156e+00,-3.307738889143789218e-01
8.676999999999999602e+00,-3.278173642501817087e-01
8.678000000000000824e+00,-3.249816571237472140e-01
8.679000000000000270e+00,-3.222690748233233982e-01
8.679999999999999716e+00,-3.196818082892190493e-01
8.681000000000000938e+00,-3.172219303176277982e-01
8.682000000000000384e+00,-3.148913938492258202e-01
8.682999999999999829e+00,-3.126920303436082627e-01
8.684000000000001052e+00,-3.106255482409482349e-01
8.685000000000000497e+00,-3.086935315119447854e-01
8.685999999999999943e+00,-3.068974382969920645e-01
8.686999999999999389e+00,-3.052385996358282227e-01
8.688000000000000611e+00,-3.037182182883941817e-01
8.689000000000000057e+00,-3.023373676479660932e-01
8.689999999999999503e+00,-3.010969907472241247e-01
8.691000000000000725e+00,-2.999978993582233522e-01
8.692000000000000171e+00,-2.990407731867756880e-01
8.692999999999999616e+00,-2.982261591620032348e-01
8.694000000000000838e+00,-2.975544708216537049e-01
8.695000000000000284e+00,-2.970259877935785275e-01
8.695999999999999730e+00,-2.966408553739757759e-01
8.697000000000000952e+00,-2.963990842026801853e-01
8.698000000000000398e+00,-2.963005500358411592e-01
8.698999999999999844e+00,-2.963449936162645404e-01
8.700000000000001066e+00,-2.965320206416360849e-01
8.701000000000000512e+00,-2.968611018306546723e-01
8.701999999999999957e+00,-2.973315730872874152e-01
8.702999999999999403e+00,-2.979426357629693101e-01
8.704000000000000625e+00,-2.986933570168426866e-01
8.705000000000000071e+00,-2.995826702737660607e-01
8.705999999999999517e+00,-3.006093757799710442e-01
8.707000000000000739e+00,-3.017721412560773753e-01
8.708000000000000185e+00,-3.030695026471381670e-01
8.708999999999999631e+00,-3.044998649693086978e-01
8.710000000000000853e+00,-3.060615032526642909e-01
8.711000000000000298e+00,-3.077525635796812820e-01
8.711999999999999744e+00,-3.095710642187624595e-01
8.713000000000000966e+00,-3.115148968521412876e-01
8.714000000000000412e+00,-3.135818278974577544e-01
8.714999999999999858e+00,-3.157694999222657173e-01
8.715999999999999304e+00,-3.180754331505092347e-01
8.717000000000000526e+00,-3.204970270602242599e-01
8.717999999999999972e+00,-3.230315620713277713e-01
8.718999999999999417e+00,-3.256762013226361940e-01
8.720000000000000639e+00,-3.284279925368134845e-01
8.721000000000000085e+00,-3.312838699723563707e-01
8.721999999999999531e+00,-3.342406564611752340e-01
8.723000000000000753e+00,-3.372950655306145573e-01
8.724000000000000199e+00,-3.404437036085640744e-01
8.724999999999999645e+00,-3.436830723103563301e-01
8.726000000000000867e+00,-3.470095708058551498e-01
8.727000000000000313e+00,-3.504194982653126567e-01
8.727999999999999758e+00,-3.539090563826078339e-01
8.729000000000000981e+00,-3.574743519739745357e-01
8.730000000000000426e+00,-3.611113996507879786e-01
8.730999999999999872e+00,-3.648161245645863415e-01
8.731999999999999318e+00,-3.685843652227456801e-01
8.733000000000000540e+00,-3.724118763727242154e-01
8.733999999999999986e+00,-3.762943319533160746e-01
8.734999999999999432e+00,-3.802273281108360936e-01
8.736000000000000654e+00,-3.842063862783828831e-01
8.737000000000000099e+00,-3.882269563160682391e-01
8.737999999999999545e+00,-3.922844197104824460e-01
8.739000000000000767e+00,-3.963740928309400502e-01
8.740000000000000213e+00,-4.004912302406162250e-01
8.740999999999999659e+00,-4.046310280604960563e-01
8.742000000000000881e+00,-4.087886273837639806e-01
8.743000000000000327e+00,-4.129591177384540068e-01
8.743999999999999773e+00,-4.171375405962750027e-01
8.745000000000000995e+00,-4.213188929251040493e-01
8.746000000000000441e+00,-4.254981307829264203e-01
8.746999999999999886e+00,-4.296701729508853318e-01
8.747999999999999332e+00,-4.338299046030122397e-01
8.749000000000000554e+00,-4.379721810102558677e-01
8.750000000000000000e+00,-4.420918312764365865e-01
8.750999999999999446e+00,-4.461836621035019101e-01
8.752000000000000668e+00,-4.502424615838377941e-01
8.753000000000000114e+00,-4.542630030168407496e-01
8.753999999999999559e+00,-4.582400487475790651e-01
8.755000000000000782e+00,-4.621683540247291666e-01
8.756000000000000227e+00,-4.660426708752650193e-01
8.756999999999999673e+00,-4.698577519935654978e-01
8.758000000000000895e+00,-4.736083546420257195e-01
8.759000000000000341e+00,-4.772892445608298284e-01
8.759999999999999787e+00,-4.808951998841288766e-01
8.761000000000001009e+00,-4.844210150601697129e-01
8.762000000000000455e+00,-4.878615047725965992e-01
8.762999999999999901e+00,-4.912115078604176732e-01
8.763999999999999346e+00,-4.944658912339307544e-01
8.765000000000000568e+00,-4.976195537840648608e-01
8.766000000000000014e+00,-5.006674302824395406e-01
8.766999999999999460e+00,-5.036044952696485666e-01
8.768000000000000682e+00,-5.064257669289238262e-01
8.769000000000000128e+00,-5.091263109427980327e-01
8.769999999999999574e+00,-5.117012443300640312e-01
8.771000000000000796e+00,-5.141457392603878684e-01
8.772000000000000242e+00,-5.164550268440668557e-01
8.772999999999999687e+00,-5.186244008944002060e-01
8.774000000000000909e+00,-5.206492216599436507e-01
8.775000000000000355e+00,-5.225249195243304445e-01
8.775999999999999801e+00,-5.242469986708911955e-01
8.777000000000001023e+00,-5.258110407097883465e-01
8.778000000000000469e+00,-5.272127082651266727e-01
8.778999999999999915e+00,-5.284477485194002400e-01
8.779999999999999361e+00,-5.295119967131141081e-01
8.781000000000000583e+00,-5.304013795969783063e-01
8.782000000000000028e+00,-5.311119188342923181e-01
8.782999999999999474e+00,-5.316397343513433738e-01
8.784000000000000696e+00,-5.319810476332565985e-01
8.785000000000000142e+00,-5.321321849631174272e-01
8.785999999999999588e+00,-5.320895806021984642e-01
8.787000000000000810e+00,-5.318497799088441891e-01
8.788000000000000256e+00,-5.314094423939973444e-01
8.788999999999999702e+00,-5.307653447111839728e-01
8.790000000000000924e+00,-5.299143835788011625e-01
8.791000000000000369e+00,-5.288535786326611365e-01
8.791999999999999815e+00,-5.275800752067527633e-01
8.793000000000001037e+00,-5.260911470402378498e-01
8.794000000000000483e+00,-5.243841989087429933e-01
8.794999999999999929e+00,-5.224567691780794831e-01
8.795999999999999375e+00,-5.203065322784411473e-01
8.797000000000000597e+00,-5.179313010974195830e-01
8.798000000000000043e+00,-5.153290292900009062e-01
8.798999999999999488e+00,-5.124978135037721039e-01
8.800000000000000711e+00,-5.094358955179084658e-01
8.801000000000000156e+00,-5.061416642941057864e-01
8.801999999999999602e+00,-5.026136579380647840e-01
8.803000000000000824e+00,-4.988505655699976282e-01
8.804000000000000270e+00,-4.948512291027161170e-01
8.804999999999999716e+00,-4.906146449259219944e-01
8.806000000000000938e+00,-4.861399654953834637e-01
8.807000000000000384e+00,-4.814265008258919454e-01
8.807999999999999829e+00,-4.764737198864564260e-01
8.809000000000001052e+00,-4.712812518969881626e-01
8.810000000000000497e+00,-4.658488875251262651e-01
8.810999999999999943e+00,-4.601765799823256398e-01
8.811999999999999389e+00,-4.542644460182318489e-01
8.813000000000000611e+00,-4.481127668123944252e-01
8.814000000000000057e+00,-4.417219887626957497e-01
8.814999999999999503e+00,-4.350927241693708369e-01
8.816000000000000725e+00,-4.282257518143171571e-01
8.817000000000000171e+00,-4.211220174349034617e-01
8.817999999999999616e+00,-4.137826340916062051e-01
8.819000000000000838e+00,-4.062088824291728573e-01
8.820000000000000284e+00,-3.984022108308686860e-01
8.820999999999999730e+00,-3.903642354651916668e-01
8.822000000000000952e+00,-3.820967402251535527e-01
8.823000000000000398e+00,-3.736016765596742450e-01
8.823999999999999844e+00,-3.648811631968630342e-01
8.825000000000001066e+00,-3.559374857593483599e-01
8.826000000000000512e+00,-3.467730962715299681e-01
8.826999999999999957e+00,-3.373906125585495741e-01
8.827999999999999403e+00,-3.277928175376237374e-01
8.829000000000000625e+00,-3.179826584014515678e-01
8.830000000000000071e+00,-3.079632456942747454e-01
8.830999999999999517e+00,-2.977378522805940730e-01
8.832000000000000739e+00,-2.873099122073738410e-01
8.833000000000000185e+00,-2.766830194597854065e-01
8.833999999999999631e+00,-2.658609266111872649e-01
8.835000000000000853e+00,-2.548475433680501556e-01
8.836000000000000298e+00,-2.436469350103563913e-01
8.836999999999999744e+00,-2.322633207281568635e-01
8.838000000000000966e+00,-2.207010718552291917e-01
8.839000000000000412e+00,-2.089647100007396285e-01
8.839999999999999858e+00,-1.970589050795350516e-01
8.840999999999999304e+00,-1.849884732424630918e-01
8.842000000000000526e+00,-1.727583747074966647e-01
8.842999999999999972e+00,-1.603737114930503804e-01
8.843999999999999417e+00,-1.478397250541880481e-01
8.845000000000000639e+00,-1.351617938236487904e-01
8.846000000000000085e+00,-1.223454306585799872e-01
8.846999999999999531e+00,-1.093962801942528623e-01
8.848000000000000753e+00,-9.632011610661354861e-02
8.849000000000000199e+00,-8.312283828494049231e-02
8.849999999999999645e+00,-6.981046991591446926e-02
8.851000000000000867e+00,-5.638915448122090723e-02
8.852000000000000313e+00,-4.286515267010324731e-02
8.852999999999999758e+00,-2.924483920834401382e-02
8.854000000000000981e+00,-1.553469960597532971e-02
8.855000000000000426e+00,-1.741326825216493301e-03
8.855999999999999872e+00,1.212858212956224174e-02
8.856999999999999318e+00,2.606822969752893571e-02
8.858000000000000540e+00,4.007072132111437479e-02
8.858999999999999986e+00,5.412906907742097429e-02
8.859999999999999432e+00,6.823619537959586812e-02
8.861000000000000654e+00,8.238493674570421255e-02
8.862000000000000099e+00,9.656804763293039273e-02
8.862999999999999545e+00,1.107782043352460860e-01
8.864000000000000767e+00,1.250080089418037221e-01
8.865000000000000213e+00,1.392499933539766144e-01
8.865999999999999659e+00,1.534966233588883344e-01
8.867000000000000881e+00,1.677403027566025939e-01
8.868000000000000327e+00,1.819733775387969432e-01
8.868999999999999773e+00,1.961881401166696293e-01
8.870000000000000995e+00,2.103768335951285984e-01
8.871000000000000441e+00,2.245316560909158543e-01
8.871999999999999886e+00,2.386447650925017094e-01
8.872999999999999332e+00,2.527082818584220347e-01
8.874000000000000554e+00,2.667142958520773433e-01
8.875000000000000000e+00,2.806548692098919107e-01
8.875999999999999446e+00,2.945220412406941990e-01
8.877000000000000668e+00,3.083078329529890249e-01
8.878000000000000114e+00,3.220042516078689410e-01
8.878999999999999559e+00,3.356032952947647363e-01
8.880000000000000782e+00,3.490969575270851943e-01
8.881000000000000227e+00,3.624772318550689709e-01
8.881999999999999673e+00,3.757361164933323838e-01
8.883000000000000895e+00,3.888656189598821977e-01
8.884000000000000341e+00,4.018577607239465777e-01
8.884999999999999787e+00,4.147045818601356459e-01
8.886000000000001009e+00,4.273981457055454070e-01
8.887000000000000455e+00,4.399305435173070378e-01
8.887999999999999901e+00,4.522938991278614429e-01
8.888999999999999346e+00,4.644803735947873879e-01
8.890000000000000568e+00,4.764821698425744656e-01
8.891000000000000014e+00,4.882915372934017451e-01
8.891999999999999460e+00,4.999007764842169355e-01
8.893000000000000682e+00,5.113022436671716964e-01
8.894000000000000128e+00,5.224883553905055322e-01
8.894999999999999574e+00,5.334515930573812126e-01
8.896000000000000796e+00,5.441845074595192955e-01
8.897000000000000242e+00,5.546797232829245861e-01
8.897999999999999687e+00,5.649299435832191296e-01
8.899000000000000909e+00,5.749279542273577626e-01
8.900000000000000355e+00,5.846666282991891395e-01
8.900999999999999801e+00,5.941389304663695636e-01
8.902000000000001023e+00,6.033379213054609336e-01
8.903000000000000469e+00,6.122567615827676502e-01
8.903999999999999915e+00,6.208887164884300258e-01
8.904999999999999361e+00,6.292271598207029859e-01
8.906000000000000583e+00,6.372655781181958412e-01
8.907000000000000028e+00,6.449975747372309609e-01
8.907999999999999474e+00,6.524168738719842153e-01
8.909000000000000696e+00,6.595173245146894736e-01
8.910000000000000142e+00,6.662929043534638884e-01
8.910999999999999588e+00,6.727377236055042120e-01
8.912000000000000810e+00,6.788460287828955719e-01
8.913000000000000256e+00,6.846122063888691045e-01
8.913999999999999702e+00,6.900307865422165010e-01
8.915000000000000924e+00,6.950964465273771209e-01
8.916000000000000369e+00,6.998040142680147513e-01
8.916999999999999815e+00,7.041484717220205525e-01
8.918000000000001037e+00,7.081249581955151307e-01
8.919000000000000483e+00,7.117287735739079579e-01
8.919999999999999929e+00,7.149553814679201480e-01
8.920999999999999375e+00,7.178004122724381819e-01
8.922000000000000597e+00,7.202596661364274455e-01
8.923000000000000043e+00,7.223291158417342039e-01
8.923999999999999488e+00,7.240049095891174513e-01
8.925000000000000711e+00,7.252833736895928363e-01
8.926000000000000156e+00,7.261610151593199669e-01
8.926999999999999602e+00,7.266345242164234941e-01
8.928000000000000824e+00,7.267007766780059219e-01
8.929000000000000270e+00,7.263568362557701885e-01
8.929999999999999716e+00,7.255999567488293778e-01
8.931000000000000938e+00,7.244275841321083931e-01
8.932000000000000384e+00,7.228373585390118761e-01
8.932999999999999829e+00,7.208271161370222169e-01
8.934000000000001052e+00,7.183948908948514234e-01
8.935000000000000497e+00,7.155389162401023517e-01
8.935999999999999943e+00,7.122576266061093619e-01
8.936999999999999389e+00,7.085496588670058271e-01
8.938000000000000611e+00,7.044138536599355849e-01
8.939000000000000057e+00,6.998492565935483523e-01
8.939999999999999503e+00,6.948551193416760974e-01
8.941000000000000725e+00,6.894309006216968738e-01
8.942000000000000171e+00,6.835762670566039034e-01
8.942999999999999616e+00,6.772910939201512992e-01
8.944000000000000838e+00,6.705754657645262018e-01
8.945000000000000284e+00,6.634296769300640495e-01
8.945999999999999730e+00,6.558542319362863360e-01
8.947000000000000952e+00,6.478498457541954636e-01
8.948000000000000398e+00,6.394174439593645065e-01
8.948999999999999844e+00,6.305581627654245347e-01
8.950000000000001066e+00,6.212733489380511953e-01
8.951000000000000512e+00,6.115645595892140740e-01
8.951999999999999957e+00,6.014335618514875526e-01
8.952999999999999403e+00,5.908823324328079662e-01
8.954000000000000625e+00,5.799130570514777760e-01
8.955000000000000071e+00,5.685281297518538501e-01
8.955999999999999517e+00,5.567301521006917664e-01
8.957000000000000739e+00,5.445219322646728255e-01
8.958000000000000185e+00,5.319064839696442393e-01
8.958999999999999631e+00,5.188870253415405198e-01
8.960000000000000853e+00,5.054669776301204953e-01
8.961000000000000298e+00,4.916499638158281504e-01
8.961999999999999744e+00,4.774398071003422839e-01
8.963000000000000966e+00,4.628405292818635330e-01
8.964000000000000412e+00,4.478563490158820048e-01
8.964999999999999858e+00,4.324916799620355246e-01
8.965999999999999304e+00,4.167511288184778673e-01
8.967000000000000526e+00,4.006394932444222734e-01
8.967999999999999972e+00,3.841617596722569083e-01
8.968999999999999417e+00,3.673231010099356486e-01
8.970000000000000639e+00,3.501288742354616290e-01
8.971000000000000085e+00,3.325846178844724110e-01
8.971999999999999531e+00,3.146960494320031887e-01
8.973000000000000753e+00,2.964690625705049265e-01
8.974000000000000199e+00,2.779097243851268995e-01
8.974999999999999645e+00,2.590242724277503905e-01
8.976000000000000867e+00,2.398191116918810539e-01
8.977000000000000313e+00,2.203008114896951863e-01
8.977999999999999758e+00,2.004761022328694353e-01
8.979000000000000981e+00,1.803518721194247998e-01
8.980000000000000426e+00,1.599351637281213045e-01
8.980999999999999872e+00,1.392331705222390748e-01
8.981999999999999318e+00,1.182532332650487183e-01
8.983000000000000540e+00,9.700283634865249083e-02
8.983999999999999986e+00,7.548960403868942848e-02
8.984999999999999432e+00,5.372129663618101236e-02
8.986000000000000654e+00,3.170580655982684765e-02
8.987000000000000099e+00,9.451154350267412102e-03
8.987999999999999545e+00,-1.303451540157975382e-02
8.989000000000000767e+00,-3.574293819918029913e-02
8.990000000000000213e+00,-5.866573385586722200e-02
8.990999999999999659e+00,-8.179441077939621219e-02
8.992000000000000881e+00,-1.051203703221050140e-01
8.993000000000000327e+00,-1.286349111946935853e-01
8.993999999999999773e+00,-1.523292339414448193e-01
8.995000000000000995e+00,-1.761944454736239507e-01
8.996000000000000441e+00,-2.002215636586553715e-01
8.996999999999999886e+00,-2.244015219631212976e-01
8.997999999999999332e+00,-2.487251741457682241e-01
8.999000000000000554e+00,-2.731832989987593163e-01
9.000000000000000000e+00,-2.977666051337528597e-01
9.000999999999999446e+00,-3.224657358108817262e-01
9.002000000000000668e+00,-3.472712738068997051e-01
9.003000000000000114e+00,-3.721737463201693075e-01
9.003999999999999559e+00,-3.971636299099847722e-01
9.005000000000000782e+00,-4.222313554665987900e-01
9.006000000000000227e+00,-4.473673132095963845e-01
9.006999999999999673e+00,-4.725618577117128849e-01
9.008000000000000895e+00,-4.978053129450946135e-01
9.009000000000000341e+00,-5.230879773467778104e-01
9.009999999999999787e+00,-5.484001289012010449e-01
9.011000000000001009e+00,-5.737320302359798507e-01
9.012000000000000455e+00,-5.990739337283234045e-01
9.012999999999999901e+00,-6.244160866195457293e-01
9.013999999999999346e+00,-6.497487361339082668e-01
9.015000000000000568e+00,-6.750621345994319844e-01
9.016000000000000014e+00,-7.003465445672489853e-01
9.016999999999999460e+00,-7.255922439272394220e-01
9.018000000000000682e+00,-7.507895310160634939e-01
9.019000000000000128e+00,-7.759287297150041507e-01
9.019999999999999574e+00,-8.010001945353153463e-01
9.021000000000000796e+00,-8.259943156868446712e-01
9.022000000000000242e+00,-8.509015241278721220e-01
9.022999999999999687e+00,-8.757122965932706560e-01
9.024000000000000909e+00,-9.004171605974085058e-01
9.025000000000000355e+00,-9.250066994093826267e-01
9.025999999999999801e+00,-9.494715569978428027e-01
9.027000000000001023e+00,-9.738024429419512851e-01
9.028000000000000469e+00,-9.979901373058620573e-01
9.028999999999999915e+00,-1.022025495474426782e+00
9.029999999999999361e+00,-1.045899452946315922e+00
9.031000000000000583e+00,-1.069603030082637130e+00
9.032000000000000028e+00,-1.093127336807613759e+00
9.032999999999999474e+00,-1.116463577259400042e+00
9.034000000000000696e+00,-1.139603054387394954e+00
9.035000000000000142e+00,-1.162537174493910586e+00
9.035999999999999588e+00,-1.185257451717747434e+00
9.037000000000000810e+00,-1.207755512456581748e+00
9.038000000000000256e+00,-1.230023099725654490e+00
9.038999999999999702e+00,-1.252052077450821699e+00
9.040000000000000924e+00,-1.273834434692712181e+00
9.041000000000000369e+00,-1.295362289799763644e+00
9.041999999999999815e+00,-1.316627894488334283e+00
9.043000000000001037e+00,-1.337623637846536040e+00
9.044000000000000483e+00,-1.358342050260056277e+00
9.044999999999999929e+00,-1.378775807257847319e+00
9.045999999999999375e+00,-1.398917733274912090e+00
9.047000000000000597e+00,-1.418760805330449903e+00
9.048000000000000043e+00,-1.438298156618938117e+00
9.048999999999999488e+00,-1.457523080012525840e+00
9.050000000000000711e+00,-1.476429031472141995e+00
9.051000000000000156e+00,-1.495009633365621315e+00
9.051999999999999602e+00,-1.513258677691188270e+00
9.053000000000000824e+00,-1.531170129203984542e+00
9.054000000000000270e+00,-1.548738128444059781e+00
9.054999999999999716e+00,-1.565956994664311264e+00
9.056000000000000938e+00,-1.582821228656198453e+00
9.057000000000000384e+00,-1.599325515471955894e+00
9.057999999999999829e+00,-1.615464727041895365e+00
9.059000000000001052e+00,-1.631233924684847958e+00
9.060000000000000497e+00,-1.646628361510570349e+00
9.060999999999999943e+00,-1.661643484713013263e+00
9.061999999999999389e+00,-1.676274937752561422e+00
9.063000000000000611e+00,-1.690518562426584159e+00
9.064000000000000057e+00,-1.704370400826633158e+00
9.064999999999999503e+00,-1.717826697181852325e+00
9.066000000000000725e+00,-1.730883899586759256e+00
9.067000000000000171e+00,-1.743538661613008633e+00
9.067999999999999616e+00,-1.755787843804219595e+00
9.069000000000000838e+00,-1.767628515052707350e+00
9.070000000000000284e+00,-1.779057953857617447e+00
9.070999999999999730e+00,-1.790073649463946426e+00
9.072000000000000952e+00,-1.800673302881401483e+00
9.073000000000000398e+00,-1.810854827782850229e+00
9.073999999999999844e+00,-1.820616351282040801e+00
9.075000000000001066e+00,-1.829956214589806729e+00
9.076000000000000512e+00,-1.838872973548693723e+00
9.076999999999999957e+00,-1.847365399045834300e+00
9.077999999999999403e+00,-1.855432477303669003e+00
9.079000000000000625e+00,-1.863073410048555978e+00
9.080000000000000071e+00,-1.870287614557214484e+00
9.080999999999999517e+00,-1.877074723581100946e+00
9.082000000000000739e+00,-1.883434585148775930e+00
9.083000000000000185e+00,-1.889367262246358425e+00
9.083999999999999631e+00,-1.894873032376620969e+00
9.085000000000000853e+00,-1.899952386996787146e+00
9.086000000000000298e+00,-1.904606030835506170e+00
9.086999999999999744e+00,-1.908834881089627178e+00
9.088000000000000966e+00,-1.912640066501166025e+00
9.089000000000000412e+00,-1.916022926315115837e+00
9.089999999999999858e+00,-1.918985009118903573e+00
9.090999999999999304e+00,-1.921528071564141404e+00
9.092000000000000526e+00,-1.923654076971577309e+00
9.092999999999999972e+00,-1.925365193820100407e+00
9.093999999999999417e+00,-1.926663794120837103e+00
9.095000000000000639e+00,-1.927552451677369216e+00
9.096000000000000085e+00,-1.928033940233099930e+00
9.096999999999999531e+00,-1.928111231507089851e+00
9.098000000000000753e+00,-1.927787493119505369e+00
9.099000000000000199e+00,-1.927066086408020462e+00
9.099999999999999645e+00,-1.925950564136524878e+00
9.101000000000000867e+00,-1.924444668097622824e+00
9.102000000000000313e+00,-1.922552326610418527e+00
9.102999999999999758e+00,-1.920277651915092587e+00
9.104000000000000981e+00,-1.917624937465920443e+00
9.105000000000000426e+00,-1.914598655124524207e+00
9.105999999999999872e+00,-1.911203452254897295e+00
9.106999999999999318e+00,-1.907444148722164501e+00
9.108000000000000540e+00,-1.903325733796899621e+00
9.108999999999999986e+00,-1.898853362966889557e+00
9.109999999999999432e+00,-1.894032354658283346e+00
9.111000000000000654e+00,-1.888868186868249088e+00
9.112000000000000099e+00,-1.883366493711096323e+00
9.112999999999999545e+00,-1.877533061880069187e+00
9.114000000000000767e+00,-1.871373827026906467e+00
9.115000000000000213e+00,-1.864894870061570620e+00
9.115999999999999659e+00,-1.858102413374050021e+00
9.117000000000000881e+00,-1.851002816980957810e+00
9.118000000000000327e+00,-1.843602574599077837e+00
9.118999999999999773e+00,-1.835908309648156989e+00
9.120000000000000995e+00,-1.827926771185625521e+00
9.121000000000000441e+00,-1.819664829775577086e+00
9.121999999999999886e+00,-1.811129473294479153e+00
9.122999999999999332e+00,-1.802327802676290558e+00
9.124000000000000554e+00,-1.793267027599483310e+00
9.125000000000000000e+00,-1.783954462118676254e+00
9.125999999999999446e+00,-1.774397520243412352e+00
9.127000000000000668e+00,-1.764603711466769198e+00
9.128000000000000114e+00,-1.754580636246777736e+00
9.128999999999999559e+00,-1.744335981442852956e+00
9.130000000000000782e+00,-1.733877515710570139e+00
9.131000000000000227e+00,-1.723213084857256439e+00
9.131999999999999673e+00,-1.712350607161114091e+00
9.133000000000000895e+00,-1.701298068656975859e+00
9.134000000000000341e+00,-1.690063518391451636e+00
9.134999999999999787e+00,-1.678655063650024371e+00
9.136000000000001009e+00,-1.667080865159451974e+00
9.137000000000000455e+00,-1.655349132268095325e+00
9.137999999999999901e+00,-1.643468118106861553e+00
9.138999999999999346e+00,-1.631446114734209418e+00
9.140000000000000568e+00,-1.619291448267559552e+00
9.141000000000000014e+00,-1.607012474004472891e+00
9.141999999999999460e+00,-1.594617571536121270e+00
9.143000000000000682e+00,-1.582115139856384634e+00
9.144000000000000128e+00,-1.569513592469177210e+00
9.144999999999999574e+00,-1.556821352496961186e+00
9.146000000000000796e+00,-1.544046847793556498e+00
9.147000000000000242e+00,-1.531198506064101128e+00
9.147999999999999687e+00,-1.518284749994721405e+00
9.149000000000000909e+00,-1.505313992395390654e+00
9.150000000000000355e+00,-1.492294631358408674e+00
9.150999999999999801e+00,-1.479235045435547846e+00
9.152000000000001023e+00,-1.466143588836668510e+00
9.153000000000000469e+00,-1.453028586652788778e+00
9.153999999999999915e+00,-1.439898330106224700e+00
9.154999999999999361e+00,-1.426761071830692451e+00
9.156000000000000583e+00,-1.413625021184231390e+00
9.157000000000000028e+00,-1.400498339597730402e+00
9.157999999999999474e+00,-1.387389135961445863e+00
9.159000000000000696e+00,-1.374305462052716642e+00
9.160000000000000142e+00,-1.361255308007413900e+00
9.160999999999999588e+00,-1.348246597837319261e+00
9.162000000000000810e+00,-1.335287184996802878e+00
9.163000000000000256e+00,-1.322384848000954349e+00
9.163999999999999702e+00,-1.309547286097584307e+00
9.165000000000000924e+00,-1.296782114996031909e+00
9.166000000000000369e+00,-1.284096862655101923e+00
9.166999999999999815e+00,-1.271498965132225045e+00
9.168000000000001037e+00,-1.258995762496902149e+00
9.169000000000000483e+00,-1.246594494810258968e+00
9.169999999999999929e+00,-1.234302298173175050e+00
9.170999999999999375e+00,-1.222126200845504496e+00
9.172000000000000597e+00,-1.210073119438151101e+00
9.173000000000000043e+00,-1.198149855180756562e+00
9.173999999999999488e+00,-1.186363090266492337e+00
9.175000000000000711e+00,-1.174719384276624146e+00
9.176000000000000156e+00,-1.163225170686607690e+00
9.176999999999999602e+00,-1.151886753455571233e+00
9.178000000000000824e+00,-1.140710303701378825e+00
9.179000000000000270e+00,-1.129701856463100951e+00
9.179999999999999716e+00,-1.118867307552443124e+00
9.181000000000000938e+00,-1.108212410496269840e+00
9.182000000000000384e+00,-1.097742773571716235e+00
9.182999999999999829e+00,-1.087463856935508399e+00
9.184000000000001052e+00,-1.077380969849133008e+00
9.185000000000000497e+00,-1.067499268001539159e+00
9.185999999999999943e+00,-1.057823750930432238e+00
9.186999999999999389e+00,-1.048359259544013211e+00
9.188000000000000611e+00,-1.039110473744186969e+00
9.189000000000000057e+00,-1.030081910152761626e+00
9.189999999999999503e+00,-1.021277919941431689e+00
9.191000000000000725e+00,-1.012702686767241067e+00
9.192000000000000171e+00,-1.004360224814259794e+00
9.192999999999999616e+00,-9.962543769423989337e-01
9.194000000000000838e+00,-9.883888129446820603e-01
9.195000000000000284e+00,-9.807670279134798053e-01
9.195999999999999730e+00,-9.733923407166749087e-01
9.197000000000000952e+00,-9.662678925845553657e-01
9.198000000000000398e+00,-9.593966458079875581e-01
9.198999999999999844e+00,-9.527813825484774402e-01
9.200000000000001066e+00,-9.464247037607860236e-01
9.201000000000000512e+00,-9.403290282283797152e-01
9.201999999999999957e+00,-9.344965917121911270e-01
9.202999999999999403e+00,-9.289294462130653907e-01
9.204000000000000625e+00,-9.236294593480214310e-01
9.205000000000000071e+00,-9.185983138406722537e-01
9.205999999999999517e+00,-9.138375071256221727e-01
9.207000000000000739e+00,-9.093483510672455417e-01
9.208000000000000185e+00,-9.051319717925768726e-01
9.208999999999999631e+00,-9.011893096382138646e-01
9.210000000000000853e+00,-8.975211192111655079e-01
9.211000000000000298e+00,-8.941279695633984614e-01
9.211999999999999744e+00,-8.910102444795433563e-01
9.213000000000000966e+00,-8.881681428777271625e-01
9.214000000000000412e+00,-8.856016793228249639e-01
9.214999999999999858e+00,-8.833106846516717292e-01
9.216000000000001080e+00,-8.812948067096743054e-01
9.217000000000000526e+00,-8.795535111981828136e-01
9.217999999999999972e+00,-8.780860826317494761e-01
9.218999999999999417e+00,-8.768916254046948966e-01
9.220000000000000639e+00,-8.759690649659644945e-01
9.221000000000000085e+00,-8.753171491013830297e-01
9.221999999999999531e+00,-8.749344493223871755e-01
9.223000000000000753e+00,-8.748193623600118984e-01
9.224000000000000199e+00,-8.749701117632188163e-01
9.224999999999999645e+00,-8.753847496002290507e-01
9.226000000000000867e+00,-8.760611582616273374e-01
9.227000000000000313e+00,-8.769970523640513438e-01
9.227999999999999758e+00,-8.781899807529425228e-01
9.229000000000000981e+00,-8.796373286029751659e-01
9.230000000000000426e+00,-8.813363196147192546e-01
9.230999999999999872e+00,-8.832840183059997852e-01
9.231999999999999318e+00,-8.854773323962529252e-01
9.233000000000000540e+00,-8.879130152822880540e-01
9.233999999999999986e+00,-8.905876686037564882e-01
9.234999999999999432e+00,-8.934977448965178981e-01
9.236000000000000654e+00,-8.966395503321034077e-01
9.237000000000000099e+00,-9.000092475413660198e-01
9.237999999999999545e+00,-9.036028585205181374e-01
9.239000000000000767e+00,-9.074162676173971320e-01
9.240000000000000213e+00,-9.114452245961145449e-01
9.240999999999999659e+00,-9.156853477778891248e-01
9.242000000000000881e+00,-9.201321272561009401e-01
9.243000000000000327e+00,-9.247809281832077843e-01
9.243999999999999773e+00,-9.296269941275946413e-01
9.245000000000000995e+00,-9.346654504979078348e-01
9.246000000000000441e+00,-9.398913080325822511e-01
9.246999999999999886e+00,-9.452994663525229324e-01
9.247999999999999332e+00,-9.508847175742586311e-01
9.249000000000000554e+00,-9.566417499814046099e-01
9.250000000000000000e+00,-9.625651517518406530e-01
9.250999999999999446e+00,-9.686494147384546727e-01
9.252000000000000668e+00,-9.748889383005834297e-01
9.253000000000000114e+00,-9.812780331839388026e-01
9.253999999999999559e+00,-9.878109254463328659e-01
9.255000000000000782e+00,-9.944817604267990330e-01
9.256000000000000227e+00,-1.001284606755286744e+00
9.256999999999999673e+00,-1.008213460400548822e+00
9.258000000000000895e+00,-1.015262248753515228e+00
9.259000000000000341e+00,-1.022424834743387079e+00
9.259999999999999787e+00,-1.029695020984125131e+00
9.261000000000001009e+00,-1.037066553948226444e+00
9.262000000000000455e+00,-1.044533128165376912e+00
9.262999999999999901e+00,-1.052088390443324029e+00
9.263999999999999346e+00,-1.059725944107981599e+00
9.265000000000000568e+00,-1.067439353260345447e+00
9.266000000000000014e+00,-1.075222147047220078e+00
9.266999999999999460e+00,-1.083067823943376196e+00
9.268000000000000682e+00,-1.090969856041993147e+00
9.269000000000000128e+00,-1.098921693350933593e+00
9.269999999999999574e+00,-1.106916768092084613e+00
9.271000000000000796e+00,-1.114948499000895543e+00
9.272000000000000242e+00,-1.123010295623454891e+00
9.272999999999999687e+00,-1.131095562608548377e+00
9.274000000000000909e+00,-1.139197703991648769e+00
9.275000000000000355e+00,-1.147310127468339491e+00
9.275999999999999801e+00,-1.155426248654577881e+00
9.277000000000001023e+00,-1.163539495330831786e+00
9.278000000000000469e+00,-1.171643311667531995e+00
9.278999999999999915e+00,-1.179731162429402236e+00
9.279999999999999361e+00,-1.187796537155672905e+00
9.281000000000000583e+00,-1.195832954313770680e+00
9.282000000000000028e+00,-1.203833965423851460e+00
9.282999999999999474e+00,-1.211793159151575372e+00
9.284000000000000696e+00,-1.219704165366640503e+00
9.285000000000000142e+00,-1.227560659164337098e+00
9.285999999999999588e+00,-1.235356364847994604e+00
9.287000000000000810e+00,-1.243085059869458053e+00
9.288000000000000256e+00,-1.250740578725330954e+00
9.288999999999999702e+00,-1.258316816806703153e+00
9.290000000000000924e+00,-1.265807734199747125e+00
9.291000000000000369e+00,-1.273207359434866737e+00
9.291999999999999815e+00,-1.280509793182389444e+00
9.293000000000001037e+00,-1.287709211892139827e+00
9.294000000000000483e+00,-1.294799871374822109e+00
9.294999999999999929e+00,-1.301776110323220603e+00
9.295999999999999375e+00,-1.308632353770659229e+00
9.297000000000000597e+00,-1.315363116485043005e+00
9.298000000000000043e+00,-1.321963006296065002e+00
9.298999999999999488e+00,-1.328426727353833936e+00
9.300000000000000711e+00,-1.334749083316808305e+00
9.301000000000000156e+00,-1.340924980467087302e+00
9.301999999999999602e+00,-1.346949430751348098e+00
9.303000000000000824e+00,-1.352817554745505468e+00
9.304000000000000270e+00,-1.358524584541197289e+00
9.304999999999999716e+00,-1.364065866552729878e+00
9.306000000000000938e+00,-1.369436864242419283e+00
9.307000000000000384e+00,-1.374633160762951611e+00
9.307999999999999829e+00,-1.379650461515287363e+00
9.309000000000001052e+00,-1.384484596620308094e+00
9.310000000000000497e+00,-1.389131523303054783e+00
9.310999999999999943e+00,-1.393587328188079955e+00
9.311999999999999389e+00,-1.397848229504507156e+00
9.313000000000000611e+00,-1.401910579199697304e+00
9.314000000000000057e+00,-1.405770864960191435e+00
9.314999999999999503e+00,-1.409425712138868469e+00
9.316000000000000725e+00,-1.412871885587159149e+00
9.317000000000000171e+00,-1.416106291391391103e+00
9.317999999999999616e+00,-1.419125978512312258e+00
9.319000000000000838e+00,-1.421928140326734757e+00
9.320000000000000284e+00,-1.424510116070777377e+00
9.320999999999999730e+00,-1.426869392183674368e+00
9.322000000000000952e+00,-1.429003603551591839e+00
9.323000000000000398e+00,-1.430910534650761790e+00
9.323999999999999844e+00,-1.432588120589467717e+00
9.325000000000001066e+00,-1.434034448048309374e+00
9.326000000000000512e+00,-1.435247756118284146e+00
9.326999999999999957e+00,-1.436226437036413728e+00
9.327999999999999403e+00,-1.436969036818594780e+00
9.329000000000000625e+00,-1.437474255789386479e+00
9.330000000000000071e+00,-1.437740949008613711e+00
9.330999999999999517e+00,-1.437768126594785700e+00
9.332000000000000739e+00,-1.437554953945092473e+00
9.333000000000000185e+00,-1.437100751852220748e+00
9.333999999999999631e+00,-1.436404996517959054e+00
9.335000000000000853e+00,-1.435467319463902935e+00
9.336000000000000298e+00,-1.434287507339313539e+00
9.336999999999999744e+00,-1.432865501626642279e+00
9.338000000000000966e+00,-1.431201398244954071e+00
9.339000000000000412e+00,-1.429295447051722512e+00
9.339999999999999858e+00,-1.427148051243535942e+00
9.341000000000001080e+00,-1.424759766656210624e+00
9.342000000000000526e+00,-1.422131300965096878e+00
9.342999999999999972e+00,-1.419263512786072212e+00
9.343999999999999417e+00,-1.416157410678117179e+00
9.345000000000000639e+00,-1.412814152048311955e+00
9.346000000000000085e+00,-1.409235041960101631e+00
9.346999999999999531e+00,-1.405421531845636673e+00
9.348000000000000753e+00,-1.401375218123601440e+00
9.349000000000000199e+00,-1.397097840723171780e+00
9.349999999999999645e+00,-1.392591281515394019e+00
9.351000000000000867e+00,-1.387857562653328714e+00
9.352000000000000313e+00,-1.382898844821965900e+00
9.352999999999999758e+00,-1.377717425399384910e+00
9.354000000000000981e+00,-1.372315736530423935e+00
9.355000000000000426e+00,-1.366696343114399692e+00
9.355999999999999872e+00,-1.360861940708194773e+00
9.356999999999999318e+00,-1.354815353346339846e+00
9.358000000000000540e+00,-1.348559531279759138e+00
9.358999999999999986e+00,-1.342097548634505921e+00
9.359999999999999432e+00,-1.335432600992587870e+00
9.361000000000000654e+00,-1.328568002896220790e+00
9.362000000000000099e+00,-1.321507185277660312e+00
9.362999999999999545e+00,-1.314253692816041763e+00
9.364000000000000767e+00,-1.306811181223382690e+00
9.365000000000000213e+00,-1.299183414461784425e+00
9.365999999999999659e+00,-1.291374261893261766e+00
9.367000000000000881e+00,-1.283387695364774927e+00
9.368000000000000327e+00,-1.275227786230249238e+00
9.368999999999999773e+00,-1.266898702311656466e+00
9.370000000000000995e+00,-1.258404704801220353e+00
9.371000000000000441e+00,-1.249750145107243915e+00
9.371999999999999886e+00,-1.240939461645220288e+00
9.372999999999999332e+00,-1.231977176576955380e+00
9.374000000000000554e+00,-1.222867892499576836e+00
9.375000000000000000e+00,-1.213616289087045219e+00
9.375999999999999446e+00,-1.204227119686137382e+00
9.377000000000000668e+00,-1.194705207869555474e+00
9.378000000000000114e+00,-1.185055443948418885e+00
9.378999999999999559e+00,-1.175282781446377989e+00
9.380000000000000782e+00,-1.165392233538058431e+00
9.381000000000000227e+00,-1.155388869454101686e+00
9.381999999999999673e+00,-1.145277810855173772e+00
9.383000000000000895e+00,-1.135064228177675050e+00
9.384000000000000341e+00,-1.124753336953460137e+00
9.384999999999999787e+00,-1.114350394106008890e+00
9.386000000000001009e+00,-1.103860694225832884e+00
9.387000000000000455e+00,-1.093289565827433751e+00
9.387999999999999901e+00,-1.082642367590347821e+00
9.388999999999999346e+00,-1.071924484586975312e+00
9.390000000000000568e+00,-1.061141324499649707e+00
9.391000000000000014e+00,-1.050298313829615138e+00
9.391999999999999460e+00,-1.039400894100106054e+00
9.393000000000000682e+00,-1.028454518056742151e+00
9.394000000000000128e+00,-1.017464645867302231e+00
9.394999999999999574e+00,-1.006436741323405659e+00
9.396000000000000796e+00,-9.953762680471113233e-01
9.397000000000000242e+00,-9.842886857045940463e-01
9.397999999999999687e+00,-9.731794462295297876e-01
9.399000000000000909e+00,-9.620539900588027660e-01
9.400000000000000355e+00,-9.509177423831125520e-01
9.400999999999999801e+00,-9.397761094147598637e-01
9.402000000000001023e+00,-9.286344746753515400e-01
9.403000000000000469e+00,-9.174981953059287987e-01
9.403999999999999915e+00,-9.063725984016661741e-01
9.404999999999999361e+00,-8.952629773740141683e-01
9.406000000000000583e+00,-8.841745883424446673e-01
9.407000000000000028e+00,-8.731126465583888274e-01
9.407999999999999474e+00,-8.620823228634537649e-01
9.409000000000000696e+00,-8.510887401846662925e-01
9.410000000000000142e+00,-8.401369700689427233e-01
9.410999999999999588e+00,-8.292320292588357677e-01
9.412000000000000810e+00,-8.183788763122465948e-01
9.413000000000000256e+00,-8.075824082681525296e-01
9.413999999999999702e+00,-7.968474573604521494e-01
9.415000000000000924e+00,-7.861787877823749326e-01
9.416000000000000369e+00,-7.755810925034073433e-01
9.416999999999999815e+00,-7.650589901408892946e-01
9.418000000000001037e+00,-7.546170218884044045e-01
9.419000000000000483e+00,-7.442596485030479325e-01
9.419999999999999929e+00,-7.339912473532587134e-01
9.420999999999999375e+00,-7.238161095296496983e-01
9.422000000000000597e+00,-7.137384370203411210e-01
9.423000000000000043e+00,-7.037623399529562285e-01
9.423999999999999488e+00,-6.938918339047323025e-01
9.425000000000000711e+00,-6.841308372829552065e-01
9.426000000000000156e+00,-6.744831687772073758e-01
9.426999999999999602e+00,-6.649525448849836762e-01
9.428000000000000824e+00,-6.555425775126196841e-01
9.429000000000000270e+00,-6.462567716529105111e-01
9.429999999999999716e+00,-6.370985231408382576e-01
9.431000000000000938e+00,-6.280711164891825682e-01
9.432000000000000384e+00,-6.191777228052111059e-01
9.432999999999999829e+00,-6.104213977897464671e-01
9.434000000000001052e+00,-6.018050798201779461e-01
9.435000000000000497e+00,-5.933315881184971774e-01
9.435999999999999943e+00,-5.850036210054373464e-01
9.436999999999999389e+00,-5.768237542421228436e-01
9.438000000000000611e+00,-5.687944394600955578e-01
9.439000000000000057e+00,-5.609180026808707753e-01
9.439999999999999503e+00,-5.531966429257348938e-01
9.441000000000000725e+00,-5.456324309170255127e-01
9.442000000000000171e+00,-5.382273078714873149e-01
9.442999999999999616e+00,-5.309830843864448147e-01
9.444000000000000838e+00,-5.239014394197291091e-01
9.445000000000000284e+00,-5.169839193637676411e-01
9.445999999999999730e+00,-5.102319372145093235e-01
9.447000000000000952e+00,-5.036467718357134915e-01
9.448000000000000398e+00,-4.972295673191181042e-01
9.448999999999999844e+00,-4.909813324406476776e-01
9.450000000000001066e+00,-4.849029402132508659e-01
9.451000000000000512e+00,-4.789951275365254002e-01
9.451999999999999957e+00,-4.732584949432000476e-01
9.452999999999999403e+00,-4.676935064428280331e-01
9.454000000000000625e+00,-4.623004894625606376e-01
9.455000000000000071e+00,-4.570796348851868252e-01
9.455999999999999517e+00,-4.520309971840994478e-01
9.457000000000000739e+00,-4.471544946553684952e-01
9.458000000000000185e+00,-4.424499097465401931e-01
9.458999999999999631e+00,-4.379168894818825652e-01
9.460000000000000853e+00,-4.335549459838523578e-01
9.461000000000000298e+00,-4.293634570903850367e-01
9.461999999999999744e+00,-4.253416670674042277e-01
9.463000000000000966e+00,-4.214886874162303565e-01
9.464000000000000412e+00,-4.178034977752139723e-01
9.464999999999999858e+00,-4.142849469148633390e-01
9.466000000000001080e+00,-4.109317538259620872e-01
9.467000000000000526e+00,-4.077425088996961544e-01
9.467999999999999972e+00,-4.047156751990748647e-01
9.468999999999999417e+00,-4.018495898207422590e-01
9.470000000000000639e+00,-3.991424653461821404e-01
9.471000000000000085e+00,-3.965923913813447221e-01
9.471999999999999531e+00,-3.941973361835993117e-01
9.473000000000000753e+00,-3.919551483748245357e-01
9.474000000000000199e+00,-3.898635587396370727e-01
9.474999999999999645e+00,-3.879201821072235656e-01
9.476000000000000867e+00,-3.861225193157306057e-01
9.477000000000000313e+00,-3.844679592577191496e-01
9.477999999999999758e+00,-3.829537810052641711e-01
9.479000000000000981e+00,-3.815771560133184304e-01
9.480000000000000426e+00,-3.803351503997274285e-01
9.480999999999999872e+00,-3.792247273003909736e-01
9.481999999999999318e+00,-3.782427492978839845e-01
9.483000000000000540e+00,-3.773859809219731742e-01
9.483999999999999986e+00,-3.766510912201225802e-01
9.484999999999999432e+00,-3.760346563964470090e-01
9.486000000000000654e+00,-3.755331625171221543e-01
9.487000000000000099e+00,-3.751430082804863009e-01
9.487999999999999545e+00,-3.748605078498593035e-01
9.489000000000000767e+00,-3.746818937472521927e-01
9.490000000000000213e+00,-3.746033198057991398e-01
9.490999999999999659e+00,-3.746208641790849669e-01
9.492000000000000881e+00,-3.747305324051664055e-01
9.493000000000000327e+00,-3.749282605231948340e-01
9.493999999999999773e+00,-3.752099182406386513e-01
9.495000000000000995e+00,-3.755713121486903838e-01
9.496000000000000441e+00,-3.760081889838673974e-01
9.496999999999999886e+00,-3.765162389335189874e-01
9.497999999999999332e+00,-3.770910989828773485e-01
9.499000000000000554e+00,-3.777283563014440793e-01
9.500000000000000000e+00,-3.784235516664427035e-01
9.500999999999999446e+00,-3.791721829207763128e-01
9.502000000000000668e+00,-3.799697084633428257e-01
9.503000000000000114e+00,-3.808115507692749757e-01
9.503999999999999559e+00,-3.816930999375209854e-01
9.505000000000000782e+00,-3.826097172635286037e-01
9.506000000000000227e+00,-3.835567388344850448e-01
9.506999999999999673e+00,-3.845294791446381977e-01
9.508000000000000895e+00,-3.855232347282578353e-01
9.509000000000000341e+00,-3.865332878076975232e-01
9.509999999999999787e+00,-3.875549099540827047e-01
9.511000000000001009e+00,-3.885833657581250766e-01
9.512000000000000455e+00,-3.896139165084217537e-01
9.512999999999999901e+00,-3.906418238748288752e-01
9.513999999999999346e+00,-3.916623535944069312e-01
9.515000000000000568e+00,-3.926707791572228712e-01
9.516000000000000014e+00,-3.936623854896240116e-01
9.516999999999999460e+00,-3.946324726324068055e-01
9.518000000000000682e+00,-3.955763594112668979e-01
9.519000000000000128e+00,-3.964893870970954692e-01
9.519999999999999574e+00,-3.973669230535940011e-01
9.521000000000000796e+00,-3.982043643695606927e-01
9.522000000000000242e+00,-3.989971414734848065e-01
9.522999999999999687e+00,-3.997407217278436953e-01
9.524000000000000909e+00,-4.004306130006684561e-01
9.525000000000000355e+00,-4.010623672118512340e-01
9.525999999999999801e+00,-4.016315838518340620e-01
9.527000000000001023e+00,-4.021339134700485096e-01
9.528000000000000469e+00,-4.025650611309506410e-01
9.528999999999999915e+00,-4.029207898348970418e-01
9.529999999999999361e+00,-4.031969239018008966e-01
9.531000000000000583e+00,-4.033893523150702265e-01
9.532000000000000028e+00,-4.034940320234454703e-01
9.532999999999999474e+00,-4.035069911984849322e-01
9.534000000000000696e+00,-4.034243324454628854e-01
9.535000000000000142e+00,-4.032422359652734212e-01
9.535999999999999588e+00,-4.029569626653294323e-01
9.537000000000000810e+00,-4.025648572170893447e-01
9.538000000000000256e+00,-4.020623510581303184e-01
9.538999999999999702e+00,-4.014459653366623804e-01
9.540000000000000924e+00,-4.007123137964231918e-01
9.541000000000000369e+00,-3.998581055997089684e-01
9.541999999999999815e+00,-3.988801480868888749e-01
9.543000000000001037e+00,-3.977753494701105619e-01
9.544000000000000483e+00,-3.965407214594806606e-01
9.544999999999999929e+00,-3.951733818197229464e-01
9.545999999999999375e+00,-3.936705568555161627e-01
9.547000000000000597e+00,-3.920295838237930486e-01
9.548000000000000043e+00,-3.902479132711281218e-01
9.548999999999999488e+00,-3.883231112946403663e-01
9.550000000000000711e+00,-3.862528617246890339e-01
9.551000000000000156e+00,-3.840349682278436094e-01
9.551999999999999602e+00,-3.816673563284440074e-01
9.553000000000000824e+00,-3.791480753474758547e-01
9.554000000000000270e+00,-3.764753002571394336e-01
9.554999999999999716e+00,-3.736473334498250920e-01
9.556000000000000938e+00,-3.706626064201228310e-01
9.557000000000000384e+00,-3.675196813587174316e-01
9.557999999999999829e+00,-3.642172526566953561e-01
9.559000000000001052e+00,-3.607541483194035559e-01
9.560000000000000497e+00,-3.571293312886573701e-01
9.560999999999999943e+00,-3.533419006721437161e-01
9.561999999999999389e+00,-3.493910928792509640e-01
9.563000000000000611e+00,-3.452762826622214343e-01
9.564000000000000057e+00,-3.409969840619772596e-01
9.564999999999999503e+00,-3.365528512575917675e-01
9.566000000000000725e+00,-3.319436793189089463e-01
9.567000000000000171e+00,-3.271694048615115258e-01
9.567999999999999616e+00,-3.222301066035074824e-01
9.569000000000000838e+00,-3.171260058234669499e-01
9.570000000000000284e+00,-3.118574667193121930e-01
9.570999999999999730e+00,-3.064249966674391645e-01
9.572000000000000952e+00,-3.008292463819521867e-01
9.573000000000000398e+00,-2.950710099737299807e-01
9.573999999999999844e+00,-2.891512249088735720e-01
9.575000000000001066e+00,-2.830709718667699382e-01
9.576000000000000512e+00,-2.768314744974271213e-01
9.576999999999999957e+00,-2.704340990780995102e-01
9.577999999999999403e+00,-2.638803540694220073e-01
9.579000000000000625e+00,-2.571718895709370067e-01
9.580000000000000071e+00,-2.503104966765445916e-01
9.580999999999999517e+00,-2.432981067296390021e-01
9.582000000000000739e+00,-2.361367904787684824e-01
9.583000000000000185e+00,-2.288287571339546744e-01
9.583999999999999631e+00,-2.213763533240113990e-01
9.585000000000000853e+00,-2.137820619557297130e-01
9.586000000000000298e+00,-2.060485009751604757e-01
9.586999999999999744e+00,-1.981784220318419665e-01
9.588000000000000966e+00,-1.901747090466986423e-01
9.589000000000000412e+00,-1.820403766843168847e-01
9.589999999999999858e+00,-1.737785687303661231e-01
9.591000000000001080e+00,-1.653925563753661787e-01
9.592000000000000526e+00,-1.568857364054402348e-01
9.592999999999999972e+00,-1.482616293012087028e-01
9.593999999999999417e+00,-1.395238772460383470e-01
9.595000000000000639e+00,-1.306762420446274664e-01
9.596000000000000085e+00,-1.217226029533037546e-01
9.596999999999999531e+00,-1.126669544230048253e-01
9.598000000000000753e+00,-1.035134037567575077e-01
9.599000000000000199e+00,-9.426616868266626814e-02
9.599999999999999645e+00,-8.492957484388591327e-02
9.601000000000000867e+00,-7.550805320730478998e-02
9.602000000000000313e+00,-6.600613739239898081e-02
9.602999999999999758e+00,-5.642846092162559501e-02
9.604000000000000981e+00,-4.677975439445369171e-02
9.605000000000000426e+00,-3.706484258651492059e-02
9.605999999999999872e+00,-2.728864147552416061e-02
9.606999999999999318e+00,-1.745615519605468388e-02
9.608000000000000540e+00,-7.572472924940714528e-03
9.608999999999999986e+00,2.357234300822863733e-03
9.609999999999999432e+00,1.232771683179178721e-02
9.611000000000000654e+00,2.233364971713018912e-02
9.612000000000000099e+00,3.236963607710485746e-02
9.612999999999999545e+00,4.243021053508425761e-02
9.614000000000000767e+00,5.250984270663121289e-02
9.615000000000000213e+00,6.260294074354871841e-02
9.615999999999999659e+00,7.270385493086665984e-02
9.617000000000000881e+00,8.280688133435072651e-02
9.618000000000000327e+00,9.290626549615993435e-02
9.618999999999999773e+00,1.029962061765568176e-01
9.620000000000000995e+00,1.130708591391652029e-01
9.621000000000000441e+00,1.231243409772571767e-01
9.621999999999999886e+00,1.331507329790712901e-01
9.622999999999999332e+00,1.431440850291620104e-01
9.624000000000000554e+00,1.530984195437583018e-01
9.625000000000000000e+00,1.630077354372643506e-01
9.625999999999999446e+00,1.728660121177857667e-01
9.627000000000000668e+00,1.826672135087398230e-01
9.628000000000000114e+00,1.924052920940781120e-01
9.628999999999999559e+00,2.020741929848154372e-01
9.630000000000000782e+00,2.116678580038481861e-01
9.631000000000000227e+00,2.211802297866499734e-01
9.631999999999999673e+00,2.306052558952671749e-01
9.633000000000000895e+00,2.399368929428033759e-01
9.634000000000000341e+00,2.491691107257541504e-01
9.634999999999999787e+00,2.582958963617829062e-01
9.636000000000001009e+00,2.673112584298267813e-01
9.637000000000000455e+00,2.762092311101250197e-01
9.637999999999999901e+00,2.849838783215853932e-01
9.638999999999999346e+00,2.936292978534529863e-01
9.640000000000000568e+00,3.021396254888919497e-01
9.641000000000000014e+00,3.105090391175687192e-01
9.641999999999999460e+00,3.187317628349209953e-01
9.643000000000000682e+00,3.268020710248493721e-01
9.644000000000000128e+00,3.347142924237071493e-01
9.644999999999999574e+00,3.424628141625913891e-01
9.646000000000000796e+00,3.500420857854529832e-01
9.647000000000000242e+00,3.574466232402478405e-01
9.647999999999999687e+00,3.646710128405864504e-01
9.649000000000000909e+00,3.717099151952372726e-01
9.650000000000000355e+00,3.785580691028008204e-01
9.650999999999999801e+00,3.852102954092131992e-01
9.652000000000001023e+00,3.916615008252097851e-01
9.653000000000000469e+00,3.979066817013467428e-01
9.653999999999999915e+00,4.039409277581623159e-01
9.654999999999999361e+00,4.097594257688038089e-01
9.656000000000000583e+00,4.153574631917654747e-01
9.657000000000000028e+00,4.207304317511567082e-01
9.657999999999999474e+00,4.258738309624136575e-01
9.659000000000000696e+00,4.307832716006825824e-01
9.660000000000000142e+00,4.354544791096836565e-01
9.660999999999999588e+00,4.398832969488913336e-01
9.662000000000000810e+00,4.440656898765450999e-01
9.663000000000000256e+00,4.479977471662808242e-01
9.663999999999999702e+00,4.516756857553713700e-01
9.665000000000000924e+00,4.550958533221389213e-01
9.666000000000000369e+00,4.582547312905657089e-01
9.666999999999999815e+00,4.611489377601289408e-01
9.668000000000001037e+00,4.637752303585772062e-01
9.669000000000000483e+00,4.661305090158147646e-01
9.669999999999999929e+00,4.682118186570914387e-01
9.670999999999999375e+00,4.700163518131780238e-01
9.672000000000000597e+00,4.715414511461927249e-01
9.673000000000000043e+00,4.727846118889441063e-01
9.673999999999999488e+00,4.737434841961043475e-01
9.675000000000000711e+00,4.744158754057206107e-01
9.676000000000000156e+00,4.747997522091839673e-01
9.676999999999999602e+00,4.748932427281589153e-01
9.678000000000000824e+00,4.746946384970238131e-01
9.679000000000000270e+00,4.742023963493025573e-01
9.679999999999999716e+00,4.734151402066757997e-01
9.681000000000000938e+00,4.723316627692301095e-01
9.682000000000000384e+00,4.709509271056298019e-01
9.682999999999999829e+00,4.692720681420787798e-01
9.684000000000001052e+00,4.672943940487749859e-01
9.685000000000000497e+00,4.650173875228846287e-01
9.685999999999999943e+00,4.624407069668853287e-01
9.686999999999999389e+00,4.595641875614350225e-01
9.688000000000000611e+00,4.563878422316178796e-01
9.689000000000000057e+00,4.529118625060979952e-01
9.689999999999999503e+00,4.491366192680076863e-01
9.691000000000000725e+00,4.450626633970801160e-01
9.692000000000000171e+00,4.406907263024930077e-01
9.692999999999999616e+00,4.360217203454059276e-01
9.694000000000000838e+00,4.310567391512202251e-01
9.695000000000000284e+00,4.257970578107330706e-01
9.695999999999999730e+00,4.202441329700188355e-01
9.697000000000000952e+00,4.143996028085940586e-01
9.698000000000000398e+00,4.082652869058356893e-01
9.698999999999999844e+00,4.018431859951334673e-01
9.700000000000001066e+00,3.951354816061274366e-01
9.701000000000000512e+00,3.881445355947084619e-01
9.701999999999999957e+00,3.808728895607977338e-01
9.702999999999999403e+00,3.733232641542824637e-01
9.704000000000000625e+00,3.654985582690718493e-01
9.705000000000000071e+00,3.574018481255607504e-01
9.705999999999999517e+00,3.490363862418474072e-01
9.707000000000000739e+00,3.404056002941881487e-01
9.708000000000000185e+00,3.315130918670644022e-01
9.708999999999999631e+00,3.223626350932554674e-01
9.710000000000000853e+00,3.129581751849063731e-01
9.711000000000000298e+00,3.033038268558601036e-01
9.711999999999999744e+00,2.934038726361477001e-01
9.713000000000000966e+00,2.832627610795768747e-01
9.714000000000000412e+00,2.728851048651085853e-01
9.714999999999999858e+00,2.622756787930104472e-01
9.716000000000001080e+00,2.514394176767684730e-01
9.717000000000000526e+00,2.403814141320699815e-01
9.717999999999999972e+00,2.291069162635503975e-01
9.718999999999999417e+00,2.176213252509354434e-01
9.720000000000000639e+00,2.059301928356346290e-01
9.721000000000000085e+00,1.940392187092079834e-01
9.721999999999999531e+00,1.819542478048636058e-01
9.723000000000000753e+00,1.696812674938591448e-01
9.724000000000000199e+00,1.572264046880626209e-01
9.724999999999999645e+00,1.445959228501086380e-01
9.726000000000000867e+00,1.317962189131232087e-01
9.727000000000000313e+00,1.188338201116711512e-01
9.727999999999999758e+00,1.057153807251780125e-01
9.729000000000000981e+00,9.244767873637146915e-02
9.730000000000000426e+00,7.903761240617931949e-02
9.730999999999999872e+00,6.549219676693149306e-02
9.731999999999999318e+00,5.181856003614626616e-02
9.733000000000000540e+00,3.802393995260588272e-02
9.733999999999999986e+00,2.411568003715593503e-02
9.734999999999999432e+00,1.010122577987553408e-02
9.736000000000000654e+00,-4.011879243780812690e-03
9.737000000000000099e+00,-1.821599732575776218e-02
9.737999999999999545e+00,-3.250340064511990368e-02
9.739000000000000767e+00,-4.686627535204881262e-02
9.740000000000000213e+00,-6.129672571378405599e-02
9.740999999999999659e+00,-7.578677832053687391e-02
9.742000000000000881e+00,-9.032838634842912939e-02
9.743000000000000327e+00,-1.049134338771288144e-01
9.743999999999999773e+00,-1.195337402601460985e-01
9.745000000000000995e+00,-1.341810645444712347e-01
9.746000000000000441e+00,-1.488471099374896744e-01
9.746999999999999886e+00,-1.635235283186271260e-01
9.747999999999999332e+00,-1.782019247926833472e-01
9.749000000000000554e+00,-1.928738622825622306e-01
9.750000000000000000e+00,-2.075308661584678860e-01
9.750999999999999446e+00,-2.221644289011391604e-01
9.752000000000000668e+00,-2.367660147959987360e-01
9.753000000000000114e+00,-2.513270646556218235e-01
9.753999999999999559e+00,-2.658390005680521528e-01
9.755000000000000782e+00,-2.802932306675344210e-01
9.756000000000000227e+00,-2.946811539253052503e-01
9.756999999999999673e+00,-3.089941649576433136e-01
9.758000000000000895e+00,-3.232236588479195927e-01
9.759000000000000341e+00,-3.373610359801202940e-01
9.759999999999999787e+00,-3.513977068809713278e-01
9.761000000000001009e+00,-3.653250970676001352e-01
9.762000000000000455e+00,-3.791346518979142322e-01
9.762999999999999901e+00,-3.928178414209638758e-01
9.763999999999999346e+00,-4.063661652241226108e-01
9.765000000000000568e+00,-4.197711572744032837e-01
9.766000000000000014e+00,-4.330243907507928536e-01
9.766999999999999460e+00,-4.461174828651511826e-01
9.768000000000000682e+00,-4.590420996681848220e-01
9.769000000000000128e+00,-4.717899608379412246e-01
9.769999999999999574e+00,-4.843528444481386974e-01
9.771000000000000796e+00,-4.967225917130106971e-01
9.772000000000000242e+00,-5.088911117059781164e-01
9.772999999999999687e+00,-5.208503860496830340e-01
9.774000000000000909e+00,-5.325924735738848392e-01
9.775000000000000355e+00,-5.441095149388692764e-01
9.775999999999999801e+00,-5.553937372215255186e-01
9.777000000000001023e+00,-5.664374584611107100e-01
9.778000000000000469e+00,-5.772330921621137145e-01
9.778999999999999915e+00,-5.877731517515371040e-01
9.779999999999999361e+00,-5.980502549876521856e-01
9.781000000000000583e+00,-6.080571283178042297e-01
9.782000000000000028e+00,-6.177866111823665518e-01
9.782999999999999474e+00,-6.272316602625632731e-01
9.784000000000000696e+00,-6.363853536691953527e-01
9.785000000000000142e+00,-6.452408950698562684e-01
9.785999999999999588e+00,-6.537916177523231953e-01
9.787000000000000810e+00,-6.620309886212591977e-01
9.788000000000000256e+00,-6.699526121259834488e-01
9.788999999999999702e+00,-6.775502341170188680e-01
9.790000000000000924e+00,-6.848177456287708464e-01
9.791000000000000369e+00,-6.917491865861513656e-01
9.791999999999999815e+00,-6.983387494329573730e-01
9.793000000000001037e+00,-7.045807826795701390e-01
9.794000000000000483e+00,-7.104697943678732752e-01
9.794999999999999929e+00,-7.160004554513618169e-01
9.795999999999999375e+00,-7.211676030881150057e-01
9.797000000000000597e+00,-7.259662438447677113e-01
9.798000000000000043e+00,-7.303915568093725108e-01
9.798999999999999488e+00,-7.344388966113805095e-01
9.800000000000000711e+00,-7.381037963466251517e-01
9.801000000000000156e+00,-7.413819704056328064e-01
9.801999999999999602e+00,-7.442693172034979820e-01
9.803000000000000824e+00,-7.467619218095059574e-01
9.804000000000000270e+00,-7.488560584749039961e-01
9.804999999999999716e+00,-7.505481930572560634e-01
9.806000000000000938e+00,-7.518349853397581217e-01
9.807000000000000384e+00,-7.527132912441467649e-01
9.807999999999999829e+00,-7.531801649356879569e-01
9.809000000000001052e+00,-7.532328608189635677e-01
9.810000000000000497e+00,-7.528688354231443114e-01
9.810999999999999943e+00,-7.520857491755512658e-01
9.811999999999999389e+00,-7.508814680623313587e-01
9.813000000000000611e+00,-7.492540651751729008e-01
9.814000000000000057e+00,-7.472018221430499763e-01
9.814999999999999503e+00,-7.447232304480234655e-01
9.816000000000000725e+00,-7.418169926242551560e-01
9.817000000000000171e+00,-7.384820233394050470e-01
9.817999999999999616e+00,-7.347174503576339166e-01
9.819000000000000838e+00,-7.305226153835939762e-01
9.820000000000000284e+00,-7.258970747868455087e-01
9.820999999999999730e+00,-7.208406002059953854e-01
9.822000000000000952e+00,-7.153531790323122141e-01
9.823000000000000398e+00,-7.094350147723567090e-01
9.823999999999999844e+00,-7.030865272891829720e-01
9.825000000000001066e+00,-6.963083529220900347e-01
9.826000000000000512e+00,-6.891013444846449953e-01
9.826999999999999957e+00,-6.814665711408088855e-01
9.827999999999999403e+00,-6.734053181592953852e-01
9.829000000000000625e+00,-6.649190865461116484e-01
9.830000000000000071e+00,-6.560095925554729757e-01
9.830999999999999517e+00,-6.466787670791365183e-01
9.832000000000000739e+00,-6.369287549146277483e-01
9.833000000000000185e+00,-6.267619139126353600e-01
9.833999999999999631e+00,-6.161808140038241843e-01
9.835000000000000853e+00,-6.051882361057872028e-01
9.836000000000000298e+00,-5.937871709106130602e-01
9.836999999999999744e+00,-5.819808175535376993e-01
9.838000000000000966e+00,-5.697725821636671073e-01
9.839000000000000412e+00,-5.571660762973874581e-01
9.839999999999999858e+00,-5.441651152551640891e-01
9.841000000000001080e+00,-5.307737162829072597e-01
9.842000000000000526e+00,-5.169960966588578177e-01
9.842999999999999972e+00,-5.028366716666534675e-01
9.843999999999999417e+00,-4.883000524563103628e-01
9.845000000000000639e+00,-4.733910437937502991e-01
9.846000000000000085e+00,-4.581146417006310423e-01
9.846999999999999531e+00,-4.424760309850914175e-01
9.848000000000000753e+00,-4.264805826656592469e-01
9.849000000000000199e+00,-4.101338512891843369e-01
9.849999999999999645e+00,-3.934415721443029756e-01
9.851000000000000867e+00,-3.764096583724262368e-01
9.852000000000000313e+00,-3.590441979775331194e-01
9.852999999999999758e+00,-3.413514507364086570e-01
9.854000000000000981e+00,-3.233378450114103297e-01
9.855000000000000426e+00,-3.050099744675011104e-01
9.855999999999999872e+00,-2.863745946949309840e-01
9.856999999999999318e+00,-2.674386197403084697e-01
9.858000000000000540e+00,-2.482091185473246364e-01
9.858999999999999986e+00,-2.286933113097755765e-01
9.859999999999999432e+00,-2.088985657382202155e-01
9.861000000000000654e+00,-1.888323932432693919e-01
9.862000000000000099e+00,-1.685024450372291649e-01
9.862999999999999545e+00,-1.479165081560894213e-01
9.864000000000000767e+00,-1.270825014048377055e-01
9.865000000000000213e+00,-1.060084712279441843e-01
9.865999999999999659e+00,-8.470258750733983266e-02
9.867000000000000881e+00,-6.317313929064839739e-02
9.868000000000000327e+00,-4.142853045216488006e-02
9.868999999999999773e+00,-1.947727528834453450e-02
9.870000000000000995e+00,2.672005948601915200e-03
9.871000000000000441e+00,2.501059157695353918e-02
9.871999999999999886e+00,4.752966306929592988e-02
9.872999999999999332e+00,7.022030969047314553e-02
9.874000000000000554e+00,9.307353318757592697e-02
9.875000000000000000e+00,1.160802525289075932e-01
9.875999999999999446e+00,1.392313086896612429e-01
9.877000000000000668e+00,1.625174694808967368e-01
9.878000000000000114e+00,1.859294344193098969e-01
9.878999999999999559e+00,2.094578396353268257e-01
9.880000000000000782e+00,2.330932628159888276e-01
9.881000000000000227e+00,2.568262281801718117e-01
9.881999999999999673e+00,2.806472114834557829e-01
9.883000000000000895e+00,3.045466450491609023e-01
9.884000000000000341e+00,3.285149228229307106e-01
9.884999999999999787e+00,3.525424054482926284e-01
9.886000000000001009e+00,3.766194253595826491e-01
9.887000000000000455e+00,4.007362918894908921e-01
9.887999999999999901e+00,4.248832963888545811e-01
9.888999999999999346e+00,4.490507173546951503e-01
9.890000000000000568e+00,4.732288255644099273e-01
9.891000000000000014e+00,4.974078892124792484e-01
9.891999999999999460e+00,5.215781790474447455e-01
9.893000000000000682e+00,5.457299735054017553e-01
9.894000000000000128e+00,5.698535638373630752e-01
9.894999999999999574e+00,5.939392592278704974e-01
9.896000000000000796e+00,6.179773919012089278e-01
9.897000000000000242e+00,6.419583222125412325e-01
9.897999999999999687e+00,6.658724437215874925e-01
9.899000000000000909e+00,6.897101882448317678e-01
9.900000000000000355e+00,7.134620308839852987e-01
9.900999999999999801e+00,7.371184950280816883e-01
9.902000000000001023e+00,7.606701573254723847e-01
9.903000000000000469e+00,7.841076526233800026e-01
9.903999999999999915e+00,8.074216788723691529e-01
9.904999999999999361e+00,8.306030019922379104e-01
9.906000000000000583e+00,8.536424606970368645e-01
9.907000000000000028e+00,8.765309712761506500e-01
9.907999999999999474e+00,8.992595323290382137e-01
9.909000000000000696e+00,9.218192294504522488e-01
9.910000000000000142e+00,9.442012398635414305e-01
9.910999999999999588e+00,9.663968369986621898e-01
9.912000000000000810e+00,9.883973950145431564e-01
9.913000000000000256e+00,1.010194393259396639e+00
9.913999999999999702e+00,1.031779420670097425e+00
9.915000000000000924e+00,1.053144180105843652e+00
9.916000000000000369e+00,1.074280492614348770e+00
9.916999999999999815e+00,1.095180301628470909e+00
9.918000000000001037e+00,1.115835677090117439e+00
9.919000000000000483e+00,1.136238819499471031e+00
9.919999999999999929e+00,1.156382063887501310e+00
9.920999999999999375e+00,1.176257883708806018e+00
9.922000000000000597e+00,1.195858894653266224e+00
9.923000000000000043e+00,1.215177858373703401e+00
9.923999999999999488e+00,1.234207686128130810e+00
9.925000000000000711e+00,1.252941442333859845e+00
9.926000000000000156e+00,1.271372348031743593e+00
9.926999999999999602e+00,1.289493784258878728e+00
9.928000000000000824e+00,1.307299295327287281e+00
9.929000000000000270e+00,1.324782592007042847e+00
9.929999999999999716e+00,1.341937554612352645e+00
9.931000000000000938e+00,1.358758235988177354e+00
9.932000000000000384e+00,1.375238864396245653e+00
9.932999999999999829e+00,1.391373846298907813e+00
9.934000000000001052e+00,1.407157769038781980e+00
9.935000000000000497e+00,1.422585403413145322e+00
9.935999999999999943e+00,1.437651706141655161e+00
9.936999999999999389e+00,1.452351822225736555e+00
9.938000000000000611e+00,1.466681087198668187e+00
9.939000000000000057e+00,1.480635029264839586e+00
9.939999999999999503e+00,1.494209371327514857e+00
9.941000000000000725e+00,1.507400032903393416e+00
9.942000000000000171e+00,1.520203131923310469e+00
9.942999999999999616e+00,1.532614986418346703e+00
9.944000000000000838e+00,1.544632116089863061e+00
9.945000000000000284e+00,1.556251243763105085e+00
9.945999999999999730e+00,1.567469296723655869e+00
9.947000000000000952e+00,1.578283407935787253e+00
9.948000000000000398e+00,1.588690917142192571e+00
9.948999999999999844e+00,1.598689371844913554e+00
9.950000000000001066e+00,1.608276528166497465e+00
9.951000000000000512e+00,1.617450351591272595e+00
9.951999999999999957e+00,1.626209017586546901e+00
9.952999999999999403e+00,1.634550912103202691e+00
9.954000000000000625e+00,1.642474631955739062e+00
9.955000000000000071e+00,1.649978985081552718e+00
9.955999999999999517e+00,1.657062990679572856e+00
9.957000000000000739e+00,1.663725879228158844e+00
9.958000000000000185e+00,1.669967092382387275e+00
9.958999999999999631e+00,1.675786282751109857e+00
9.960000000000000853e+00,1.681183313553870962e+00
9.961000000000000298e+00,1.686158258158014567e+00
9.961999999999999744e+00,1.690711399496572565e+00
9.963000000000000966e+00,1.694843229367278603e+00
9.964000000000000412e+00,1.698554447613197960e+00
9.964999999999999858e+00,1.701845961185864287e+00
9.966000000000001080e+00,1.704718883091334014e+00
9.967000000000000526e+00,1.707174531220063463e+00
9.967999999999999972e+00,1.709214427061497732e+00
9.968999999999999417e+00,1.710840294304094122e+00
9.970000000000000639e+00,1.712054057321989120e+00
9.971000000000000085e+00,1.712857839549121852e+00
9.971999999999999531e+00,1.713253961742102538e+00
9.973000000000000753e+00,1.713244940132882643e+00
9.974000000000000199e+00,1.712833484472569001e+00
9.974999999999999645e+00,1.712022495967522318e+00
9.976000000000000867e+00,1.710815065109313693e+00
9.977000000000000313e+00,1.709214469399814806e+00
9.977999999999999758e+00,1.707224170973027144e+00
9.979000000000000981e+00,1.704847814115024285e+00
9.980000000000000426e+00,1.702089222683882630e+00
9.980999999999999872e+00,1.698952397431058747e+00
9.982000000000001094e+00,1.695441513225991681e+00
9.983000000000000540e+00,1.691560916185855135e+00
9.983999999999999986e+00,1.687315120712030714e+00
9.984999999999999432e+00,1.682708806435522231e+00
9.986000000000000654e+00,1.677746815072953979e+00
9.987000000000000099e+00,1.672434147195462906e+00
9.987999999999999545e+00,1.666775958912199540e+00
9.989000000000000767e+00,1.660777558470832638e+00
9.990000000000000213e+00,1.654444402777123013e+00
9.990999999999999659e+00,1.647782093835610473e+00
9.992000000000000881e+00,1.640796375113873884e+00
9.993000000000000327e+00,1.633493127832591263e+00
9.993999999999999773e+00,1.625878367183590800e+00
9.995000000000000995e+00,1.617958238478464761e+00
9.996000000000000441e+00,1.609739013230097715e+00
9.996999999999999886e+00,1.601227085169353748e+00
9.997999999999999332e+00,1.592428966199796125e+00
9.999000000000000554e+00,1.583351282292591478e+00
